









Frequency of observations in the selected location(s).:
Number of taxa: 	344

	Jan				Feb				Mar				Apr				May				Jun				Jul				Aug				Sep				Oct				Nov				Dec				
Sample Size:	189.0	145.0	138.0	237.0	128.0	148.0	189.0	198.0	130.0	112.0	127.0	169.0	134.0	142.0	299.0	261.0	113.0	116.0	81.0	116.0	94.0	131.0	118.0	113.0	155.0	243.0	283.0	313.0	187.0	194.0	147.0	307.0	191.0	127.0	135.0	162.0	114.0	182.0	145.0	187.0	140.0	163.0	160.0	211.0	129.0	138.0	137.0	190.0	

Snow Goose (<em class="sci">Anser caerulescens</em>)	0.6349206	0.6068966	0.6449275	0.5274262	0.4296875	0.4189189	0.3703704	0.3333333	0.2692308	0.25	0.2362205	0.2071006	0.0746269	0.056338	0.0602007	0.0498084	0.0530973	0.0258621	0.0	0.0258621	0.0	0.0	0.0084746	0.0265487	0.0129032	0.0082305	0.0106007	0.0063898	0.0106952	0.0309278	0.0612245	0.0553746	0.1727749	0.0708661	0.0518519	0.0987654	0.1140351	0.1153846	0.1172414	0.2673797	0.2642857	0.4110429	0.4	0.535545	0.6046512	0.6376812	0.620438	0.6473684	
Ross's Goose (<em class="sci">Anser rossii</em>)	0.1375661	0.1241379	0.1956522	0.1265823	0.1015625	0.0608108	0.0634921	0.0808081	0.0615385	0.0535714	0.0787402	0.0236686	0.0149254	0.0	0.0033445	0.0038314	0.0	0.0	0.0	0.0	0.0	0.0	0.0	0.0	0.0	0.0	0.0	0.0	0.0	0.0	0.0	0.0	0.0	0.0	0.0	0.0	0.0	0.0054945	0.0068966	0.0588235	0.0571429	0.0920245	0.14375	0.1848341	0.1860465	0.1014493	0.1751825	0.1526316	
Snow/Ross's Goose (<em class="sci">Anser caerulescens/rossii</em>)	0.021164	0.0	0.0072464	0.0015	0.015625	0.0	0.026455	0.0151515	0.0153846	0.0	0.015748	0.0	0.0	0.0	0.0	0.0	0.0	0.0086207	0.0	0.0	0.0	0.0	0.0	0.0	0.0	0.0	0.0	0.0	0.0	0.0	0.0	0.0	0.0	0.0	0.0074074	0.0	0.0	0.0	0.0	0.0160428	0.0071429	0.0122699	0.0125	0.0	0.0155039	0.0072464	0.0072993	0.0263158	
Greater White-fronted Goose (<em class="sci">Anser albifrons</em>)	0.6243386	0.6482759	0.6811594	0.6118143	0.5	0.5675676	0.5343915	0.5757576	0.4461538	0.4821429	0.4724409	0.5088757	0.4850746	0.5140845	0.4147157	0.210728	0.079646	0.0603448	0.037037	0.0	0.0	0.0152672	0.0169492	0.0088496	0.0193548	0.0329218	0.0212014	0.0	0.0	0.0	0.0	0.0032573	0.0	0.015748	0.1703704	0.3765432	0.5087719	0.4285714	0.4896552	0.4278075	0.4214286	0.4969325	0.425	0.6208531	0.6744186	0.6304348	0.6569343	0.6368421	
Cackling Goose (<em class="sci">Branta hutchinsii</em>)	0.026455	0.0137931	0.0652174	0.0337553	0.0390625	0.0405405	0.015873	0.020202	0.0230769	0.0	0.007874	0.0118343	0.0	0.0	0.0100334	0.0	0.0	0.0	0.0	0.0086207	0.0	0.0	0.0	0.0176991	0.0064516	0.0	0.0070671	0.0	0.0	0.0051546	0.0	0.0260586	0.0837696	0.0314961	0.0148148	0.0308642	0.0350877	0.032967	0.0275862	0.0962567	0.1142857	0.0429448	0.0625	0.0995261	0.124031	0.0362319	0.0875912	0.0684211	
Canada Goose (<em class="sci">Branta canadensis</em>)	0.1851852	0.2413793	0.2826087	0.2320675	0.2578125	0.2702703	0.2698413	0.3282828	0.3384615	0.4017857	0.4409449	0.4674556	0.5298507	0.5704225	0.5284281	0.532567	0.4424779	0.4051724	0.308642	0.2327586	0.1808511	0.1603053	0.1101695	0.1238938	0.2516129	0.090535	0.1378092	0.1661342	0.144385	0.1546392	0.1904762	0.2214984	0.2198953	0.2755906	0.3333333	0.4691358	0.2807018	0.2967033	0.1724138	0.2352941	0.2214286	0.1840491	0.16875	0.2180095	0.1627907	0.2101449	0.1824818	0.2526316	
Domestic goose sp. x Canada Goose (hybrid) (<em class="sci">Anser sp. (Domestic type) x Branta canadensis</em>)	0.0	0.0	0.0	0.0	0.0	0.0	0.0	0.0	0.0	0.0	0.0	0.0	0.0	0.0	0.0	0.0	0.0	0.0	0.0	0.0	0.0	0.0	0.0	0.0	0.0	0.0	0.0	0.0	0.0	0.0	0.0	0.0	0.0	0.0	0.0	0.0061728	0.0	0.0	0.0	0.0	0.0	0.0	0.0	0.0	0.0	0.0	0.0	0.0	
Cackling/Canada Goose (<em class="sci">Branta hutchinsii/canadensis</em>)	0.005291	0.0	0.0	0.0	0.0078125	0.0	0.0015	0.010101	0.0	0.0	0.007874	0.0	0.0	0.0070423	0.0	0.0015	0.0	0.0	0.0	0.0	0.0	0.0	0.0	0.0	0.0	0.0	0.0	0.0	0.0	0.0	0.0	0.0	0.0	0.0	0.0	0.0	0.0087719	0.0	0.0	0.0053476	0.0	0.0	0.0	0.0094787	0.0	0.0	0.0	0.0052632	
Mute Swan (<em class="sci">Cygnus olor</em>)	0.0	0.0015	0.0	0.0	0.0	0.0067568	0.010582	0.010101	0.0615385	0.0	0.007874	0.0	0.0223881	0.0422535	0.0	0.0076628	0.0265487	0.0603448	0.0	0.0258621	0.0106383	0.0	0.0	0.0	0.0	0.0	0.0	0.0	0.0	0.0	0.0	0.0	0.0	0.0	0.0	0.0	0.0	0.021978	0.0	0.0	0.0071429	0.0	0.00625	0.0	0.0	0.0	0.0	0.0	
Black Swan (<em class="sci">Cygnus atratus</em>)	0.0	0.0	0.0	0.0042194	0.0	0.0	0.0	0.0	0.0	0.0	0.0	0.0	0.0	0.0	0.0	0.0	0.0	0.0	0.0	0.0	0.0	0.0	0.0	0.0	0.0	0.0	0.0	0.0	0.0	0.0	0.0	0.0	0.0	0.0	0.0	0.0	0.0	0.0	0.0	0.0	0.0	0.0	0.0	0.0	0.0	0.0	0.0	0.0	
Tundra Swan (<em class="sci">Cygnus columbianus</em>)	0.5291005	0.5172414	0.4057971	0.3797468	0.2890625	0.2094595	0.0952381	0.0454545	0.0230769	0.0267857	0.0	0.0	0.0074627	0.0070423	0.0	0.0	0.0	0.0015	0.0	0.0	0.0	0.0	0.0	0.0	0.0064516	0.0	0.0035336	0.0	0.0	0.0	0.0	0.0	0.0	0.0	0.0	0.0	0.0	0.0	0.0068966	0.0160428	0.0428571	0.2269939	0.29375	0.436019	0.5116279	0.4855072	0.5547445	0.5947368	
Trumpeter/Tundra Swan (<em class="sci">Cygnus buccinator/columbianus</em>)	0.0	0.0	0.0072464	0.0	0.0	0.0	0.0	0.0	0.0	0.0	0.0	0.0	0.0	0.0	0.0	0.0	0.0	0.0	0.0	0.0	0.0	0.0	0.0	0.0	0.0	0.0	0.0	0.0	0.0	0.0	0.0	0.0	0.0	0.0	0.0	0.0	0.0	0.0	0.0	0.0	0.0	0.0	0.0	0.0	0.0	0.0	0.0	0.0	
goose sp. (<em class="sci">Anatidae (goose sp.)</em>)	0.0	0.0	0.0	0.0	0.0	0.0	0.0	0.0	0.0	0.0	0.0	0.0	0.0	0.0	0.0	0.0	0.0	0.0	0.0	0.0	0.0	0.0	0.0	0.0088496	0.0	0.0	0.0	0.0	0.0	0.0	0.0	0.0	0.0	0.0	0.0	0.0	0.0	0.0	0.0015	0.0	0.0	0.0	0.00625	0.0047393	0.0	0.0	0.0	0.0	
Egyptian Goose (<em class="sci">Alopochen aegyptiaca</em>)	0.0	0.0	0.0	0.0	0.0	0.0	0.0	0.0	0.0	0.0	0.0	0.0	0.0	0.0	0.0	0.0	0.0	0.0	0.0	0.0	0.0	0.0	0.0	0.0088496	0.0	0.0164609	0.0777385	0.0383387	0.026738	0.0309278	0.0952381	0.0358306	0.2041885	0.0787402	0.0518519	0.0185185	0.0087719	0.0054945	0.0137931	0.0015	0.0	0.0	0.0	0.0	0.0	0.0	0.0	0.0	
Wood Duck (<em class="sci">Aix sponsa</em>)	0.010582	0.0068966	0.0144928	0.0042194	0.015625	0.0472973	0.010582	0.0050505	0.0076923	0.0267857	0.015748	0.0414201	0.0223881	0.028169	0.0334448	0.0689655	0.0707965	0.137931	0.1358025	0.1293103	0.0744681	0.0992366	0.1271186	0.1238938	0.083871	0.0493827	0.0706714	0.0383387	0.0106952	0.0670103	0.0272109	0.0390879	0.026178	0.0314961	0.0666667	0.0308642	0.0175439	0.0054945	0.0	0.0213904	0.0	0.006135	0.0	0.0094787	0.0155039	0.0217391	0.0072993	0.0052632	
Blue-winged Teal (<em class="sci">Spatula discors</em>)	0.1375661	0.1586207	0.1884058	0.1772152	0.203125	0.1081081	0.0740741	0.0909091	0.1461538	0.1607143	0.1968504	0.2485207	0.238806	0.2535211	0.1638796	0.164751	0.0530973	0.0086207	0.0740741	0.0344828	0.0957447	0.0839695	0.059322	0.0973451	0.0580645	0.0452675	0.024735	0.0255591	0.0320856	0.0103093	0.0	0.009772	0.0209424	0.0314961	0.0296296	0.0308642	0.0701754	0.043956	0.062069	0.0962567	0.1142857	0.1411043	0.15625	0.1184834	0.1472868	0.1449275	0.1240876	0.1052632	
Cinnamon Teal (<em class="sci">Spatula cyanoptera</em>)	0.8888889	0.8551724	0.9057971	0.8227848	0.8671875	0.8445946	0.7671958	0.8131313	0.8692308	0.8571429	0.8346457	0.8934911	0.880597	0.8943662	0.7859532	0.8237548	0.6725664	0.6982759	0.617284	0.4827586	0.5957447	0.5343511	0.5932203	0.460177	0.3935484	0.4156379	0.254417	0.2076677	0.2513369	0.2164948	0.3265306	0.2117264	0.1780105	0.3385827	0.3555556	0.4197531	0.5350877	0.5549451	0.6068966	0.7058824	0.7285714	0.7852761	0.84375	0.8436019	0.875969	0.826087	0.9051095	0.8526316	
Blue-winged x Cinnamon Teal (hybrid) (<em class="sci">Spatula discors x cyanoptera</em>)	0.005291	0.0	0.0	0.0	0.015625	0.0	0.0	0.010101	0.0153846	0.0	0.007874	0.0059172	0.0	0.0	0.0033445	0.0	0.0	0.0	0.0	0.0	0.0	0.0	0.0	0.0	0.0	0.0	0.0	0.0	0.0	0.0	0.0	0.0	0.0	0.0	0.0	0.0	0.0	0.0	0.0	0.0	0.0	0.0	0.0	0.0	0.0	0.0	0.0	0.0052632	
Blue-winged/Cinnamon Teal (<em class="sci">Spatula discors/cyanoptera</em>)	0.0	0.0	0.0	0.0	0.0	0.0	0.0	0.0	0.0	0.0	0.0	0.0	0.0	0.0	0.0	0.0	0.0	0.0	0.0	0.0	0.0	0.0	0.0	0.0088496	0.0	0.0	0.0	0.0031949	0.0	0.0051546	0.0	0.0	0.0	0.0	0.0	0.0	0.0	0.0	0.0	0.0	0.0	0.0	0.0	0.0	0.0	0.0	0.0	0.0	
Northern Shoveler (<em class="sci">Spatula clypeata</em>)	0.984127	0.9034483	0.9782609	0.92827	0.9453125	0.9391892	0.9153439	0.9545455	0.9230769	0.9107143	0.9448819	0.9585799	0.8955224	0.9225352	0.8595318	0.7662835	0.5840708	0.25	0.308642	0.1982759	0.3510638	0.2366412	0.1525424	0.0707965	0.0967742	0.0823045	0.0600707	0.0479233	0.0855615	0.1752577	0.4013605	0.3159609	0.3717277	0.4015748	0.6074074	0.5802469	0.7192982	0.8351648	0.8275862	0.8502674	0.8571429	0.8773006	0.88125	0.9526066	0.9224806	0.8985507	0.9562044	0.9052632	
Blue-winged Teal x Northern Shoveler (hybrid) (<em class="sci">Spatula discors x clypeata</em>)	0.0	0.0068966	0.0	0.0	0.0	0.0	0.0	0.0	0.0	0.0	0.0	0.0	0.0	0.0	0.0	0.0	0.0	0.0	0.0	0.0	0.0	0.0	0.0	0.0	0.0	0.0	0.0	0.0	0.0	0.0	0.0	0.0	0.0	0.0	0.0	0.0	0.0	0.0	0.0	0.0	0.0	0.0	0.0	0.0015	0.0	0.0	0.0015	0.0	
Cinnamon Teal x Northern Shoveler (hybrid) (<em class="sci">Spatula cyanoptera x clypeata</em>)	0.0	0.0	0.0	0.0	0.0	0.0	0.0	0.0	0.0	0.0	0.0	0.0	0.0	0.0	0.0	0.0	0.0	0.0	0.0	0.0	0.0	0.0	0.0	0.0	0.0	0.0	0.0	0.0	0.0	0.0	0.0	0.0	0.0	0.0	0.0	0.0	0.0	0.0	0.0	0.0	0.0	0.0	0.0	0.0	0.0	0.0	0.0015	0.0	
Gadwall (<em class="sci">Mareca strepera</em>)	0.8042328	0.7517241	0.8188406	0.7383966	0.7734375	0.7635135	0.7195767	0.7474747	0.8153846	0.8035714	0.7874016	0.8284024	0.7761194	0.7746479	0.7123746	0.7854406	0.6725664	0.6724138	0.617284	0.5344828	0.6489362	0.5954198	0.6271186	0.6283186	0.4451613	0.2880658	0.2120141	0.2204473	0.1871658	0.185567	0.292517	0.2442997	0.2146597	0.3307087	0.4074074	0.4320988	0.6140351	0.6373626	0.6344828	0.6256684	0.6357143	0.7177914	0.65625	0.7393365	0.751938	0.7753623	0.810219	0.6578947	
Northern Shoveler x Gadwall (hybrid) (<em class="sci">Spatula clypeata x Mareca strepera</em>)	0.0	0.0068966	0.0072464	0.0	0.0	0.0	0.0	0.0	0.0	0.0	0.0	0.0	0.0	0.0	0.0	0.0	0.0	0.0	0.0	0.0	0.0	0.0	0.0	0.0	0.0	0.0	0.0	0.0	0.0	0.0	0.0	0.0	0.0	0.0	0.0	0.0	0.0	0.0	0.0	0.0	0.0	0.0	0.0	0.0	0.0	0.0	0.0	0.0	
Eurasian Wigeon (<em class="sci">Mareca penelope</em>)	0.0740741	0.1103448	0.1304348	0.0548523	0.078125	0.0540541	0.0846561	0.0656566	0.0923077	0.0178571	0.0708661	0.0295858	0.0149254	0.0140845	0.0234114	0.0268199	0.0	0.0	0.0	0.0	0.0	0.0	0.0	0.0	0.0	0.0	0.0	0.0	0.0	0.0	0.0	0.0	0.0052356	0.007874	0.0	0.0	0.0	0.0	0.0068966	0.0213904	0.0071429	0.0	0.025	0.0047393	0.0232558	0.0144928	0.0875912	0.0526316	
American Wigeon (<em class="sci">Mareca americana</em>)	0.7407407	0.7172414	0.8188406	0.742616	0.7578125	0.7972973	0.7407407	0.7929293	0.7769231	0.7857143	0.7244094	0.7455621	0.6791045	0.6126761	0.3344482	0.2835249	0.1150442	0.1206897	0.0617284	0.0086207	0.0212766	0.0458015	0.0254237	0.0442478	0.0322581	0.0082305	0.0070671	0.0	0.0053476	0.0	0.0136054	0.0162866	0.026178	0.0551181	0.2	0.2469136	0.2368421	0.2747253	0.3310345	0.3315508	0.45	0.4478528	0.4875	0.5118483	0.6046512	0.6666667	0.6788321	0.6842105	
Eurasian x American Wigeon (hybrid) (<em class="sci">Mareca penelope x americana</em>)	0.0	0.0	0.0217391	0.0042194	0.0078125	0.0067568	0.0	0.0050505	0.0	0.0	0.0	0.0	0.0	0.0	0.0	0.0	0.0	0.0	0.0	0.0	0.0	0.0	0.0	0.0	0.0	0.0	0.0	0.0	0.0	0.0	0.0	0.0	0.0	0.0	0.0	0.0	0.0	0.0	0.0	0.0	0.0	0.0	0.0	0.0	0.0077519	0.0072464	0.0015	0.0052632	
Mallard (<em class="sci">Anas platyrhynchos</em>)	0.8042328	0.7586207	0.8913043	0.7679325	0.8125	0.8175676	0.7830688	0.8131313	0.8846154	0.875	0.8897638	0.9349112	0.9328358	0.9295775	0.8896321	0.954023	0.9026549	0.9224138	0.9135802	0.8103448	0.9042553	0.8396947	0.7627119	0.7699115	0.7354839	0.7160494	0.6890459	0.6325879	0.6470588	0.5618557	0.6530612	0.5407166	0.5759162	0.6456693	0.6	0.5987654	0.7631579	0.8406593	0.8275862	0.802139	0.8	0.8466258	0.7625	0.8436019	0.875969	0.8188406	0.8394161	0.7526316	
Northern Pintail (<em class="sci">Anas acuta</em>)	0.973545	0.8896552	0.9710145	0.9198312	0.921875	0.9324324	0.8941799	0.9242424	0.8923077	0.8214286	0.7952756	0.6272189	0.4179104	0.471831	0.361204	0.2988506	0.1681416	0.1034483	0.1111111	0.0948276	0.0957447	0.1068702	0.1440678	0.1946903	0.1677419	0.0576132	0.0600707	0.0383387	0.0427807	0.0927835	0.2176871	0.1661238	0.2146597	0.4173228	0.5555556	0.5308642	0.5526316	0.5714286	0.662069	0.7112299	0.7428571	0.7668712	0.8375	0.9241706	0.8992248	0.8913043	0.9270073	0.9105263	
Green-winged Teal (<em class="sci">Anas crecca</em>)	0.8412698	0.7586207	0.8623188	0.7088608	0.8125	0.7905405	0.7619048	0.8131313	0.7923077	0.8482143	0.8188976	0.8579882	0.7686567	0.8098592	0.6254181	0.4750958	0.0973451	0.0603448	0.0864198	0.0689655	0.0851064	0.0458015	0.0677966	0.0353982	0.0322581	0.0082305	0.0176678	0.0191693	0.0534759	0.1082474	0.2244898	0.1758958	0.2041885	0.2125984	0.3481481	0.308642	0.3684211	0.4065934	0.3862069	0.4652406	0.5357143	0.6503067	0.65625	0.7109005	0.7364341	0.7463768	0.7883212	0.7052632	
teal sp. (<em class="sci">Anatidae sp. (teal sp.)</em>)	0.0	0.0	0.0	0.0	0.0	0.0	0.0	0.0050505	0.0	0.0	0.0	0.0	0.0	0.0	0.0	0.0	0.0	0.0	0.0	0.0	0.0106383	0.0	0.0	0.0	0.0	0.0041152	0.0	0.0031949	0.0	0.0	0.0	0.0	0.0	0.007874	0.0	0.0	0.0	0.0	0.0	0.0	0.0	0.0	0.0	0.0	0.0	0.0	0.0	0.0	
dabbling duck sp. (<em class="sci">Anatidae sp. (dabbling duck sp.)</em>)	0.0	0.0	0.0	0.0	0.0	0.0	0.0	0.0	0.0	0.0	0.0	0.0	0.0	0.0	0.0	0.0	0.0	0.0	0.0	0.0	0.0	0.0	0.0	0.0	0.0	0.0	0.0	0.0	0.0	0.0	0.0	0.0065147	0.0052356	0.0	0.0	0.0	0.0	0.0	0.0	0.0	0.0	0.0	0.0	0.0	0.0	0.0	0.0	0.0	
Canvasback (<em class="sci">Aythya valisineria</em>)	0.1693122	0.2	0.2753623	0.3122363	0.2265625	0.3310811	0.3650794	0.3333333	0.1384615	0.1517857	0.1181102	0.0118343	0.0597015	0.0352113	0.006689	0.0114943	0.0176991	0.0086207	0.0493827	0.0172414	0.0212766	0.0229008	0.0169492	0.0442478	0.0064516	0.0	0.0	0.0	0.0	0.0051546	0.0068027	0.0	0.0	0.0	0.0	0.0123457	0.0087719	0.0054945	0.0344828	0.0534759	0.05	0.1165644	0.05625	0.1279621	0.1937984	0.1666667	0.1021898	0.1105263	
Redhead (<em class="sci">Aythya americana</em>)	0.015873	0.0137931	0.0507246	0.0253165	0.0	0.0608108	0.0634921	0.0505051	0.0076923	0.0089286	0.007874	0.0177515	0.0	0.0070423	0.0	0.0015	0.0	0.0015	0.0	0.0	0.0	0.0152672	0.0084746	0.0	0.0064516	0.0	0.0	0.0	0.0	0.0	0.0	0.0	0.0	0.0	0.0	0.0	0.0263158	0.0	0.0068966	0.0320856	0.0	0.006135	0.00625	0.0094787	0.0077519	0.0072464	0.0218978	0.0210526	
Ring-necked Duck (<em class="sci">Aythya collaris</em>)	0.047619	0.0551724	0.1304348	0.1518987	0.15625	0.1756757	0.2275132	0.2626263	0.2538462	0.2410714	0.2362205	0.2307692	0.119403	0.0774648	0.0200669	0.0229885	0.0088496	0.0086207	0.0246914	0.0	0.0	0.0	0.0	0.0	0.0	0.0	0.0	0.0	0.0	0.0	0.0	0.0	0.0052356	0.0	0.0074074	0.0061728	0.0263158	0.010989	0.0137931	0.026738	0.0428571	0.0490798	0.025	0.056872	0.0930233	0.0507246	0.0948905	0.0315789	
Greater Scaup (<em class="sci">Aythya marila</em>)	0.015873	0.0206897	0.0217391	0.0084388	0.015625	0.0135135	0.031746	0.0454545	0.0153846	0.0089286	0.0015	0.0	0.0	0.0	0.0	0.0	0.0	0.0	0.0	0.0	0.0	0.0	0.0	0.0	0.0	0.0	0.0	0.0	0.0	0.0	0.0	0.0	0.0	0.0	0.0	0.0015	0.0	0.0	0.0	0.0	0.0	0.0	0.0	0.0047393	0.0	0.0217391	0.0015	0.0	
Lesser Scaup (<em class="sci">Aythya affinis</em>)	0.0899471	0.137931	0.173913	0.2320675	0.25	0.1756757	0.2486772	0.2474747	0.2153846	0.1875	0.1181102	0.0532544	0.0223881	0.0211268	0.0167224	0.0229885	0.0	0.0015	0.0246914	0.0172414	0.0	0.0	0.0	0.0	0.0	0.0	0.0	0.0	0.0	0.0	0.0	0.0	0.0	0.0	0.0	0.0061728	0.0	0.0	0.0	0.0213904	0.0	0.0184049	0.0125	0.0521327	0.0697674	0.0217391	0.0364964	0.0421053	
Greater/Lesser Scaup (<em class="sci">Aythya marila/affinis</em>)	0.0	0.0344828	0.0144928	0.021097	0.0078125	0.0	0.021164	0.0015	0.0	0.0089286	0.0393701	0.0059172	0.0	0.0	0.0	0.0076628	0.0	0.0	0.0	0.0	0.0	0.0	0.0	0.0	0.0	0.0	0.0	0.0	0.0053476	0.0	0.0	0.0	0.0	0.0	0.0074074	0.0	0.0	0.0	0.0	0.0	0.0071429	0.0	0.0	0.0094787	0.0	0.0	0.0	0.0052632	
Harlequin Duck (<em class="sci">Histrionicus histrionicus</em>)	0.0	0.0	0.0	0.0015	0.0	0.0	0.0	0.0	0.0	0.0	0.0	0.0	0.0	0.0	0.0	0.0	0.0	0.0	0.0	0.0	0.0	0.0	0.0	0.0	0.0	0.0	0.0	0.0	0.0	0.0	0.0	0.0	0.0	0.0	0.0	0.0	0.0	0.0	0.0	0.0	0.0	0.0	0.0	0.0	0.0	0.0	0.0	0.0	
Black Scoter (<em class="sci">Melanitta americana</em>)	0.0	0.0	0.0	0.0	0.0	0.0	0.0	0.0	0.0	0.0	0.0	0.0	0.0	0.0	0.0	0.0	0.0	0.0	0.0	0.0	0.0	0.0	0.0	0.0	0.0	0.0	0.0	0.0	0.0	0.0	0.0	0.0	0.0	0.0	0.0	0.0	0.0	0.0	0.0	0.0	0.0	0.0	0.0	0.0663507	0.0	0.0	0.0	0.0	
Long-tailed Duck (<em class="sci">Clangula hyemalis</em>)	0.0	0.0	0.0	0.0	0.0	0.0	0.0	0.0	0.0	0.0	0.0	0.0	0.0	0.0	0.0	0.0	0.0	0.0	0.0	0.0	0.0	0.0	0.0	0.0	0.0	0.0	0.0	0.0	0.0	0.0	0.0	0.0	0.0	0.0	0.0	0.0	0.0	0.0	0.0	0.0	0.0	0.0	0.0	0.0	0.0015	0.0217391	0.0145985	0.0	
Bufflehead (<em class="sci">Bucephala albeola</em>)	0.5502646	0.5586207	0.6594203	0.6160338	0.640625	0.6486486	0.5555556	0.540404	0.4923077	0.3035714	0.1811024	0.112426	0.0746269	0.0140845	0.0234114	0.0344828	0.0088496	0.0172414	0.0	0.0	0.0106383	0.0076336	0.0254237	0.0	0.0	0.0	0.0	0.0	0.0	0.0154639	0.0	0.0032573	0.0	0.0	0.0074074	0.0061728	0.0	0.0	0.0068966	0.0374332	0.1071429	0.2147239	0.225	0.3838863	0.4418605	0.3985507	0.5255474	0.5210526	
Common Goldeneye (<em class="sci">Bucephala clangula</em>)	0.1957672	0.3586207	0.2898551	0.2953586	0.3046875	0.2364865	0.2275132	0.2222222	0.1230769	0.1071429	0.0393701	0.0532544	0.0074627	0.0140845	0.0033445	0.0	0.0442478	0.0	0.0123457	0.0	0.0	0.0152672	0.0932203	0.0530973	0.0	0.0	0.0	0.0	0.0	0.0	0.0	0.0032573	0.0	0.0	0.0	0.0	0.0	0.0	0.0	0.0106952	0.0	0.0184049	0.06875	0.1990521	0.1860465	0.1811594	0.1824818	0.1578947	
Bufflehead x Common Goldeneye (hybrid) (<em class="sci">Bucephala albeola x clangula</em>)	0.0	0.0	0.0	0.0	0.0	0.0	0.0	0.0	0.0	0.0	0.0	0.0	0.0	0.0	0.0	0.0	0.0	0.0	0.0	0.0	0.0	0.0	0.0	0.0	0.0	0.0	0.0	0.0	0.0	0.0	0.0	0.0	0.0	0.0	0.0	0.0	0.0	0.0	0.0	0.0	0.0	0.0	0.0	0.0	0.0	0.0072464	0.0	0.0	
Barrow's Goldeneye (<em class="sci">Bucephala islandica</em>)	0.0	0.0	0.0144928	0.0	0.0	0.0067568	0.005291	0.0	0.0	0.0	0.0	0.0	0.0	0.0	0.0	0.0	0.0	0.0	0.0	0.0	0.0	0.0	0.0	0.0	0.0	0.0	0.0	0.0	0.0	0.0	0.0	0.0	0.0	0.0	0.0	0.0	0.0	0.0	0.0	0.0	0.0	0.006135	0.0	0.0	0.0232558	0.0	0.0	0.0052632	
Hooded Merganser (<em class="sci">Lophodytes cucullatus</em>)	0.0	0.0	0.0	0.0168776	0.0	0.0135135	0.010582	0.030303	0.0153846	0.0	0.007874	0.0118343	0.0149254	0.0070423	0.0033445	0.0038314	0.0	0.0	0.0	0.0	0.0	0.0	0.0	0.0	0.0	0.0	0.0	0.0	0.0053476	0.0	0.0	0.0	0.0	0.0	0.0	0.0061728	0.0	0.0	0.0	0.0106952	0.0071429	0.0368098	0.025	0.0094787	0.0232558	0.0144928	0.0145985	0.0	
Common Merganser (<em class="sci">Mergus merganser</em>)	0.005291	0.0	0.0072464	0.0	0.0234375	0.0202703	0.015873	0.0050505	0.0153846	0.0178571	0.0	0.0177515	0.0149254	0.0	0.0033445	0.0	0.0	0.0	0.0	0.0	0.0	0.0	0.0169492	0.0	0.0	0.0	0.0	0.0	0.0	0.0051546	0.0	0.0032573	0.0	0.0	0.0	0.0	0.0	0.010989	0.0	0.0053476	0.0	0.0	0.0	0.0	0.0	0.0072464	0.0072993	0.0052632	
Common/Red-breasted Merganser (<em class="sci">Mergus merganser/serrator</em>)	0.005291	0.0	0.0	0.0	0.0	0.0	0.0	0.0	0.0	0.0	0.0	0.0	0.0	0.0	0.0	0.0	0.0	0.0	0.0	0.0	0.0	0.0	0.0	0.0	0.0	0.0	0.0	0.0	0.0	0.0	0.0	0.0	0.0	0.0	0.0	0.0	0.0	0.0	0.0	0.0	0.0	0.0	0.0	0.0	0.0	0.0	0.0	0.0	
merganser sp. (<em class="sci">Mergellus/Lophodytes/Mergus sp.</em>)	0.0	0.0	0.0	0.0	0.0	0.0	0.0	0.0	0.0	0.0	0.0	0.0	0.0	0.0	0.0	0.0	0.0	0.0	0.0	0.0	0.0	0.0	0.0	0.0	0.0	0.0	0.0035336	0.0	0.0	0.0	0.0	0.0	0.0	0.0	0.0	0.0	0.0	0.0	0.0	0.0	0.0	0.0	0.0	0.0	0.0	0.0	0.0	0.0	
Ruddy Duck (<em class="sci">Oxyura jamaicensis</em>)	0.3703704	0.3655172	0.5942029	0.5864979	0.6640625	0.6891892	0.6243386	0.6818182	0.6846154	0.5625	0.4251969	0.3964497	0.2686567	0.1126761	0.1237458	0.1417625	0.0619469	0.0517241	0.0617284	0.0689655	0.1276596	0.1374046	0.0762712	0.1061947	0.0709677	0.1069959	0.0848057	0.0415335	0.0641711	0.0206186	0.047619	0.0390879	0.0104712	0.0629921	0.0148148	0.0432099	0.0526316	0.043956	0.0413793	0.0802139	0.0214286	0.0490798	0.13125	0.1421801	0.1550388	0.2028986	0.2262774	0.2789474	
duck sp. (<em class="sci">Anatidae (duck sp.)</em>)	0.026455	0.0137931	0.0217391	0.0295359	0.015625	0.0202703	0.031746	0.010101	0.0384615	0.0357143	0.0	0.0	0.0223881	0.0140845	0.006689	0.0076628	0.0088496	0.0086207	0.0	0.0086207	0.0106383	0.0305344	0.0169492	0.0176991	0.0967742	0.037037	0.0318021	0.0255591	0.0641711	0.056701	0.0680272	0.1140065	0.1204188	0.1574803	0.1037037	0.0493827	0.0789474	0.0494505	0.1103448	0.0320856	0.05	0.0245399	0.0125	0.042654	0.0310078	0.0289855	0.0437956	0.0210526	
California Quail (<em class="sci">Callipepla californica</em>)	0.005291	0.0068966	0.0144928	0.0042194	0.015625	0.0135135	0.005291	0.0	0.0	0.0	0.007874	0.0059172	0.0223881	0.0	0.0	0.0153257	0.0176991	0.0086207	0.0123457	0.0258621	0.0	0.0	0.0169492	0.0176991	0.0193548	0.0205761	0.0070671	0.0031949	0.0106952	0.0103093	0.0136054	0.0032573	0.0	0.007874	0.0074074	0.0	0.0175439	0.0164835	0.0068966	0.0106952	0.0	0.0	0.00625	0.0	0.0077519	0.0072464	0.0	0.0052632	
Wild Turkey (<em class="sci">Meleagris gallopavo</em>)	0.0	0.0068966	0.0	0.0084388	0.0	0.0	0.005291	0.010101	0.0076923	0.0089286	0.007874	0.1005917	0.0671642	0.056338	0.0234114	0.045977	0.0265487	0.0948276	0.0987654	0.0948276	0.0531915	0.0229008	0.0338983	0.0442478	0.0258065	0.0	0.0070671	0.0127796	0.0160428	0.0051546	0.0	0.009772	0.0015	0.007874	0.0148148	0.0	0.0175439	0.010989	0.0	0.0106952	0.0071429	0.0122699	0.0	0.0	0.0	0.0	0.0	0.0052632	
Ring-necked Pheasant (<em class="sci">Phasianus colchicus</em>)	0.1693122	0.1586207	0.1956522	0.1940928	0.2734375	0.2635135	0.1851852	0.2525253	0.3538462	0.4285714	0.480315	0.6627219	0.6268657	0.6760563	0.6722408	0.6475096	0.5486726	0.7413793	0.7037037	0.5517241	0.6170213	0.6946565	0.5762712	0.6283186	0.483871	0.3786008	0.4028269	0.2939297	0.3796791	0.4020619	0.4013605	0.3583062	0.3403141	0.4015748	0.3555556	0.3209877	0.3684211	0.2692308	0.2758621	0.2673797	0.2928571	0.2392638	0.21875	0.2606635	0.2945736	0.2028986	0.2481752	0.2473684	
Indian Peafowl (<em class="sci">Pavo cristatus</em>)	0.0	0.0	0.0	0.0	0.0	0.0	0.0	0.0	0.0	0.0	0.0	0.0	0.0	0.0	0.0	0.0	0.0	0.0	0.0	0.0	0.0	0.0	0.0	0.0088496	0.0	0.0	0.0	0.0	0.0	0.0	0.0	0.0	0.0	0.0	0.0	0.0	0.0	0.0	0.0	0.0	0.0	0.0	0.0	0.0	0.0	0.0	0.0	0.0	
Rock Pigeon (<em class="sci">Columba livia</em>)	0.6031746	0.5448276	0.5289855	0.5189873	0.6015625	0.5810811	0.6084656	0.5959596	0.6615385	0.5803571	0.6692913	0.6923077	0.6716418	0.6267606	0.5585284	0.6091954	0.5663717	0.5948276	0.5308642	0.5948276	0.5425532	0.5954198	0.5338983	0.6283186	0.6451613	0.5925926	0.5865724	0.5878594	0.5508021	0.5257732	0.5714286	0.4495114	0.4973822	0.488189	0.5555556	0.4814815	0.5701754	0.5769231	0.6206897	0.5347594	0.6	0.5398773	0.48125	0.5829384	0.5426357	0.5217391	0.6058394	0.5210526	
Band-tailed Pigeon (<em class="sci">Patagioenas fasciata</em>)	0.0	0.0	0.0072464	0.0	0.0	0.0	0.0	0.0	0.0	0.0	0.0	0.0059172	0.0	0.0	0.0	0.0	0.0	0.0086207	0.0	0.0	0.0	0.0	0.0	0.0	0.0	0.0	0.0	0.0	0.0	0.0	0.0	0.0	0.0	0.0	0.0	0.0	0.0	0.0015	0.0	0.0	0.0	0.0	0.0	0.0	0.0155039	0.0	0.0	0.0	
Eurasian Collared-Dove (<em class="sci">Streptopelia decaocto</em>)	0.005291	0.0068966	0.0217391	0.0126582	0.0390625	0.0135135	0.015873	0.0252525	0.0153846	0.0446429	0.023622	0.035503	0.0223881	0.0422535	0.0200669	0.0383142	0.0707965	0.0603448	0.0617284	0.0603448	0.1170213	0.0839695	0.059322	0.1327434	0.0645161	0.0576132	0.04947	0.057508	0.0053476	0.0257732	0.0340136	0.0488599	0.026178	0.0472441	0.0074074	0.0555556	0.0350877	0.021978	0.0068966	0.0160428	0.0285714	0.006135	0.0	0.0047393	0.0077519	0.0144928	0.0291971	0.0105263	
Mourning Dove (<em class="sci">Zenaida macroura</em>)	0.2380952	0.2137931	0.2463768	0.1940928	0.2265625	0.277027	0.2380952	0.3383838	0.3615385	0.4017857	0.4488189	0.5680473	0.5149254	0.6056338	0.5886288	0.6704981	0.7699115	0.7241379	0.7901235	0.6724138	0.8085106	0.7862595	0.7711864	0.8230088	0.7870968	0.7160494	0.6784452	0.7571885	0.6524064	0.7061856	0.6530612	0.6091205	0.4712042	0.511811	0.4148148	0.3950617	0.4561404	0.2252747	0.2551724	0.2620321	0.2285714	0.196319	0.1875	0.1658768	0.2945736	0.2463768	0.1824818	0.1842105	
Lesser Nighthawk (<em class="sci">Chordeiles acutipennis</em>)	0.0	0.0	0.0	0.0	0.0	0.0	0.0	0.0	0.0	0.0	0.0	0.0	0.0	0.0	0.0	0.0	0.0	0.0	0.0	0.0	0.0	0.0	0.0	0.0	0.0	0.0	0.0	0.0	0.0	0.0	0.0	0.0	0.0015	0.0	0.0	0.0	0.0	0.0054945	0.0	0.0	0.0	0.0	0.0	0.0	0.0	0.0	0.0	0.0	
Common Poorwill (<em class="sci">Phalaenoptilus nuttallii</em>)	0.0	0.0	0.0	0.0	0.0	0.0	0.0	0.0	0.0	0.0	0.0	0.0	0.0	0.0	0.0033445	0.0038314	0.0	0.0	0.0	0.0	0.0	0.0	0.0	0.0	0.0	0.0	0.0	0.0	0.0	0.0	0.0	0.0	0.0	0.0	0.0	0.0	0.0	0.0	0.0	0.0	0.0	0.0	0.0	0.0	0.0	0.0	0.0	0.0	
Vaux's Swift (<em class="sci">Chaetura vauxi</em>)	0.0	0.0	0.0	0.0	0.0	0.0	0.0	0.0	0.0	0.0	0.0	0.0	0.0	0.0070423	0.0133779	0.0114943	0.0015	0.0	0.0	0.0	0.0	0.0	0.0	0.0	0.0	0.0	0.0	0.0	0.0	0.0	0.0068027	0.0032573	0.0052356	0.0	0.0148148	0.0061728	0.0087719	0.0	0.0	0.0	0.0	0.0	0.0	0.0	0.0	0.0	0.0	0.0	
White-throated Swift (<em class="sci">Aeronautes saxatalis</em>)	0.0634921	0.0827586	0.0724638	0.0042194	0.015625	0.0135135	0.021164	0.0454545	0.0230769	0.0446429	0.0629921	0.0473373	0.0074627	0.0422535	0.0334448	0.0191571	0.0088496	0.0344828	0.0617284	0.0172414	0.0319149	0.0305344	0.0254237	0.0088496	0.0129032	0.0288066	0.0141343	0.0127796	0.0106952	0.0515464	0.0272109	0.029316	0.0104712	0.015748	0.0148148	0.0185185	0.0087719	0.010989	0.0068966	0.0053476	0.0142857	0.0	0.0	0.0015	0.0077519	0.0434783	0.0510949	0.1157895	
Black-chinned Hummingbird (<em class="sci">Archilochus alexandri</em>)	0.0	0.0	0.0	0.0	0.0	0.0	0.0	0.0	0.0	0.0	0.0	0.0	0.0	0.0	0.0	0.0114943	0.0	0.0258621	0.0	0.0	0.0	0.0	0.0169492	0.0	0.0	0.0	0.0035336	0.0095847	0.0106952	0.0412371	0.0136054	0.0130293	0.0104712	0.007874	0.0	0.0	0.0	0.0	0.0	0.0	0.0	0.0	0.0	0.0	0.0	0.0	0.0	0.0	
Anna's Hummingbird (<em class="sci">Calypte anna</em>)	0.042328	0.0206897	0.0507246	0.0590717	0.0625	0.0472973	0.037037	0.0505051	0.0538462	0.0535714	0.0314961	0.0946746	0.0597015	0.0422535	0.0869565	0.0842912	0.0530973	0.112069	0.1604938	0.137931	0.0638298	0.0687023	0.0932203	0.079646	0.0516129	0.0411523	0.024735	0.0511182	0.0641711	0.1082474	0.1020408	0.0553746	0.0418848	0.0866142	0.0962963	0.0493827	0.0789474	0.021978	0.0206897	0.0213904	0.0285714	0.0184049	0.03125	0.0236967	0.0310078	0.0217391	0.0145985	0.0157895	
Rufous Hummingbird (<em class="sci">Selasphorus rufus</em>)	0.0	0.0	0.0	0.0	0.0	0.0	0.0	0.0	0.0	0.0	0.0	0.0	0.0	0.0	0.0	0.0191571	0.0176991	0.0	0.0	0.0	0.0	0.0	0.0	0.0	0.0	0.0	0.0	0.0	0.0106952	0.0	0.0	0.0065147	0.0052356	0.0	0.0	0.0	0.0	0.0	0.0	0.0	0.0	0.0	0.0	0.0	0.0	0.0	0.0	0.0	
Rufous/Allen's Hummingbird (<em class="sci">Selasphorus rufus/sasin</em>)	0.0	0.0	0.0	0.0	0.0	0.0	0.0	0.0	0.0	0.0	0.0	0.0	0.0	0.0	0.0	0.0	0.0	0.0	0.0123457	0.0	0.0	0.0	0.0	0.0	0.0	0.0	0.0	0.0	0.0	0.0051546	0.0	0.0	0.0	0.0	0.0	0.0	0.0	0.0	0.0	0.0	0.0	0.0	0.0	0.0	0.0	0.0	0.0	0.0	
hummingbird sp. (<em class="sci">Trochilidae sp.</em>)	0.0	0.0	0.0	0.0	0.0	0.0	0.0	0.0	0.0	0.0	0.007874	0.0118343	0.0	0.0	0.0	0.0114943	0.0088496	0.0086207	0.0123457	0.0	0.0106383	0.0076336	0.0084746	0.0	0.0	0.0082305	0.0070671	0.0127796	0.0	0.0103093	0.0340136	0.009772	0.0	0.007874	0.0074074	0.0246914	0.0087719	0.0	0.0	0.0	0.0	0.006135	0.0	0.0	0.0	0.0	0.0218978	0.0	
Virginia Rail (<em class="sci">Rallus limicola</em>)	0.1746032	0.1586207	0.1304348	0.185654	0.25	0.1148649	0.1375661	0.1464646	0.1230769	0.1875	0.2283465	0.2248521	0.1940299	0.1901408	0.1638796	0.1494253	0.0530973	0.0948276	0.0740741	0.0086207	0.0744681	0.0458015	0.059322	0.0884956	0.0322581	0.037037	0.0600707	0.0415335	0.0695187	0.0670103	0.2312925	0.1172638	0.1937173	0.1259843	0.1555556	0.1604938	0.2192982	0.1373626	0.2	0.2352941	0.2785714	0.2760736	0.21875	0.1990521	0.2170543	0.2463768	0.3211679	0.1684211	
Rallus sp. (<em class="sci">Rallus sp.</em>)	0.0	0.0	0.0	0.0	0.0	0.0	0.0	0.0	0.0	0.0	0.0	0.0	0.0	0.0	0.0	0.0	0.0	0.0	0.0	0.0	0.0	0.0	0.0	0.0	0.0129032	0.0	0.0	0.0	0.0	0.0	0.0	0.0	0.0	0.0	0.0	0.0	0.0	0.0	0.0	0.0	0.0	0.0	0.0	0.0	0.0	0.0	0.0	0.0	
Sora (<em class="sci">Porzana carolina</em>)	0.1746032	0.137931	0.1666667	0.1308017	0.1171875	0.1081081	0.1058201	0.1363636	0.1230769	0.1339286	0.1259843	0.183432	0.2089552	0.3028169	0.3244147	0.2720307	0.0265487	0.0344828	0.0123457	0.0172414	0.0106383	0.0229008	0.0084746	0.0	0.0193548	0.0041152	0.0106007	0.0191693	0.0427807	0.0257732	0.1360544	0.0781759	0.1099476	0.1023622	0.0666667	0.117284	0.1842105	0.1538462	0.2068966	0.2406417	0.2785714	0.3128834	0.1875	0.1706161	0.1937984	0.2028986	0.1751825	0.1789474	
Common Gallinule (<em class="sci">Gallinula galeata</em>)	0.1957672	0.2206897	0.173913	0.185654	0.2421875	0.1418919	0.1640212	0.1515152	0.1692308	0.1696429	0.1811024	0.1715976	0.1791045	0.1338028	0.1906355	0.1724138	0.1150442	0.1206897	0.1111111	0.1465517	0.212766	0.0610687	0.1016949	0.0884956	0.0709677	0.0699588	0.0812721	0.1086262	0.0695187	0.0927835	0.1496599	0.1465798	0.1256545	0.1102362	0.0962963	0.1296296	0.1578947	0.1648352	0.1862069	0.2032086	0.1071429	0.208589	0.1625	0.1469194	0.2325581	0.1449275	0.2116788	0.1157895	
American Coot (<em class="sci">Fulica americana</em>)	0.968254	0.9241379	0.9637681	0.9156118	0.9453125	0.9459459	0.9153439	0.959596	0.9461538	0.9375	0.9370079	0.964497	0.9701493	0.915493	0.916388	0.908046	0.7522124	0.612069	0.5925926	0.4655172	0.4255319	0.4198473	0.279661	0.3628319	0.283871	0.2798354	0.2791519	0.1916933	0.1871658	0.1443299	0.2653061	0.1596091	0.104712	0.3937008	0.5185185	0.537037	0.7280702	0.8021978	0.7931034	0.7860963	0.8571429	0.8834356	0.875	0.9383886	0.9302326	0.884058	0.9343066	0.8842105	
rail/crake sp. (<em class="sci">Rallidae sp. (rail/crake sp.)</em>)	0.0	0.0	0.0	0.0	0.0	0.0	0.0	0.0	0.0	0.0	0.0	0.0	0.0	0.0	0.0	0.0	0.0	0.0	0.0	0.0	0.0	0.0	0.0	0.0	0.0129032	0.0	0.0	0.0	0.0	0.0	0.0	0.0	0.0	0.0	0.0	0.0	0.0	0.0	0.0	0.0	0.0	0.0	0.0	0.0	0.0	0.0	0.0	0.0	
Sandhill Crane (<em class="sci">Antigone canadensis</em>)	0.1005291	0.0965517	0.0724638	0.0590717	0.078125	0.0608108	0.1428571	0.2373737	0.1846154	0.1875	0.0551181	0.035503	0.0	0.0	0.0	0.0	0.0	0.0	0.0	0.0	0.0	0.0	0.0	0.0	0.0	0.0	0.0	0.0	0.0	0.0	0.0	0.0032573	0.0015	0.007874	0.0888889	0.1666667	0.2894737	0.2252747	0.1862069	0.1818182	0.15	0.1656442	0.15625	0.1279621	0.1007752	0.0869565	0.0656934	0.0894737	
Black-necked Stilt (<em class="sci">Himantopus mexicanus</em>)	0.6455026	0.5517241	0.6449275	0.5316456	0.5703125	0.5202703	0.6349206	0.7222222	0.7769231	0.8035714	0.8425197	0.8284024	0.8283582	0.7746479	0.6856187	0.5823755	0.4690265	0.3793103	0.308642	0.2241379	0.2553191	0.3587786	0.3898305	0.4513274	0.4774194	0.5390947	0.434629	0.4504792	0.4705882	0.3969072	0.4829932	0.4364821	0.5497382	0.4645669	0.562963	0.4135802	0.5263158	0.3846154	0.4	0.3475936	0.4571429	0.4969325	0.58125	0.535545	0.7054264	0.6086957	0.6131387	0.5526316	
American Avocet (<em class="sci">Recurvirostra americana</em>)	0.1058201	0.0965517	0.3188406	0.278481	0.3359375	0.4121622	0.4761905	0.5151515	0.4769231	0.5535714	0.6299213	0.6863905	0.7761194	0.7605634	0.8294314	0.7547893	0.6371681	0.5258621	0.4567901	0.3189655	0.4680851	0.4885496	0.4830508	0.4955752	0.4322581	0.4156379	0.360424	0.3769968	0.3743316	0.2886598	0.3333333	0.2508143	0.3246073	0.0629921	0.0962963	0.037037	0.0350877	0.021978	0.0206897	0.0374332	0.0642857	0.0981595	0.04375	0.0853081	0.2093023	0.1231884	0.1313869	0.1368421	
Black-bellied Plover (<em class="sci">Pluvialis squatarola</em>)	0.0582011	0.062069	0.2246377	0.278481	0.3671875	0.2432432	0.3439153	0.489899	0.3230769	0.2767857	0.2519685	0.183432	0.3059701	0.2042254	0.2006689	0.1226054	0.0265487	0.0258621	0.0	0.0	0.0106383	0.0229008	0.0	0.0	0.0322581	0.1152263	0.1978799	0.2683706	0.1764706	0.1494845	0.1292517	0.1889251	0.1518325	0.0314961	0.037037	0.191358	0.0789474	0.0659341	0.0827586	0.0802139	0.1357143	0.0552147	0.04375	0.0331754	0.1085271	0.0869565	0.0583942	0.0578947	
American Golden-Plover (<em class="sci">Pluvialis dominica</em>)	0.0	0.0	0.0	0.0	0.0	0.0	0.0	0.0	0.0	0.0	0.0	0.0	0.0	0.0	0.0	0.0	0.0	0.0	0.0	0.0	0.0	0.0	0.0	0.0	0.0	0.0	0.0106007	0.0	0.0	0.0	0.0	0.0	0.0	0.0	0.0	0.0	0.0	0.0	0.0689655	0.1122995	0.0	0.0	0.0	0.0	0.0	0.0	0.0	0.0	
Pacific Golden-Plover (<em class="sci">Pluvialis fulva</em>)	0.010582	0.0137931	0.0	0.0	0.0	0.0472973	0.0634921	0.020202	0.0153846	0.0178571	0.007874	0.0118343	0.0	0.0	0.0033445	0.0038314	0.0	0.0	0.0	0.0	0.0	0.0	0.0	0.0	0.0	0.0041152	0.0	0.0223642	0.0	0.0	0.0	0.0	0.0	0.0	0.0	0.0	0.0	0.0	0.0	0.0	0.0142857	0.006135	0.0	0.0236967	0.0775194	0.0	0.0145985	0.0105263	
American/Pacific Golden-Plover (Lesser Golden-Plover) (<em class="sci">Pluvialis dominica/fulva</em>)	0.0	0.0	0.0	0.0	0.0	0.0	0.0	0.0	0.0	0.0	0.0	0.0	0.0	0.0	0.0	0.0	0.0	0.0	0.0	0.0	0.0	0.0	0.0	0.0	0.0	0.0	0.0	0.0	0.0	0.0	0.0	0.0	0.0	0.0	0.0	0.0	0.0	0.0	0.0	0.0	0.0071429	0.0	0.0	0.0	0.0	0.0	0.0	0.0	
Black-bellied Plover/golden-plover sp. (<em class="sci">Pluvialis sp.</em>)	0.0	0.0	0.0	0.0	0.0	0.0	0.0	0.0	0.0	0.0	0.0	0.0	0.0	0.0	0.0	0.0	0.0	0.0	0.0	0.0	0.0	0.0	0.0	0.0	0.0	0.0	0.0035336	0.0	0.0	0.0	0.0	0.0	0.0	0.0	0.0	0.0	0.0	0.0	0.0	0.0	0.0	0.0	0.0	0.0	0.0	0.0	0.0	0.0	
Killdeer (<em class="sci">Charadrius vociferus</em>)	0.5714286	0.4896552	0.673913	0.5780591	0.6171875	0.6351351	0.6984127	0.7626263	0.7230769	0.7321429	0.7165354	0.739645	0.7686567	0.8028169	0.7892977	0.7969349	0.7522124	0.6810345	0.8024691	0.6724138	0.7765957	0.6030534	0.6186441	0.7168142	0.6774194	0.7119342	0.7102473	0.600639	0.4545455	0.4742268	0.4421769	0.6416938	0.4816754	0.6456693	0.6962963	0.7654321	0.7894737	0.7582418	0.8275862	0.7700535	0.7571429	0.7668712	0.61875	0.6682464	0.6666667	0.5434783	0.6277372	0.5052632	
Common Ringed Plover (<em class="sci">Charadrius hiaticula</em>)	0.0	0.0	0.0	0.0	0.0	0.0	0.0	0.0	0.0	0.0	0.0	0.0	0.0	0.0	0.0	0.0	0.0	0.0	0.0	0.0	0.0	0.0	0.0	0.0	0.0	0.0	0.0	0.0	0.0	0.0	0.0	0.0032573	0.0	0.0	0.0	0.0	0.0	0.0	0.0	0.0	0.0	0.0	0.0	0.0	0.0	0.0	0.0	0.0	
Semipalmated Plover (<em class="sci">Charadrius semipalmatus</em>)	0.0	0.0	0.0	0.0042194	0.0	0.0	0.0	0.0050505	0.0153846	0.0	0.0	0.0059172	0.0373134	0.1971831	0.451505	0.51341	0.2300885	0.0258621	0.0123457	0.0	0.0106383	0.0	0.0	0.0	0.0774194	0.3292181	0.5123675	0.4632588	0.4010695	0.2989691	0.2585034	0.3387622	0.1937173	0.0866142	0.0148148	0.0493827	0.0	0.0015	0.0	0.0213904	0.0015	0.0	0.0	0.0047393	0.0077519	0.0	0.0	0.0	
Common Ringed/Semipalmated Plover (<em class="sci">Charadrius hiaticula/semipalmatus</em>)	0.0	0.0	0.0	0.0	0.0	0.0	0.0	0.0	0.0	0.0	0.0	0.0	0.0	0.0	0.0	0.0	0.0	0.0	0.0	0.0	0.0	0.0	0.0	0.0	0.0	0.0	0.0015	0.0	0.0	0.0	0.0	0.0	0.0	0.0	0.0	0.0	0.0	0.0	0.0	0.0	0.0	0.0	0.0	0.0	0.0	0.0	0.0	0.0	
Snowy Plover (<em class="sci">Anarhynchus nivosus</em>)	0.0	0.0	0.0	0.0	0.0	0.0	0.0	0.0	0.0	0.0	0.0	0.0	0.0	0.0211268	0.0535117	0.0536398	0.0088496	0.0	0.0015	0.0	0.0106383	0.0076336	0.0	0.0015	0.0	0.0082305	0.0176678	0.0383387	0.0748663	0.0154639	0.0068027	0.0	0.026178	0.0	0.0	0.0	0.0	0.0	0.0	0.0	0.0	0.0	0.0	0.0	0.0	0.0	0.0	0.0	
Hudsonian Whimbrel (<em class="sci">Numenius hudsonicus</em>)	0.010582	0.0	0.0	0.0	0.0	0.0	0.0	0.0	0.0153846	0.0089286	0.007874	0.0236686	0.1044776	0.0915493	0.187291	0.1226054	0.0530973	0.0431034	0.0	0.0	0.0	0.0	0.0084746	0.0	0.0193548	0.0493827	0.0883392	0.0351438	0.0053476	0.0051546	0.0136054	0.0162866	0.0	0.015748	0.0074074	0.0	0.0	0.0	0.0068966	0.0	0.0	0.0	0.0	0.0	0.0	0.0	0.0	0.0	
Long-billed Curlew (<em class="sci">Numenius americanus</em>)	0.4920635	0.5517241	0.6086957	0.5485232	0.6640625	0.5067568	0.5502646	0.510101	0.4692308	0.4375	0.4173228	0.3254438	0.3134328	0.2323944	0.3244147	0.2643678	0.1150442	0.1465517	0.1111111	0.0172414	0.0425532	0.0458015	0.0762712	0.0973451	0.2193548	0.2016461	0.2261484	0.1565495	0.1925134	0.1546392	0.1428571	0.2833876	0.1518325	0.1574803	0.0740741	0.1111111	0.1491228	0.1813187	0.2413793	0.3582888	0.5357143	0.595092	0.48125	0.521327	0.5736434	0.4855072	0.5109489	0.4947368	
curlew sp. (<em class="sci">Numenius sp.</em>)	0.0	0.0	0.0	0.0042194	0.0	0.0	0.0	0.0	0.0	0.0	0.0	0.0	0.0	0.0	0.0	0.0	0.0	0.0	0.0	0.0	0.0	0.0	0.0	0.0	0.0	0.0	0.0	0.0	0.0	0.0	0.0	0.0	0.0	0.0	0.0	0.0	0.0	0.0	0.0	0.0	0.0	0.0	0.0	0.0	0.0	0.0	0.0	0.0	
Marbled Godwit (<em class="sci">Limosa fedoa</em>)	0.021164	0.0344828	0.0144928	0.0042194	0.0	0.0	0.0	0.010101	0.0	0.0089286	0.007874	0.0946746	0.0746269	0.0915493	0.090301	0.0383142	0.0088496	0.0086207	0.0	0.0	0.0212766	0.0	0.0084746	0.0176991	0.1677419	0.1728395	0.1413428	0.1373802	0.0588235	0.0309278	0.0612245	0.0423453	0.0052356	0.015748	0.0148148	0.0061728	0.0175439	0.0	0.0	0.0106952	0.0071429	0.0	0.025	0.0094787	0.0	0.0	0.0	0.0	
Short-billed Dowitcher (<em class="sci">Limnodromus griseus</em>)	0.0	0.0015	0.0	0.0	0.0	0.0	0.0	0.0	0.0	0.0089286	0.0	0.0	0.0223881	0.0352113	0.0635452	0.1187739	0.0265487	0.0086207	0.0	0.0	0.0	0.0	0.0	0.0176991	0.0258065	0.0781893	0.0918728	0.0511182	0.0320856	0.0670103	0.047619	0.1335505	0.0418848	0.007874	0.0222222	0.0061728	0.0350877	0.0	0.0015	0.0	0.0071429	0.0	0.0	0.0	0.0	0.0	0.0	0.0	
Long-billed Dowitcher (<em class="sci">Limnodromus scolopaceus</em>)	0.3386243	0.3586207	0.4782609	0.3291139	0.390625	0.3648649	0.4656085	0.5353535	0.5307692	0.5714286	0.503937	0.6390533	0.6343284	0.6126761	0.7056856	0.605364	0.4159292	0.25	0.0493827	0.0015	0.0	0.0076336	0.0084746	0.0353982	0.2129032	0.5432099	0.6961131	0.7028754	0.5187166	0.5618557	0.6054422	0.5798046	0.460733	0.2204724	0.2296296	0.4012346	0.4736842	0.5054945	0.5862069	0.6363636	0.5785714	0.6196319	0.46875	0.4834123	0.3643411	0.4057971	0.3357664	0.2947368	
Short-billed/Long-billed Dowitcher (<em class="sci">Limnodromus griseus/scolopaceus</em>)	0.005291	0.0068966	0.0	0.0	0.0078125	0.0067568	0.005291	0.0050505	0.0	0.0	0.007874	0.0	0.0447761	0.0492958	0.1070234	0.1034483	0.0530973	0.0172414	0.0123457	0.0	0.0	0.0	0.0	0.0	0.0322581	0.1152263	0.1166078	0.0734824	0.0855615	0.0773196	0.0884354	0.0846906	0.0942408	0.023622	0.0222222	0.0679012	0.0877193	0.043956	0.1172414	0.0748663	0.0071429	0.0122699	0.0	0.0	0.0310078	0.0	0.0	0.0105263	
Wilson's Snipe (<em class="sci">Gallinago delicata</em>)	0.2698413	0.2413793	0.2753623	0.2531646	0.234375	0.2094595	0.2328042	0.1969697	0.1846154	0.2232143	0.2047244	0.3136095	0.2462687	0.2887324	0.09699	0.0613027	0.0265487	0.0086207	0.0	0.0	0.0015	0.0	0.0	0.0	0.0	0.0041152	0.0070671	0.0127796	0.0481283	0.0515464	0.0748299	0.0879479	0.0366492	0.0551181	0.0962963	0.2283951	0.2807018	0.3296703	0.4758621	0.4438503	0.4	0.4171779	0.36875	0.3364929	0.372093	0.2971014	0.4817518	0.2526316	
Wilson's Phalarope (<em class="sci">Phalaropus tricolor</em>)	0.0	0.0	0.0	0.0	0.0	0.0	0.0	0.0	0.0	0.0	0.0	0.0	0.0	0.0211268	0.0100334	0.0114943	0.0442478	0.0086207	0.0123457	0.0086207	0.0212766	0.0305344	0.0508475	0.1150442	0.1419355	0.1975309	0.2791519	0.313099	0.3582888	0.2268041	0.1088435	0.1335505	0.0418848	0.023622	0.0222222	0.0185185	0.0263158	0.0	0.0	0.0	0.0015	0.0	0.0	0.0094787	0.0077519	0.0	0.0	0.0	
Red Phalarope (<em class="sci">Phalaropus fulicarius</em>)	0.0	0.0	0.0	0.0	0.0	0.0	0.0	0.0	0.0	0.0	0.0	0.0	0.0	0.0	0.0	0.0	0.0	0.0	0.0	0.0	0.0	0.0	0.0	0.0	0.0	0.0	0.0	0.0	0.0	0.0721649	0.0	0.0	0.0	0.0	0.0	0.0	0.0	0.0	0.0	0.0	0.0	0.0	0.0	0.0094787	0.0	0.0	0.0	0.0	
Red-necked Phalarope (<em class="sci">Phalaropus lobatus</em>)	0.0	0.0	0.0	0.0	0.0	0.0	0.0	0.0	0.0	0.0	0.0	0.0	0.0	0.0	0.0267559	0.0229885	0.0884956	0.0603448	0.0246914	0.0086207	0.0	0.0	0.0	0.0	0.0	0.0205761	0.0565371	0.1853035	0.1871658	0.2113402	0.2176871	0.3061889	0.2356021	0.1496063	0.1333333	0.0925926	0.0964912	0.0	0.0068966	0.0	0.0	0.0	0.0	0.0047393	0.0	0.0	0.0	0.0	
phalarope sp. (<em class="sci">Phalaropus sp.</em>)	0.0	0.0	0.0	0.0	0.0	0.0	0.0	0.0	0.0	0.0	0.0	0.0	0.0	0.0	0.0	0.0	0.0	0.0	0.0	0.0	0.0	0.0	0.0	0.0	0.0	0.0	0.0035336	0.0015	0.0053476	0.0103093	0.0068027	0.009772	0.0052356	0.0	0.0	0.0	0.0	0.0054945	0.0	0.0	0.0	0.0	0.0	0.0	0.0	0.0015	0.0	0.0	
Spotted Sandpiper (<em class="sci">Actitis macularius</em>)	0.010582	0.0068966	0.0	0.0042194	0.0	0.0	0.0	0.0	0.0	0.0	0.007874	0.0015	0.0	0.0	0.006689	0.0191571	0.0176991	0.0431034	0.0123457	0.0258621	0.0015	0.0	0.0084746	0.0265487	0.0064516	0.0411523	0.0176678	0.0223642	0.0427807	0.0206186	0.047619	0.0423453	0.0104712	0.0	0.0074074	0.0	0.0	0.010989	0.0137931	0.0160428	0.0	0.0	0.00625	0.0189573	0.0077519	0.0	0.0	0.0052632	
Solitary Sandpiper (<em class="sci">Tringa solitaria</em>)	0.0	0.0	0.0	0.0	0.0	0.0	0.0	0.0	0.0	0.0	0.0	0.0059172	0.0074627	0.0422535	0.0367893	0.0613027	0.0442478	0.0172414	0.0	0.0	0.0	0.0	0.0	0.0	0.0	0.0	0.0	0.0063898	0.0106952	0.0154639	0.0	0.0065147	0.0157068	0.007874	0.0074074	0.0	0.0	0.0	0.0	0.0	0.0	0.0	0.0	0.0	0.0	0.0	0.0	0.0	
Marsh Sandpiper (<em class="sci">Tringa stagnatilis</em>)	0.0	0.0	0.0	0.0	0.0	0.0	0.0	0.0	0.0	0.0	0.0	0.0	0.0074627	0.0	0.4214047	0.0957854	0.0	0.0	0.0	0.0	0.0	0.0	0.0	0.0	0.0	0.0	0.0	0.0	0.0	0.0	0.0	0.0	0.0	0.0	0.0	0.0	0.0	0.0	0.0	0.0	0.0	0.0	0.0	0.0	0.0	0.0	0.0	0.0	
Lesser Yellowlegs (<em class="sci">Tringa flavipes</em>)	0.0846561	0.062069	0.1014493	0.0801688	0.078125	0.0878378	0.1111111	0.2020202	0.1461538	0.1517857	0.2047244	0.2721893	0.2835821	0.3450704	0.4280936	0.1762452	0.0442478	0.0	0.0	0.0	0.0	0.0	0.0	0.0353982	0.0903226	0.0781893	0.1696113	0.3067093	0.2887701	0.1082474	0.170068	0.2345277	0.1413613	0.1102362	0.1925926	0.2345679	0.2631579	0.2087912	0.2896552	0.2566845	0.2714286	0.196319	0.0625	0.1516588	0.1007752	0.0724638	0.0583942	0.1157895	
Willet (<em class="sci">Tringa semipalmata</em>)	0.0	0.0	0.0	0.0	0.0	0.0	0.0	0.0	0.0	0.0	0.0	0.0	0.0	0.0015	0.0401338	0.0191571	0.0176991	0.0172414	0.0	0.0015	0.0	0.0	0.0254237	0.0442478	0.0193548	0.0288066	0.04947	0.0734824	0.0855615	0.0670103	0.0612245	0.0065147	0.0052356	0.007874	0.0074074	0.0061728	0.0	0.0	0.0	0.0	0.0	0.0	0.0	0.0	0.0	0.0072464	0.0	0.0	
Greater Yellowlegs (<em class="sci">Tringa melanoleuca</em>)	0.6507937	0.6	0.6304348	0.6160338	0.609375	0.6554054	0.7195767	0.8484848	0.7461538	0.8482143	0.8582677	0.8757396	0.8358209	0.8873239	0.8762542	0.7049808	0.3185841	0.1982759	0.1358025	0.0431034	0.0531915	0.0381679	0.1271186	0.2123894	0.516129	0.6707819	0.7632509	0.7571885	0.6203209	0.5721649	0.5782313	0.7003257	0.6282723	0.6771654	0.6518519	0.6975309	0.7631579	0.7527473	0.8896552	0.8449198	0.8357143	0.8282209	0.73125	0.7251185	0.7596899	0.6304348	0.6277372	0.6421053	
Lesser/Greater Yellowlegs (<em class="sci">Tringa flavipes/melanoleuca</em>)	0.0	0.0	0.0	0.0	0.0	0.0	0.0	0.0	0.0	0.0	0.0	0.0118343	0.0	0.0	0.0	0.0038314	0.0	0.0	0.0	0.0	0.0	0.0	0.0	0.0	0.0	0.0	0.0	0.0	0.0	0.0	0.0	0.0	0.0	0.0	0.0	0.0	0.0	0.0054945	0.0	0.0	0.0	0.0	0.0	0.0	0.0	0.0	0.0	0.0	
Tringa sp. (<em class="sci">Tringa sp.</em>)	0.0	0.0	0.0	0.0	0.0	0.0	0.0	0.0	0.0	0.0	0.0	0.0	0.0	0.0	0.0	0.0	0.0	0.0	0.0	0.0	0.0	0.0	0.0	0.0	0.0	0.0	0.0035336	0.0	0.0	0.0	0.0	0.0	0.0	0.0015	0.0	0.0	0.0	0.0	0.0	0.0053476	0.0	0.0	0.0	0.0	0.0	0.0	0.0	0.0	
Ruddy Turnstone (<em class="sci">Arenaria interpres</em>)	0.0	0.0	0.0	0.0	0.0	0.0	0.0	0.0	0.0	0.0	0.0	0.0	0.0	0.0140845	0.0033445	0.0	0.0	0.0	0.0	0.0	0.0	0.0	0.0	0.0	0.0	0.0	0.0	0.0	0.0320856	0.0	0.0	0.0	0.0	0.0	0.0	0.0	0.0	0.0	0.0	0.0	0.0	0.0	0.0	0.0	0.0	0.0	0.0	0.0	
Red Knot (<em class="sci">Calidris canutus</em>)	0.0	0.0	0.0	0.0	0.0	0.0	0.0	0.0	0.0	0.0	0.0	0.0	0.0	0.0	0.0	0.0038314	0.0	0.0	0.0	0.0	0.0	0.0	0.0	0.0	0.0	0.0	0.0	0.0	0.0	0.0	0.0	0.0	0.0	0.0	0.0	0.0	0.0	0.0	0.0	0.0	0.0	0.0	0.0	0.0	0.0	0.0	0.0	0.0	
Ruff (<em class="sci">Calidris pugnax</em>)	0.0	0.0	0.0	0.0	0.0	0.0	0.0846561	0.0959596	0.0	0.0089286	0.015748	0.0	0.0	0.0	0.0668896	0.0536398	0.0	0.0	0.0	0.0	0.0	0.0	0.0	0.0	0.0	0.0	0.0	0.0	0.0	0.0	0.0	0.0162866	0.0	0.0	0.0074074	0.0123457	0.0	0.0	0.0	0.0160428	0.0	0.0184049	0.0125	0.0	0.0077519	0.0	0.0	0.0	
Sharp-tailed Sandpiper (<em class="sci">Calidris acuminata</em>)	0.0	0.0	0.0	0.0	0.0	0.0	0.0	0.0	0.0	0.0	0.0	0.0	0.0	0.0	0.0	0.0	0.0	0.0	0.0	0.0	0.0	0.0	0.0	0.0	0.0	0.0	0.0	0.0	0.0	0.0	0.0	0.0	0.0052356	0.0	0.0	0.0	0.0087719	0.0384615	0.0275862	0.0053476	0.0015	0.006135	0.0	0.0	0.0	0.0	0.0	0.0	
Curlew Sandpiper (<em class="sci">Calidris ferruginea</em>)	0.0	0.0	0.0	0.0	0.0	0.0	0.0	0.0	0.0	0.0	0.0	0.0	0.0	0.0	0.0	0.0	0.0	0.0	0.0	0.0	0.0	0.0	0.0	0.0	0.0	0.0	0.0	0.0255591	0.0	0.0	0.0	0.0	0.0	0.0	0.0	0.0	0.0	0.0	0.0	0.0	0.0	0.0	0.0	0.0	0.0	0.0	0.0	0.0	
Stilt Sandpiper (<em class="sci">Calidris himantopus</em>)	0.0	0.0	0.0	0.0	0.0	0.0135135	0.0	0.0	0.0	0.0	0.0	0.0	0.0074627	0.0211268	0.0133779	0.0	0.0	0.0	0.0	0.0	0.0	0.0	0.0	0.0	0.0	0.0	0.0	0.0063898	0.0	0.0	0.0	0.029316	0.0209424	0.0	0.0	0.0	0.0	0.0	0.0	0.0	0.0	0.0	0.0	0.0	0.0	0.0	0.0	0.0	
Red-necked Stint (<em class="sci">Calidris ruficollis</em>)	0.0	0.0	0.0	0.0	0.0	0.0	0.0	0.0	0.0	0.0	0.0	0.0	0.0	0.0	0.0	0.0	0.0	0.0	0.0	0.0	0.0	0.0	0.0	0.0	0.0	0.0	0.0	0.0	0.0	0.0	0.0	0.0358306	0.0052356	0.0015	0.0	0.0	0.0	0.0	0.0	0.0	0.0	0.0	0.0	0.0	0.0	0.0	0.0	0.0	
Buff-breasted Sandpiper (<em class="sci">Calidris subruficollis</em>)	0.0	0.0	0.0	0.0	0.0	0.0	0.0	0.0	0.0	0.0	0.0	0.0	0.0	0.0	0.0	0.0	0.0	0.0	0.0	0.0	0.0	0.0	0.0	0.0	0.0	0.0	0.0	0.0	0.0	0.0	0.0	0.0032573	0.1256545	0.0	0.0	0.0246914	0.0	0.0	0.0	0.0	0.0	0.0	0.0	0.0	0.0	0.0	0.0	0.0	
Sanderling (<em class="sci">Calidris alba</em>)	0.0	0.0	0.0	0.0	0.0	0.0	0.0	0.0	0.0	0.0	0.0	0.0	0.0	0.0	0.0	0.0038314	0.0	0.0	0.0	0.0	0.0	0.0	0.0	0.0	0.0	0.0	0.0	0.0127796	0.0	0.0051546	0.0	0.0	0.0	0.0	0.0	0.0	0.0	0.0054945	0.0	0.0	0.0	0.0	0.0	0.0	0.0	0.0	0.0	0.0	
Dunlin (<em class="sci">Calidris alpina</em>)	0.2010582	0.2482759	0.326087	0.3080169	0.3359375	0.3445946	0.4126984	0.5555556	0.4615385	0.4017857	0.488189	0.556213	0.6268657	0.6338028	0.6187291	0.4482759	0.2212389	0.0258621	0.0123457	0.0	0.0	0.0	0.0	0.0	0.0193548	0.0164609	0.0176678	0.0	0.0	0.0	0.0204082	0.0032573	0.0471204	0.0015	0.037037	0.1419753	0.0789474	0.1483516	0.3862069	0.3957219	0.4357143	0.3865031	0.25625	0.3222749	0.3333333	0.1594203	0.2554745	0.1842105	
Baird's Sandpiper (<em class="sci">Calidris bairdii</em>)	0.0	0.0	0.0	0.0	0.0	0.0	0.0	0.0	0.0	0.0	0.0	0.0	0.0	0.0	0.0	0.0	0.0	0.0	0.0	0.0	0.0	0.0	0.0	0.0	0.0	0.0041152	0.0035336	0.0	0.0053476	0.0154639	0.1088435	0.1465798	0.0732984	0.0	0.0074074	0.0925926	0.0	0.0	0.0	0.0	0.0	0.0	0.0	0.0	0.0	0.0	0.0	0.0	
Little Stint (<em class="sci">Calidris minuta</em>)	0.0	0.0	0.0	0.0	0.0	0.0	0.0	0.0	0.0	0.0	0.0	0.0	0.0	0.0	0.0	0.0	0.0	0.0	0.0	0.0	0.0	0.0	0.0	0.0	0.0	0.0	0.0	0.0	0.0	0.0	0.0	0.0879479	0.0	0.0	0.0	0.0	0.0	0.0	0.0	0.0	0.0	0.0	0.0	0.0	0.0	0.0	0.0	0.0	
Least Sandpiper (<em class="sci">Calidris minutilla</em>)	0.3597884	0.3310345	0.3695652	0.3206751	0.265625	0.2635135	0.4074074	0.5050505	0.3769231	0.3303571	0.3543307	0.5029586	0.5597015	0.584507	0.7725753	0.7011494	0.2743363	0.0689655	0.0	0.0086207	0.0	0.0	0.0	0.0442478	0.3806452	0.691358	0.7879859	0.7444089	0.6149733	0.5876289	0.6802721	0.7296417	0.6596859	0.519685	0.362963	0.6111111	0.5087719	0.5274725	0.7034483	0.6470588	0.6142857	0.5644172	0.41875	0.3744076	0.4883721	0.2898551	0.4306569	0.3368421	
Pectoral Sandpiper (<em class="sci">Calidris melanotos</em>)	0.0	0.0	0.0	0.0	0.0	0.0	0.0	0.0	0.0	0.0	0.0	0.0	0.0	0.0	0.0	0.0	0.0	0.0	0.0	0.0	0.0	0.0	0.0	0.0	0.0	0.0	0.0	0.0015	0.0	0.0309278	0.0408163	0.1042345	0.1413613	0.0944882	0.0296296	0.1666667	0.1052632	0.1153846	0.0758621	0.0427807	0.0142857	0.006135	0.00625	0.0	0.0	0.0	0.0	0.0	
Western Sandpiper (<em class="sci">Calidris mauri</em>)	0.047619	0.0827586	0.0434783	0.0421941	0.0625	0.0202703	0.0634921	0.0555556	0.0846154	0.0625	0.1811024	0.1360947	0.2164179	0.3309859	0.6254181	0.5862069	0.2477876	0.0344828	0.0123457	0.0086207	0.0	0.0	0.0	0.0707965	0.4903226	0.6954733	0.770318	0.5623003	0.5454545	0.4742268	0.5442177	0.6416938	0.565445	0.2519685	0.1555556	0.2654321	0.1842105	0.1153846	0.1931034	0.1657754	0.1142857	0.0920245	0.05625	0.056872	0.0542636	0.0289855	0.0510949	0.0473684	
Semipalmated Sandpiper (<em class="sci">Calidris pusilla</em>)	0.0	0.0	0.0	0.0	0.0	0.0	0.0	0.0	0.0	0.0	0.0	0.0	0.0	0.0	0.0	0.0	0.0	0.0	0.0	0.0	0.0	0.0	0.0	0.0	0.0064516	0.0164609	0.0388693	0.0766773	0.1122995	0.0515464	0.0544218	0.0553746	0.0209424	0.0	0.0	0.0	0.0	0.0	0.0	0.0053476	0.0	0.0	0.0	0.0	0.0	0.0	0.0	0.0	
Western/Semipalmated Sandpiper (<em class="sci">Calidris mauri/pusilla</em>)	0.0	0.0	0.0	0.0	0.0	0.0	0.0	0.0	0.0	0.0	0.0	0.0	0.0	0.0	0.0	0.0	0.0	0.0	0.0	0.0	0.0	0.0	0.0	0.0	0.0	0.0	0.0	0.0031949	0.0	0.0	0.0	0.0	0.0	0.0	0.0	0.0	0.0	0.0	0.0	0.0	0.0	0.0	0.0	0.0	0.0	0.0	0.0	0.0	
peep sp. (<em class="sci">Calidris sp. (peep sp.)</em>)	0.010582	0.0137931	0.0144928	0.021097	0.0234375	0.0337838	0.042328	0.0656566	0.0384615	0.0089286	0.0314961	0.0532544	0.0298507	0.0422535	0.0936455	0.1034483	0.0353982	0.0	0.0123457	0.0	0.0	0.0	0.0	0.0088496	0.0774194	0.0987654	0.1166078	0.0894569	0.0695187	0.1134021	0.0952381	0.0879479	0.0994764	0.0629921	0.0888889	0.0432099	0.0614035	0.0549451	0.0827586	0.0641711	0.0357143	0.0245399	0.01875	0.042654	0.0232558	0.0144928	0.0364964	0.0263158	
Calidris sp. (<em class="sci">Calidris sp.</em>)	0.0	0.0	0.0	0.0042194	0.0	0.0	0.0	0.0	0.0	0.0	0.0	0.0	0.0074627	0.0	0.0	0.0	0.0	0.0	0.0	0.0	0.0	0.0	0.0	0.0	0.0	0.0	0.0	0.0	0.0	0.0	0.0	0.0032573	0.0	0.0	0.0	0.0	0.0	0.0	0.0	0.0	0.0	0.0	0.0	0.0	0.0	0.0	0.0	0.0	
large shorebird sp. (<em class="sci">Charadriiformes sp. (large shorebird sp.)</em>)	0.005291	0.0	0.0	0.0	0.0	0.0	0.0	0.0	0.0	0.0	0.0	0.0	0.0	0.0	0.0	0.0	0.0	0.0	0.0	0.0	0.0	0.0	0.0	0.0	0.0	0.0	0.0	0.0	0.0	0.0	0.0	0.0	0.0	0.0	0.0	0.0	0.0	0.0054945	0.0	0.0	0.0	0.0	0.0	0.0	0.0	0.0	0.0	0.0	
shorebird sp. (<em class="sci">Charadriiformes sp. (shorebird sp.)</em>)	0.0	0.0	0.0	0.0	0.0	0.0	0.0	0.0	0.0	0.0	0.0	0.0	0.0	0.0	0.0	0.0	0.0	0.0086207	0.0	0.0	0.0	0.0	0.0	0.0	0.0	0.0	0.0035336	0.0	0.0	0.0	0.0	0.0032573	0.0	0.0	0.0	0.0	0.0	0.0	0.0	0.0	0.0	0.0	0.0	0.0	0.0	0.0	0.0	0.0	
Long-tailed Jaeger (<em class="sci">Stercorarius longicaudus</em>)	0.0	0.0	0.0	0.0	0.0	0.0	0.0	0.0	0.0	0.0	0.0	0.0	0.0	0.0	0.0	0.0	0.0	0.0	0.0	0.0	0.0	0.0	0.0	0.0	0.0	0.0	0.0	0.0	0.0	0.0	0.0	0.0015	0.0052356	0.0	0.0	0.0	0.0	0.0	0.0	0.0	0.0	0.0	0.0	0.0	0.0	0.0	0.0	0.0	
jaeger sp. (<em class="sci">Stercorarius sp. (jaeger sp.)</em>)	0.0	0.0	0.0	0.0	0.0	0.0	0.0	0.0	0.0	0.0	0.0	0.0	0.0	0.0	0.0	0.0	0.0	0.0	0.0	0.0	0.0	0.0	0.0	0.0	0.0	0.0	0.0	0.0	0.0	0.0	0.0	0.0015	0.0	0.0	0.0	0.0	0.0	0.0	0.0	0.0	0.0	0.0	0.0	0.0	0.0	0.0	0.0	0.0	
Bonaparte's Gull (<em class="sci">Chroicocephalus philadelphia</em>)	0.0	0.0015	0.0144928	0.0042194	0.0078125	0.0067568	0.010582	0.0050505	0.0	0.0	0.0	0.0059172	0.0	0.028169	0.0033445	0.0498084	0.0088496	0.0172414	0.0	0.0	0.0	0.0	0.0	0.0	0.0	0.0082305	0.0	0.0	0.0	0.0	0.0	0.0	0.0	0.0	0.0	0.0	0.0	0.0	0.0	0.0213904	0.0071429	0.0122699	0.01875	0.0189573	0.0077519	0.0	0.0145985	0.0105263	
Franklin's Gull (<em class="sci">Leucophaeus pipixcan</em>)	0.0	0.0	0.0	0.0	0.0	0.0	0.0	0.0	0.0	0.0	0.0	0.0	0.0	0.0	0.0	0.0	0.0	0.0	0.0	0.0	0.0	0.0	0.0	0.0088496	0.0129032	0.0	0.0176678	0.0	0.0	0.0	0.0204082	0.0065147	0.0	0.0	0.0	0.0	0.0	0.0	0.0	0.0213904	0.0	0.0	0.0	0.0	0.0	0.0	0.0	0.0	
Short-billed Gull (<em class="sci">Larus brachyrhynchus</em>)	0.0	0.0015	0.0	0.0042194	0.0234375	0.0067568	0.015873	0.0151515	0.0230769	0.0178571	0.0	0.0	0.0	0.0	0.0	0.0	0.0	0.0	0.0	0.0	0.0	0.0	0.0	0.0	0.0	0.0	0.0	0.0	0.0	0.0	0.0	0.0	0.0	0.0	0.0	0.0	0.0	0.0	0.0	0.0106952	0.0071429	0.006135	0.0125	0.0	0.0	0.0	0.0	0.0	
Ring-billed Gull (<em class="sci">Larus delawarensis</em>)	0.3174603	0.2551724	0.326087	0.2489451	0.328125	0.2567568	0.3386243	0.5050505	0.3615385	0.25	0.2440945	0.1242604	0.2537313	0.2042254	0.4147157	0.3141762	0.1504425	0.112069	0.037037	0.0172414	0.0106383	0.129771	0.2033898	0.3274336	0.4322581	0.5061728	0.6042403	0.5750799	0.4919786	0.4020619	0.4421769	0.3355049	0.3298429	0.2598425	0.2888889	0.2098765	0.2017544	0.1593407	0.1241379	0.2032086	0.2071429	0.1595092	0.18125	0.2511848	0.2015504	0.2028986	0.2481752	0.3105263	
Western Gull (<em class="sci">Larus occidentalis</em>)	0.0	0.0	0.0	0.0	0.0078125	0.0	0.0	0.0050505	0.0	0.0	0.0	0.0	0.0	0.0	0.0	0.0	0.0	0.0	0.0	0.0	0.0	0.0	0.0	0.0	0.0129032	0.0	0.0	0.0	0.0	0.0	0.0	0.0032573	0.0	0.0	0.0	0.0	0.0	0.0	0.0	0.0053476	0.0	0.0	0.0	0.0	0.0	0.0	0.0	0.0	
American Herring Gull (<em class="sci">Larus smithsonianus</em>)	0.4708995	0.5241379	0.5	0.4472574	0.546875	0.4864865	0.4708995	0.479798	0.3769231	0.25	0.2362205	0.0769231	0.0373134	0.0211268	0.0367893	0.0076628	0.0	0.0	0.0	0.0	0.0	0.0	0.0	0.0	0.0	0.0082305	0.0035336	0.0031949	0.0	0.0	0.0	0.0	0.0	0.0	0.0	0.0432099	0.122807	0.1318681	0.2068966	0.3315508	0.4571429	0.4662577	0.3125	0.464455	0.4573643	0.4347826	0.5036496	0.4315789	
Glaucous Gull (<em class="sci">Larus hyperboreus</em>)	0.005291	0.0	0.0	0.021097	0.0	0.0	0.0	0.010101	0.0230769	0.0178571	0.007874	0.0059172	0.0	0.0	0.0	0.0	0.0	0.0	0.0	0.0	0.0	0.0	0.0	0.0	0.0	0.0	0.0	0.0	0.0	0.0	0.0	0.0	0.0	0.0	0.0	0.0	0.0	0.0	0.0	0.0	0.0	0.0	0.0	0.0	0.0	0.0015	0.0	0.0052632	
American Herring x Glaucous Gull (hybrid) (<em class="sci">Larus smithsonianus x hyperboreus</em>)	0.0	0.0	0.0	0.0	0.0	0.0067568	0.0	0.020202	0.0076923	0.0	0.0	0.0	0.0	0.0	0.0	0.0	0.0	0.0	0.0	0.0	0.0	0.0	0.0	0.0	0.0	0.0	0.0	0.0	0.0	0.0	0.0	0.0	0.0	0.0	0.0	0.0	0.0	0.0	0.0	0.0	0.0	0.0	0.0	0.0	0.0	0.0	0.0	0.0	
Lesser Black-backed Gull (<em class="sci">Larus fuscus</em>)	0.0	0.0	0.0	0.0	0.0	0.0	0.0	0.0050505	0.0	0.0089286	0.015748	0.0	0.0	0.0	0.0	0.0	0.0	0.0	0.0	0.0	0.0	0.0	0.0	0.0	0.0	0.0	0.0	0.0	0.0	0.0	0.0	0.0	0.0	0.0	0.0	0.0	0.0	0.0	0.0	0.0	0.0	0.0	0.0	0.0	0.0	0.0	0.0	0.0	
California Gull (<em class="sci">Larus californicus</em>)	0.3703704	0.3172414	0.3913043	0.2869198	0.3984375	0.3310811	0.3333333	0.4393939	0.3538462	0.3392857	0.2834646	0.1301775	0.141791	0.1197183	0.1036789	0.0842912	0.0353982	0.0344828	0.0246914	0.0086207	0.0425532	0.1526718	0.2033898	0.2920354	0.3677419	0.4938272	0.6784452	0.7252396	0.631016	0.5206186	0.5306122	0.4136808	0.3979058	0.1889764	0.2074074	0.1851852	0.3070175	0.1813187	0.2551724	0.3048128	0.3928571	0.3312883	0.3125	0.3270142	0.2868217	0.3478261	0.4087591	0.3473684	
Glaucous-winged Gull (<em class="sci">Larus glaucescens</em>)	0.010582	0.0344828	0.057971	0.0337553	0.0703125	0.027027	0.0582011	0.0959596	0.0538462	0.0089286	0.0708661	0.0059172	0.0	0.0211268	0.0033445	0.0	0.0	0.0	0.0	0.0	0.0	0.0	0.0	0.0	0.0129032	0.0041152	0.0035336	0.0	0.0	0.0	0.0	0.0	0.0	0.0	0.0	0.0	0.0	0.0	0.0206897	0.0160428	0.05	0.0122699	0.00625	0.0236967	0.0232558	0.0144928	0.0291971	0.0263158	
Western x Glaucous-winged Gull (hybrid) (<em class="sci">Larus occidentalis x glaucescens</em>)	0.005291	0.0	0.0	0.0	0.0	0.0	0.0	0.0	0.0	0.0	0.007874	0.0	0.0	0.0	0.0	0.0	0.0	0.0	0.0	0.0	0.0	0.0	0.0	0.0	0.0	0.0	0.0	0.0	0.0	0.0	0.0	0.0	0.0	0.0	0.0	0.0	0.0	0.0	0.0	0.0053476	0.0071429	0.0	0.00625	0.0	0.0	0.0015	0.0	0.0	
American Herring x Glaucous-winged Gull (hybrid) (<em class="sci">Larus smithsonianus x glaucescens</em>)	0.005291	0.0	0.0	0.0	0.0	0.0135135	0.010582	0.010101	0.0153846	0.0	0.015748	0.0	0.0	0.0	0.0	0.0	0.0	0.0	0.0	0.0	0.0	0.0	0.0	0.0	0.0	0.0	0.0	0.0	0.0	0.0	0.0	0.0	0.0	0.0	0.0	0.0	0.0	0.0	0.0	0.0	0.0142857	0.0	0.0	0.0	0.0	0.0015	0.0072993	0.0052632	
Iceland Gull (<em class="sci">Larus glaucoides</em>)	0.010582	0.0275862	0.0217391	0.0379747	0.0078125	0.0337838	0.031746	0.0454545	0.0615385	0.0446429	0.0629921	0.0059172	0.0	0.0	0.0	0.0	0.0	0.0	0.0	0.0	0.0	0.0	0.0	0.0	0.0	0.0	0.0	0.0	0.0	0.0	0.0	0.0	0.0	0.0	0.0	0.0	0.0	0.0	0.0206897	0.0374332	0.0142857	0.006135	0.01875	0.0094787	0.0077519	0.0072464	0.0072993	0.0105263	
Larus sp. (<em class="sci">Larus sp.</em>)	0.047619	0.0137931	0.0289855	0.0168776	0.0390625	0.0135135	0.010582	0.0454545	0.0153846	0.0178571	0.023622	0.0	0.0	0.0140845	0.0200669	0.0076628	0.0176991	0.0	0.0	0.0	0.0	0.0381679	0.0169492	0.0442478	0.0580645	0.0246914	0.0318021	0.0319489	0.0160428	0.0360825	0.0136054	0.0488599	0.0209424	0.007874	0.0	0.0061728	0.0087719	0.010989	0.0068966	0.0106952	0.0142857	0.0122699	0.01875	0.0047393	0.0155039	0.0434783	0.0510949	0.0315789	
gull sp. (<em class="sci">Larinae sp.</em>)	0.1904762	0.2275862	0.1449275	0.257384	0.2265625	0.2094595	0.2063492	0.2070707	0.1769231	0.1696429	0.1181102	0.0591716	0.0373134	0.0422535	0.0602007	0.0766284	0.0353982	0.0172414	0.037037	0.0086207	0.0212766	0.0229008	0.0677966	0.079646	0.083871	0.0740741	0.0918728	0.0734824	0.1176471	0.0927835	0.0816327	0.0651466	0.0837696	0.0708661	0.0814815	0.0740741	0.0263158	0.043956	0.0689655	0.1069519	0.0928571	0.1472393	0.1375	0.2132701	0.1162791	0.1884058	0.189781	0.1578947	
Black Skimmer (<em class="sci">Rynchops niger</em>)	0.0	0.0	0.0	0.0	0.0	0.0	0.0	0.0	0.0	0.0	0.0	0.0	0.0	0.0	0.0	0.0	0.0	0.0	0.0	0.0	0.0	0.0	0.0	0.0	0.0774194	0.0	0.0	0.0	0.0	0.0	0.0	0.0	0.0	0.0	0.0	0.0	0.0	0.0	0.0	0.0	0.0	0.0	0.0	0.0	0.0	0.0	0.0	0.0	
Least Tern (<em class="sci">Sternula antillarum</em>)	0.0	0.0	0.0	0.0	0.0	0.0	0.0	0.0	0.0	0.0	0.0	0.0	0.0	0.0	0.0	0.0	0.0	0.0	0.0	0.0	0.0106383	0.0	0.0	0.0	0.0	0.0	0.0	0.0	0.0	0.0	0.0	0.0	0.0	0.0	0.0	0.0	0.0	0.0	0.0	0.0	0.0	0.0	0.0	0.0	0.0	0.0	0.0	0.0	
Caspian Tern (<em class="sci">Hydroprogne caspia</em>)	0.0	0.0	0.0	0.0	0.0	0.0	0.0	0.0	0.0	0.0	0.0	0.0118343	0.0373134	0.084507	0.1103679	0.1570881	0.0884956	0.0862069	0.037037	0.0603448	0.0851064	0.1068702	0.2627119	0.2477876	0.4451613	0.6502058	0.7632509	0.7571885	0.7219251	0.5463918	0.5986395	0.5504886	0.4397906	0.2362205	0.1777778	0.117284	0.0175439	0.0	0.0068966	0.0	0.0	0.0	0.0	0.0	0.0	0.0	0.0	0.0	
Black Tern (<em class="sci">Chlidonias niger</em>)	0.0	0.0	0.0	0.0	0.0	0.0	0.0	0.0	0.0	0.0	0.0	0.0	0.0	0.0	0.006689	0.0038314	0.0015	0.0431034	0.0	0.0	0.0106383	0.0	0.0	0.0	0.0064516	0.0205761	0.0282686	0.0223642	0.0160428	0.0	0.0068027	0.0	0.0	0.0	0.0	0.0	0.0	0.0	0.0	0.0	0.0	0.0	0.0	0.0	0.0	0.0	0.0	0.0	
Forster's Tern (<em class="sci">Sterna forsteri</em>)	0.0015	0.0	0.0144928	0.0	0.0078125	0.0337838	0.026455	0.030303	0.0076923	0.0178571	0.015748	0.0236686	0.0074627	0.0140845	0.0234114	0.0613027	0.0265487	0.0258621	0.0	0.0258621	0.0212766	0.0152672	0.0508475	0.0442478	0.1096774	0.0658436	0.1448763	0.0830671	0.0588235	0.0412371	0.0680272	0.0228013	0.0418848	0.0314961	0.0	0.0	0.0087719	0.0	0.0068966	0.0	0.0	0.0	0.00625	0.0047393	0.0	0.0	0.0	0.0052632	
Pied-billed Grebe (<em class="sci">Podilymbus podiceps</em>)	0.5291005	0.6137931	0.6811594	0.5738397	0.625	0.7027027	0.6349206	0.6868687	0.6384615	0.5446429	0.5590551	0.6390533	0.5373134	0.4507042	0.3177258	0.3409962	0.2920354	0.3189655	0.3580247	0.4051724	0.4255319	0.4122137	0.4491525	0.460177	0.4129032	0.4609053	0.4240283	0.3961661	0.4278075	0.4175258	0.4897959	0.3615635	0.408377	0.4488189	0.5925926	0.4567901	0.6491228	0.5714286	0.537931	0.513369	0.5285714	0.5889571	0.6	0.6350711	0.6046512	0.615942	0.5766423	0.5368421	
Horned Grebe (<em class="sci">Podiceps auritus</em>)	0.0	0.0	0.0	0.0	0.0078125	0.0135135	0.031746	0.0050505	0.0076923	0.0	0.007874	0.0	0.0	0.0	0.0	0.0	0.0	0.0	0.0	0.0	0.0	0.0	0.0	0.0	0.0	0.0	0.0	0.0	0.0	0.0	0.0	0.0	0.0	0.0	0.0	0.0	0.0	0.0	0.0068966	0.0	0.0015	0.006135	0.0	0.0	0.0	0.0	0.0	0.0	
Red-necked Grebe (<em class="sci">Podiceps grisegena</em>)	0.0	0.0	0.0	0.0	0.0	0.0	0.0	0.0	0.0	0.0	0.0	0.0	0.0	0.0	0.0	0.0	0.0	0.0	0.0	0.0	0.0	0.0	0.0	0.0	0.0	0.0	0.0	0.0	0.0	0.0	0.0	0.0	0.0	0.0	0.0	0.0061728	0.0	0.0	0.0	0.0	0.0	0.0	0.0	0.0	0.0	0.0	0.0	0.0	
Eared Grebe (<em class="sci">Podiceps nigricollis</em>)	0.047619	0.0965517	0.1086957	0.1476793	0.125	0.1216216	0.1111111	0.0606061	0.0461538	0.0535714	0.023622	0.035503	0.0223881	0.0070423	0.0	0.0	0.0	0.0	0.0	0.0	0.0	0.0	0.0	0.0	0.0	0.0	0.0035336	0.0	0.0	0.0	0.0	0.0	0.0	0.0	0.0962963	0.191358	0.245614	0.2032967	0.1655172	0.1657754	0.0714286	0.0981595	0.0875	0.1137441	0.0387597	0.0652174	0.0364964	0.0473684	
Horned/Eared Grebe (<em class="sci">Podiceps auritus/nigricollis</em>)	0.0	0.0	0.0	0.0	0.0	0.0067568	0.0	0.0	0.0	0.0	0.0	0.0	0.0	0.0	0.0	0.0	0.0	0.0	0.0	0.0	0.0	0.0	0.0	0.0	0.0	0.0	0.0	0.0	0.0	0.0	0.0	0.0	0.0	0.0	0.0	0.0	0.0	0.0	0.0	0.0	0.0	0.0	0.0	0.0	0.0	0.0	0.0	0.0	
Western Grebe (<em class="sci">Aechmophorus occidentalis</em>)	0.0	0.0	0.0072464	0.0	0.0015	0.0	0.005291	0.0151515	0.0	0.0	0.0	0.0059172	0.0298507	0.0211268	0.0	0.0038314	0.0	0.0	0.0	0.0	0.0	0.0076336	0.0	0.0	0.0015	0.0	0.0	0.0	0.0	0.0	0.0	0.0	0.0052356	0.0	0.0	0.0	0.0175439	0.0	0.0137931	0.0106952	0.0	0.006135	0.00625	0.0	0.0	0.0	0.0	0.0052632	
Clark's Grebe (<em class="sci">Aechmophorus clarkii</em>)	0.0	0.0	0.0	0.0	0.0	0.0	0.0	0.0	0.0076923	0.0	0.0	0.0	0.0	0.0070423	0.0	0.0229885	0.0	0.0	0.0	0.0	0.0	0.0	0.0	0.0	0.0	0.0	0.0	0.0	0.0	0.0	0.0	0.0	0.0	0.0	0.0	0.0	0.0	0.0	0.0	0.0053476	0.0	0.0	0.00625	0.0	0.0	0.0	0.0	0.0	
Western/Clark's Grebe (<em class="sci">Aechmophorus occidentalis/clarkii</em>)	0.0	0.0	0.0	0.0	0.0	0.0	0.0	0.0	0.0	0.0	0.0	0.0	0.0	0.0	0.0	0.0076628	0.0	0.0	0.0	0.0	0.0	0.0	0.0	0.0	0.0	0.0	0.0	0.0	0.0	0.0	0.0	0.0	0.0	0.0	0.0	0.0	0.0	0.0	0.0	0.0	0.0	0.0	0.0	0.0	0.0	0.0	0.0	0.0	
grebe sp. (<em class="sci">Podicipedidae sp.</em>)	0.0	0.0	0.0	0.0	0.0	0.0	0.0	0.0	0.0	0.0	0.0	0.0	0.0	0.0	0.0	0.0	0.0	0.0	0.0	0.0	0.0	0.0	0.0	0.0	0.0	0.0	0.0	0.0	0.0	0.0	0.0	0.0	0.0	0.0	0.0	0.0	0.0	0.0054945	0.0	0.0	0.0	0.0	0.0	0.0	0.0	0.0	0.0	0.0	
Double-crested Cormorant (<em class="sci">Nannopterum auritum</em>)	0.4021164	0.4413793	0.5072464	0.4219409	0.5234375	0.6216216	0.5555556	0.5707071	0.6384615	0.6696429	0.519685	0.7159763	0.6940299	0.6126761	0.5986622	0.5210728	0.4867257	0.5	0.4691358	0.3362069	0.5638298	0.519084	0.5508475	0.6017699	0.5225806	0.5390947	0.4699647	0.4888179	0.5294118	0.5463918	0.5170068	0.3973941	0.3717277	0.4409449	0.4296296	0.4074074	0.4649123	0.3626374	0.4137931	0.3957219	0.3714286	0.3496933	0.35625	0.3696682	0.3178295	0.4782609	0.4233577	0.3842105	
Glossy Ibis (<em class="sci">Plegadis falcinellus</em>)	0.0	0.0	0.0	0.0	0.0	0.0	0.0	0.0	0.0	0.0	0.0	0.0	0.0	0.0	0.0	0.0	0.0	0.0	0.0	0.0	0.0	0.0	0.0	0.0	0.0	0.0	0.0	0.028754	0.0106952	0.0	0.0	0.009772	0.0	0.0	0.0015	0.0	0.0	0.0	0.0	0.0	0.0	0.0	0.0	0.0	0.0	0.0	0.0	0.0	
White-faced Ibis (<em class="sci">Plegadis chihi</em>)	0.3492063	0.2413793	0.3623188	0.2658228	0.2421875	0.3175676	0.3968254	0.6111111	0.7230769	0.7767857	0.8661417	0.9230769	0.9253731	0.8943662	0.8963211	0.8429119	0.8053097	0.8017241	0.7777778	0.6293103	0.712766	0.7557252	0.7033898	0.7345133	0.7290323	0.8559671	0.8621908	0.9073482	0.9090909	0.8969072	0.9047619	0.8859935	0.8324607	0.8346457	0.8666667	0.8518519	0.7192982	0.6648352	0.6827586	0.5668449	0.5857143	0.6196319	0.4875	0.507109	0.4263566	0.4057971	0.3430657	0.3473684	
Glossy x White-faced Ibis (hybrid) (<em class="sci">Plegadis falcinellus x chihi</em>)	0.0	0.0	0.0	0.0	0.0	0.0	0.0	0.0	0.0	0.0	0.0	0.0	0.0	0.0	0.0	0.0	0.0	0.0	0.0	0.0015	0.0	0.0076336	0.0	0.0	0.0015	0.0	0.0	0.0	0.0	0.0	0.0	0.0	0.0	0.0	0.0	0.0	0.0	0.0	0.0	0.0	0.0	0.0	0.0	0.0	0.0	0.0	0.0	0.0	
Glossy/White-faced Ibis (<em class="sci">Plegadis falcinellus/chihi</em>)	0.0	0.0	0.0	0.0	0.0	0.0	0.0	0.0	0.0	0.0	0.0	0.0	0.0074627	0.0	0.0	0.0	0.0	0.0	0.0	0.0	0.0	0.0	0.0	0.0	0.0	0.0	0.0	0.0031949	0.0	0.0	0.0	0.0	0.0	0.0	0.0	0.0	0.0	0.0	0.0	0.0	0.0	0.0	0.0	0.0	0.0	0.0	0.0	0.0	
American Bittern (<em class="sci">Botaurus lentiginosus</em>)	0.2380952	0.2068966	0.2318841	0.1772152	0.21875	0.2162162	0.1111111	0.1414141	0.1923077	0.1607143	0.1732283	0.2130178	0.2462687	0.2887324	0.3244147	0.2950192	0.2212389	0.2241379	0.3333333	0.2844828	0.2765957	0.1908397	0.1440678	0.159292	0.0645161	0.1028807	0.0954064	0.1182109	0.1604278	0.1185567	0.1768707	0.1465798	0.1308901	0.0708661	0.1037037	0.1296296	0.2105263	0.2637363	0.2482759	0.2192513	0.1357143	0.1840491	0.15	0.2132701	0.1860465	0.1594203	0.1970803	0.2052632	
Least Bittern (<em class="sci">Botaurus exilis</em>)	0.015873	0.0068966	0.0144928	0.0168776	0.0	0.0	0.005291	0.0050505	0.0	0.0	0.0	0.0	0.0	0.0	0.006689	0.0153257	0.0088496	0.0086207	0.037037	0.0172414	0.0212766	0.0152672	0.0508475	0.0442478	0.0193548	0.1111111	0.0883392	0.0319489	0.0213904	0.0257732	0.0544218	0.0228013	0.0052356	0.023622	0.0	0.0	0.0	0.0	0.0	0.0	0.0	0.0	0.0	0.0047393	0.0	0.0	0.0145985	0.0105263	
Black-crowned Night Heron (<em class="sci">Nycticorax nycticorax</em>)	0.3068783	0.337931	0.384058	0.4261603	0.4765625	0.3986486	0.2433862	0.2020202	0.2461538	0.2767857	0.2204724	0.147929	0.1567164	0.2253521	0.3979933	0.4789272	0.619469	0.6810345	0.8024691	0.6206897	0.712766	0.6793893	0.6779661	0.6548673	0.5741935	0.6460905	0.6360424	0.6166134	0.6363636	0.6597938	0.7006803	0.6091205	0.5340314	0.5433071	0.3555556	0.308642	0.2894737	0.1538462	0.1586207	0.1497326	0.1571429	0.190184	0.20625	0.2132701	0.2713178	0.3695652	0.4014599	0.3684211	
Little Blue Heron (<em class="sci">Egretta caerulea</em>)	0.0	0.0	0.0	0.0	0.0	0.0	0.0	0.0	0.0	0.0	0.0	0.0	0.0	0.0	0.0	0.0	0.0	0.0	0.0	0.0	0.0	0.0	0.0	0.0	0.0	0.0	0.0	0.0	0.0	0.0015	0.0	0.0	0.0	0.0	0.0	0.0	0.0	0.0	0.0	0.0	0.0	0.0	0.0	0.0	0.0	0.0	0.0	0.0	
Snowy Egret (<em class="sci">Egretta thula</em>)	0.6031746	0.5655172	0.6304348	0.6033755	0.6640625	0.5202703	0.6613757	0.7676768	0.6923077	0.6785714	0.6771654	0.8106509	0.858209	0.8309859	0.8327759	0.8812261	0.8495575	0.887931	0.7530864	0.7068966	0.8510638	0.740458	0.8050847	0.7876106	0.7870968	0.8641975	0.8621908	0.8530351	0.8983957	0.871134	0.8707483	0.742671	0.8010471	0.8031496	0.7333333	0.691358	0.6140351	0.5659341	0.5517241	0.540107	0.6142857	0.5889571	0.46875	0.7393365	0.7209302	0.6666667	0.6715328	0.5631579	
Green Heron (<em class="sci">Butorides virescens</em>)	0.010582	0.0206897	0.0217391	0.0042194	0.0078125	0.0135135	0.0015	0.0151515	0.0076923	0.0	0.0	0.0414201	0.0298507	0.0211268	0.0167224	0.0153257	0.0353982	0.1034483	0.1234568	0.0431034	0.0638298	0.0992366	0.1694915	0.1415929	0.1483871	0.2139918	0.2014134	0.2300319	0.3850267	0.3453608	0.3877551	0.1791531	0.2931937	0.2362205	0.2740741	0.117284	0.0701754	0.0659341	0.0206897	0.0160428	0.0214286	0.0122699	0.025	0.0331754	0.0077519	0.0072464	0.0145985	0.0105263	
Western Cattle-Egret (<em class="sci">Ardea ibis</em>)	0.042328	0.0137931	0.0362319	0.0042194	0.0390625	0.0472973	0.0952381	0.0757576	0.0153846	0.0714286	0.0708661	0.0295858	0.0074627	0.0422535	0.0100334	0.0191571	0.0265487	0.0431034	0.0493827	0.0172414	0.0744681	0.0	0.0338983	0.0353982	0.0322581	0.0411523	0.0636042	0.0734824	0.0855615	0.0721649	0.0680272	0.0749186	0.0314136	0.0551181	0.0592593	0.0802469	0.0350877	0.0659341	0.0896552	0.0802139	0.05	0.1104294	0.075	0.1563981	0.1085271	0.1086957	0.1386861	0.0894737	
Great Egret (<em class="sci">Ardea alba</em>)	0.9206349	0.8965517	0.9492754	0.8776371	0.921875	0.9054054	0.9259259	0.9191919	0.9153846	0.9642857	0.9527559	0.964497	0.9253731	0.9366197	0.9264214	0.954023	0.9380531	0.9310345	0.9876543	0.887931	0.9361702	0.9160305	0.9237288	0.9646018	0.9354839	0.9423868	0.9399293	0.9584665	0.9251337	0.9587629	0.9659864	0.9315961	0.9005236	0.9370079	0.962963	0.9320988	0.877193	0.9065934	0.9448276	0.9572193	0.9285714	0.9263804	0.85625	0.957346	0.9069767	0.9057971	0.9416058	0.9052632	
Great Blue Heron (<em class="sci">Ardea herodias</em>)	0.7195767	0.6965517	0.7391304	0.6708861	0.796875	0.7432432	0.7248677	0.7626263	0.7	0.7767857	0.7244094	0.816568	0.7835821	0.8309859	0.8227425	0.8429119	0.7522124	0.8534483	0.9012346	0.7844828	0.8723404	0.8396947	0.8389831	0.9292035	0.8580645	0.8930041	0.869258	0.8977636	0.8609626	0.8505155	0.9183673	0.7915309	0.7905759	0.8346457	0.8962963	0.8395062	0.8333333	0.8351648	0.8689655	0.8181818	0.8428571	0.791411	0.7375	0.8199052	0.8062016	0.7681159	0.7810219	0.7157895	
white egret sp. (<em class="sci">Egretta/Ardea sp.</em>)	0.0	0.0	0.0	0.0	0.0	0.0	0.0	0.0050505	0.0	0.0	0.0	0.0	0.0074627	0.0	0.0	0.0	0.0	0.0	0.0	0.0	0.0	0.0	0.0	0.0	0.0	0.0	0.0	0.0	0.0	0.0	0.0	0.0	0.0	0.0	0.0	0.0	0.0	0.0	0.0	0.0	0.0	0.0	0.0	0.0	0.0	0.0	0.0	0.0	
American White Pelican (<em class="sci">Pelecanus erythrorhynchos</em>)	0.0846561	0.0758621	0.1811594	0.1898734	0.2109375	0.2972973	0.3227513	0.4040404	0.4076923	0.4196429	0.4409449	0.3254438	0.4253731	0.3309859	0.4548495	0.4904215	0.4070796	0.5689655	0.3950617	0.387931	0.5851064	0.4656489	0.6016949	0.4867257	0.4451613	0.382716	0.3957597	0.4121406	0.4010695	0.371134	0.3877551	0.3908795	0.408377	0.1968504	0.2074074	0.1296296	0.1403509	0.0879121	0.0551724	0.1764706	0.1857143	0.1717791	0.075	0.1469194	0.1085271	0.057971	0.0656934	0.0684211	
Brown Pelican (<em class="sci">Pelecanus occidentalis</em>)	0.0	0.0	0.0	0.0	0.0	0.0	0.0	0.0	0.0	0.0	0.0	0.0	0.0	0.0	0.0	0.0	0.0	0.0	0.0	0.0	0.0	0.0	0.0	0.0	0.0	0.0	0.0035336	0.0	0.0	0.0015	0.0	0.0162866	0.0052356	0.0	0.0	0.0061728	0.0	0.0	0.0	0.0	0.0	0.0	0.0	0.0	0.0	0.0	0.0	0.0	
Turkey Vulture (<em class="sci">Cathartes aura</em>)	0.3544974	0.3862069	0.4275362	0.3544304	0.4921875	0.3918919	0.4656085	0.4949495	0.5076923	0.5089286	0.3307087	0.4792899	0.5	0.3802817	0.3712375	0.348659	0.3628319	0.4396552	0.4320988	0.5	0.4893617	0.5496183	0.6186441	0.5132743	0.5096774	0.4855967	0.4240283	0.5079872	0.486631	0.6134021	0.6326531	0.5276873	0.5602094	0.5433071	0.7037037	0.617284	0.6052632	0.6263736	0.5862069	0.5614973	0.5642857	0.5337423	0.4125	0.4123223	0.4186047	0.4492754	0.4306569	0.4315789	
Osprey (<em class="sci">Pandion haliaetus</em>)	0.015873	0.0137931	0.0144928	0.0126582	0.0078125	0.0202703	0.021164	0.0151515	0.0	0.0089286	0.0314961	0.0295858	0.0223881	0.0492958	0.0234114	0.0536398	0.0353982	0.0431034	0.0123457	0.0172414	0.0106383	0.0152672	0.0338983	0.0088496	0.0258065	0.0123457	0.024735	0.0351438	0.0695187	0.056701	0.0136054	0.019544	0.052356	0.015748	0.0074074	0.0185185	0.0087719	0.010989	0.0137931	0.0106952	0.0	0.006135	0.0	0.0047393	0.0	0.0	0.0072993	0.0	
White-tailed Kite (<em class="sci">Elanus leucurus</em>)	0.5767196	0.6137931	0.6594203	0.5949367	0.46875	0.4594595	0.3492063	0.3939394	0.2307692	0.1785714	0.1259843	0.1775148	0.1567164	0.2253521	0.0869565	0.0881226	0.1150442	0.1551724	0.1851852	0.137931	0.1170213	0.2061069	0.1016949	0.1415929	0.1677419	0.2304527	0.2508834	0.2907348	0.4331551	0.3608247	0.4285714	0.2964169	0.3769634	0.3937008	0.4740741	0.4197531	0.5438596	0.467033	0.5655172	0.5775401	0.6142857	0.5521472	0.46875	0.5687204	0.496124	0.6014493	0.5839416	0.6315789	
Golden Eagle (<em class="sci">Aquila chrysaetos</em>)	0.005291	0.0068966	0.0072464	0.0042194	0.0	0.0067568	0.0	0.0050505	0.0	0.0	0.007874	0.0	0.0	0.0140845	0.006689	0.0	0.0176991	0.0	0.0	0.0086207	0.0	0.0	0.0	0.0	0.0	0.0041152	0.0070671	0.0031949	0.0	0.0	0.0	0.0	0.0	0.007874	0.0	0.0061728	0.0	0.0	0.0	0.0	0.0	0.0	0.00625	0.0047393	0.0155039	0.0	0.0072993	0.0052632	
Sharp-shinned Hawk (<em class="sci">Accipiter striatus</em>)	0.031746	0.0482759	0.0434783	0.0548523	0.0703125	0.0608108	0.031746	0.030303	0.0153846	0.0178571	0.0393701	0.0532544	0.0223881	0.0211268	0.0133779	0.0038314	0.0	0.0	0.0	0.0	0.0	0.0	0.0	0.0	0.0	0.0	0.0	0.0	0.0	0.0051546	0.0	0.0	0.0	0.023622	0.0	0.0185185	0.0175439	0.0384615	0.0482759	0.0534759	0.0428571	0.0245399	0.01875	0.0473934	0.0310078	0.0507246	0.0364964	0.0894737	
Cooper's Hawk (<em class="sci">Astur cooperii</em>)	0.3068783	0.1862069	0.2898551	0.257384	0.296875	0.2162162	0.1640212	0.2878788	0.1461538	0.2589286	0.2362205	0.1715976	0.0970149	0.1056338	0.0401338	0.0153257	0.0176991	0.0	0.0	0.0258621	0.0	0.0076336	0.0084746	0.0088496	0.0064516	0.0041152	0.024735	0.0351438	0.0374332	0.0618557	0.1020408	0.0651466	0.0471204	0.0629921	0.1185185	0.1666667	0.2368421	0.2747253	0.2965517	0.2245989	0.25	0.2822086	0.26875	0.2701422	0.3023256	0.326087	0.2846715	0.3105263	
Sharp-shinned/Cooper's Hawk (<em class="sci">Accipiter striatus/Astur cooperii</em>)	0.005291	0.0	0.0	0.0084388	0.0078125	0.0067568	0.0	0.0050505	0.0	0.0	0.007874	0.0015	0.0	0.0	0.0033445	0.0038314	0.0	0.0	0.0	0.0	0.0	0.0	0.0	0.0	0.0	0.0	0.0070671	0.0031949	0.0	0.0051546	0.0	0.0	0.0	0.0	0.0	0.0	0.0087719	0.010989	0.0068966	0.0	0.0	0.0	0.00625	0.0	0.0077519	0.0072464	0.0	0.0	
Accipitrine hawk sp. (former Accipiter sp.) (<em class="sci">Aerospiza/Tachyspiza/Accipiter/Astur sp.</em>)	0.0015	0.0206897	0.0144928	0.0126582	0.0078125	0.0135135	0.031746	0.0	0.0230769	0.0178571	0.0	0.0059172	0.0149254	0.0	0.006689	0.0076628	0.0	0.0	0.0123457	0.0	0.0	0.0	0.0	0.0	0.0	0.0	0.0070671	0.0	0.0	0.0	0.0	0.0	0.0	0.0	0.0	0.0	0.0087719	0.0	0.0206897	0.0106952	0.0142857	0.0122699	0.0	0.0236967	0.0155039	0.0217391	0.0145985	0.0015	
Northern Harrier (<em class="sci">Circus hudsonius</em>)	0.8518519	0.8275862	0.8550725	0.7257384	0.8125	0.8310811	0.8201058	0.8383838	0.8230769	0.8571429	0.7322835	0.8106509	0.7910448	0.7323944	0.5117057	0.4712644	0.4159292	0.4827586	0.3950617	0.2931034	0.2659574	0.3587786	0.2372881	0.2300885	0.4	0.3786008	0.5053004	0.4824281	0.5828877	0.5876289	0.6394558	0.6254072	0.6230366	0.6456693	0.8148148	0.7469136	0.8333333	0.8131868	0.8344828	0.8502674	0.9142857	0.8895706	0.875	0.9146919	0.875969	0.7898551	0.8832117	0.8526316	
Bald Eagle (<em class="sci">Haliaeetus leucocephalus</em>)	0.010582	0.0068966	0.0072464	0.0042194	0.015625	0.0	0.026455	0.030303	0.0230769	0.0267857	0.023622	0.0118343	0.0298507	0.056338	0.0367893	0.0114943	0.0176991	0.0258621	0.0	0.0172414	0.0319149	0.0229008	0.0084746	0.0	0.0193548	0.0082305	0.0176678	0.0063898	0.0	0.0	0.0	0.0	0.0	0.0	0.0074074	0.0061728	0.0087719	0.0	0.0	0.0053476	0.0	0.0122699	0.00625	0.0	0.0	0.0	0.0218978	0.0157895	
Red-shouldered Hawk (<em class="sci">Buteo lineatus</em>)	0.6137566	0.4896552	0.5217391	0.5147679	0.53125	0.3918919	0.3280423	0.3333333	0.3461538	0.1785714	0.1102362	0.112426	0.1044776	0.0633803	0.0367893	0.0651341	0.0088496	0.0775862	0.0123457	0.0689655	0.0744681	0.0763359	0.059322	0.0353982	0.0580645	0.0617284	0.0636042	0.1086262	0.1390374	0.185567	0.1904762	0.1498371	0.0942408	0.1653543	0.2148148	0.2283951	0.4122807	0.3351648	0.3655172	0.3475936	0.45	0.5092025	0.43125	0.5545024	0.6744186	0.673913	0.5547445	0.5736842	
Swainson's Hawk (<em class="sci">Buteo swainsoni</em>)	0.005291	0.0	0.0	0.0	0.0	0.0067568	0.0015	0.0	0.0015	0.0267857	0.0944882	0.3431953	0.5	0.5070423	0.4414716	0.5095785	0.380531	0.5086207	0.4197531	0.3965517	0.4680851	0.6564885	0.5	0.5575221	0.4967742	0.4074074	0.4628975	0.4345048	0.4919786	0.5154639	0.5034014	0.3517915	0.3350785	0.2992126	0.2740741	0.3148148	0.1578947	0.1538462	0.0482759	0.0160428	0.0071429	0.0	0.0	0.0047393	0.0	0.0072464	0.0	0.0052632	
Red-tailed Hawk (<em class="sci">Buteo jamaicensis</em>)	0.8412698	0.7310345	0.8188406	0.7383966	0.7265625	0.7162162	0.7195767	0.6919192	0.6230769	0.7857143	0.6377953	0.7692308	0.6492537	0.6126761	0.4816054	0.4367816	0.460177	0.5431034	0.4074074	0.5344828	0.3617021	0.4885496	0.3559322	0.3539823	0.3677419	0.3168724	0.3568905	0.3738019	0.3262032	0.3865979	0.414966	0.4104235	0.3717277	0.4173228	0.5851852	0.6666667	0.6754386	0.6813187	0.7310345	0.7433155	0.7928571	0.7852761	0.7375	0.8672986	0.8139535	0.8333333	0.8175182	0.7789474	
Rough-legged Hawk (<em class="sci">Buteo lagopus</em>)	0.0	0.0	0.0072464	0.0	0.0	0.0	0.0	0.0050505	0.0	0.0	0.0	0.0	0.0	0.0	0.0	0.0	0.0	0.0	0.0	0.0	0.0	0.0	0.0	0.0	0.0	0.0	0.0	0.0	0.0	0.0	0.0	0.0	0.0	0.0	0.0	0.0	0.0	0.0	0.0	0.0	0.0	0.0	0.00625	0.0	0.0015	0.0015	0.0	0.0052632	
Ferruginous Hawk (<em class="sci">Buteo regalis</em>)	0.0	0.0	0.0072464	0.0042194	0.0	0.0	0.0	0.010101	0.0	0.0	0.0	0.0118343	0.0074627	0.0	0.0015	0.0	0.0	0.0	0.0	0.0	0.0	0.0	0.0	0.0	0.0	0.0	0.0	0.0	0.0	0.0	0.0	0.0	0.0	0.0	0.0	0.0	0.0	0.0	0.0	0.0160428	0.0015	0.0	0.0	0.0094787	0.0077519	0.0	0.0	0.0052632	
Buteo sp. (<em class="sci">Buteo sp.</em>)	0.0	0.0	0.0	0.0	0.0	0.0	0.0	0.0	0.0	0.0	0.0	0.0	0.0074627	0.0	0.0	0.0	0.0	0.0	0.0	0.0	0.0106383	0.0	0.0	0.0015	0.0	0.0	0.0	0.0	0.0	0.0	0.0	0.0	0.0	0.0	0.0074074	0.0	0.0	0.0	0.0068966	0.0	0.0	0.0	0.0	0.0	0.0	0.0	0.0	0.0	
hawk sp. (<em class="sci">Accipitridae sp. (hawk sp.)</em>)	0.0	0.0068966	0.0	0.0	0.0	0.0	0.0	0.0	0.0	0.0	0.0	0.0	0.0074627	0.0	0.0	0.0	0.0	0.0	0.0	0.0	0.0	0.0	0.0	0.0	0.0	0.0	0.0035336	0.0	0.0	0.0	0.0	0.0	0.0	0.0	0.0	0.0	0.0	0.0054945	0.0	0.0	0.0	0.0	0.0	0.0	0.0	0.0072464	0.0	0.0	
American Barn Owl (<em class="sci">Tyto furcata</em>)	0.0015	0.0	0.0144928	0.0	0.0	0.0067568	0.005291	0.0151515	0.0	0.0	0.007874	0.0118343	0.0	0.0	0.0167224	0.0344828	0.0442478	0.0689655	0.0246914	0.0172414	0.0	0.0458015	0.0	0.0088496	0.0064516	0.0123457	0.0282686	0.0255591	0.0427807	0.056701	0.0680272	0.0684039	0.0890052	0.0866142	0.0518519	0.0493827	0.0087719	0.0054945	0.0275862	0.0053476	0.0214286	0.0122699	0.01875	0.0189573	0.0077519	0.0	0.0	0.0105263	
Western Screech-Owl (<em class="sci">Megascops kennicottii</em>)	0.0	0.0	0.0	0.0	0.0	0.0067568	0.0	0.0	0.0	0.0	0.0	0.0	0.0	0.0	0.0	0.0	0.0	0.0	0.0	0.0	0.0	0.0076336	0.0	0.0	0.0	0.0	0.0	0.0	0.0	0.0	0.0	0.0	0.0	0.0	0.0	0.0061728	0.0	0.0	0.0	0.0053476	0.0	0.0	0.0	0.0	0.0	0.0	0.0	0.0	
Great Horned Owl (<em class="sci">Bubo virginianus</em>)	0.1798942	0.1724138	0.2536232	0.2362869	0.265625	0.2432432	0.1693122	0.1919192	0.2692308	0.25	0.2598425	0.2485207	0.141791	0.1549296	0.1337793	0.1570881	0.1327434	0.2241379	0.0864198	0.0431034	0.0638298	0.0916031	0.0338983	0.0265487	0.0516129	0.0288066	0.0318021	0.0415335	0.0909091	0.0927835	0.0680272	0.0586319	0.0418848	0.0629921	0.1259259	0.0308642	0.0964912	0.0604396	0.0689655	0.0695187	0.05	0.1042945	0.10625	0.1090047	0.1085271	0.1521739	0.1313869	0.2315789	
Burrowing Owl (<em class="sci">Athene cunicularia</em>)	0.0	0.0	0.0	0.0126582	0.0	0.0	0.005291	0.0050505	0.0	0.0	0.007874	0.0	0.0074627	0.0	0.0	0.0	0.0015	0.0086207	0.0	0.0	0.0	0.0	0.0	0.0088496	0.0	0.0	0.0	0.0031949	0.0	0.0051546	0.0015	0.0	0.0	0.0	0.0	0.0	0.0	0.0	0.0	0.0	0.0	0.0	0.00625	0.0094787	0.0	0.0	0.0	0.0	
Short-eared Owl (<em class="sci">Asio flammeus</em>)	0.005291	0.0068966	0.0144928	0.0084388	0.0078125	0.0067568	0.005291	0.0151515	0.0015	0.0	0.0015	0.0	0.0	0.0	0.0	0.0038314	0.0	0.0	0.0	0.0	0.0	0.0	0.0	0.0	0.0	0.0	0.0	0.0015	0.0	0.0	0.0	0.0	0.0	0.0	0.0015	0.0	0.0	0.0054945	0.0	0.0053476	0.0428571	0.0306748	0.0125	0.0047393	0.0	0.0	0.0	0.0105263	
Belted Kingfisher (<em class="sci">Megaceryle alcyon</em>)	0.1957672	0.1655172	0.2028986	0.2067511	0.2890625	0.2297297	0.2539683	0.2272727	0.1461538	0.2321429	0.1417323	0.1242604	0.0746269	0.0211268	0.0434783	0.0229885	0.0	0.0431034	0.037037	0.0344828	0.0425532	0.0381679	0.0932203	0.079646	0.1419355	0.0658436	0.0636042	0.1373802	0.1283422	0.185567	0.1632653	0.1172638	0.1204188	0.1574803	0.2666667	0.1851852	0.2982456	0.1648352	0.1172414	0.1229947	0.1714286	0.1779141	0.16875	0.2464455	0.2868217	0.2463768	0.2627737	0.2473684	
Red-breasted Sapsucker (<em class="sci">Sphyrapicus ruber</em>)	0.0	0.0068966	0.0	0.0	0.0	0.0	0.0	0.0	0.0	0.0	0.0	0.0	0.0	0.0	0.0	0.0	0.0	0.0	0.0	0.0	0.0	0.0	0.0	0.0	0.0	0.0	0.0	0.0	0.0	0.0	0.0	0.0	0.0	0.0	0.0	0.0	0.0	0.0	0.0	0.0	0.0	0.0	0.0	0.0	0.0	0.0	0.0	0.0	
Lewis's Woodpecker (<em class="sci">Melanerpes lewis</em>)	0.0	0.0	0.0	0.0	0.0	0.0	0.0	0.0	0.0	0.0	0.0	0.0	0.0	0.0	0.0	0.0	0.0088496	0.0	0.0	0.0	0.0	0.0	0.0	0.0	0.0	0.0	0.0	0.0	0.0	0.0	0.0	0.0	0.0	0.0	0.0	0.0	0.0	0.0	0.0	0.0053476	0.0	0.0	0.0	0.0	0.0	0.0	0.0	0.0	
Acorn Woodpecker (<em class="sci">Melanerpes formicivorus</em>)	0.0	0.0	0.0	0.0	0.0	0.0	0.0	0.0	0.0	0.0	0.0	0.0	0.0	0.0015	0.0	0.0	0.0088496	0.0	0.0123457	0.0	0.0	0.0	0.0	0.0	0.0	0.0	0.0	0.0	0.0	0.0051546	0.0	0.0	0.0	0.007874	0.0	0.0	0.0	0.0054945	0.0	0.0053476	0.0	0.0	0.0	0.0047393	0.0	0.0	0.0	0.0015	
Downy Woodpecker (<em class="sci">Dryobates pubescens</em>)	0.0634921	0.0896552	0.0724638	0.0970464	0.09375	0.0472973	0.0740741	0.0505051	0.0615385	0.0803571	0.023622	0.0769231	0.0522388	0.0422535	0.0401338	0.0536398	0.0353982	0.0517241	0.0617284	0.0689655	0.0425532	0.1145038	0.0338983	0.0973451	0.1096774	0.0617284	0.04947	0.0383387	0.0213904	0.0773196	0.047619	0.0358306	0.0209424	0.0708661	0.0740741	0.0432099	0.0350877	0.0384615	0.0344828	0.0374332	0.0357143	0.0429448	0.01875	0.0331754	0.0775194	0.1521739	0.0948905	0.1052632	
Nuttall's Woodpecker (<em class="sci">Dryobates nuttallii</em>)	0.0634921	0.0758621	0.0507246	0.0970464	0.125	0.0608108	0.0793651	0.0707071	0.0846154	0.0714286	0.0393701	0.112426	0.0522388	0.0774648	0.0535117	0.0957854	0.0884956	0.1810345	0.1604938	0.1293103	0.1170213	0.1984733	0.1779661	0.1858407	0.1677419	0.1399177	0.1236749	0.1533546	0.1336898	0.1907216	0.1496599	0.1107492	0.0890052	0.1338583	0.1555556	0.0987654	0.1403509	0.1318681	0.0551724	0.0320856	0.0428571	0.1104294	0.0625	0.0758294	0.1162791	0.1014493	0.0729927	0.1263158	
Hairy Woodpecker (<em class="sci">Leuconotopicus villosus</em>)	0.005291	0.0068966	0.0	0.0042194	0.0	0.0	0.0	0.0	0.0	0.0	0.0	0.0	0.0	0.0	0.0	0.0	0.0	0.0	0.0123457	0.0	0.0	0.0	0.0	0.0	0.0	0.0	0.0035336	0.0	0.0	0.0051546	0.0	0.0	0.0	0.0	0.0	0.0	0.0087719	0.0	0.0	0.0053476	0.0	0.0	0.0	0.0047393	0.0	0.0	0.0072993	0.0	
Downy/Hairy Woodpecker (<em class="sci">Dryobates pubescens/Leuconotopicus villosus</em>)	0.0	0.0	0.0	0.0	0.0	0.0	0.0	0.0	0.0	0.0	0.0	0.0	0.0	0.0	0.0	0.0	0.0	0.0	0.0	0.0	0.0	0.0	0.0	0.0	0.0	0.0	0.0	0.0	0.0	0.0	0.0	0.0	0.0	0.0	0.0	0.0	0.0	0.0	0.0	0.0	0.0	0.0	0.0	0.0	0.0	0.0	0.0072993	0.0	
Northern Flicker (<em class="sci">Colaptes auratus</em>)	0.047619	0.0965517	0.0797101	0.0970464	0.109375	0.1418919	0.1375661	0.1262626	0.1230769	0.1607143	0.1496063	0.1360947	0.0298507	0.0070423	0.0033445	0.0153257	0.0	0.0258621	0.0246914	0.0	0.0	0.0	0.0084746	0.0088496	0.0064516	0.0041152	0.0035336	0.0063898	0.0	0.0051546	0.0068027	0.009772	0.0	0.0	0.037037	0.1049383	0.245614	0.0659341	0.1172414	0.1016043	0.0714286	0.0736196	0.0625	0.07109	0.0542636	0.0797101	0.0729927	0.1368421	
American Kestrel (<em class="sci">Falco sparverius</em>)	0.5608466	0.5310345	0.5869565	0.4683544	0.4765625	0.3918919	0.3544974	0.4242424	0.3230769	0.2857143	0.2047244	0.1538462	0.1716418	0.1056338	0.0869565	0.0613027	0.0442478	0.0775862	0.1851852	0.0862069	0.0957447	0.1679389	0.0677966	0.0530973	0.1096774	0.0658436	0.0636042	0.1086262	0.1069519	0.2010309	0.2176871	0.2019544	0.2408377	0.2283465	0.3925926	0.3765432	0.4298246	0.3791209	0.3931034	0.4064171	0.4285714	0.3803681	0.46875	0.492891	0.5658915	0.5	0.5547445	0.6	
Merlin (<em class="sci">Falco columbarius</em>)	0.047619	0.0689655	0.0724638	0.0295359	0.046875	0.0540541	0.037037	0.0555556	0.0153846	0.0357143	0.0393701	0.0236686	0.0447761	0.0140845	0.0334448	0.0153257	0.0	0.0	0.0	0.0	0.0	0.0	0.0	0.0	0.0	0.0	0.0	0.0	0.0	0.0	0.0	0.0	0.0	0.007874	0.0148148	0.0061728	0.0087719	0.010989	0.0137931	0.0427807	0.05	0.0797546	0.03125	0.0379147	0.0387597	0.0289855	0.0510949	0.0473684	
Peregrine Falcon (<em class="sci">Falco peregrinus</em>)	0.1058201	0.1448276	0.1231884	0.0759494	0.1171875	0.0743243	0.1640212	0.1212121	0.0769231	0.1071429	0.0472441	0.0532544	0.0895522	0.1126761	0.1438127	0.0881226	0.0265487	0.0258621	0.037037	0.0172414	0.0319149	0.0229008	0.0508475	0.0353982	0.1290323	0.1481481	0.1908127	0.2172524	0.2459893	0.3092784	0.2040816	0.276873	0.2670157	0.2125984	0.1777778	0.2407407	0.1403509	0.1923077	0.1724138	0.1604278	0.1928571	0.1533742	0.13125	0.1563981	0.1705426	0.1376812	0.1605839	0.1421053	
Prairie Falcon (<em class="sci">Falco mexicanus</em>)	0.005291	0.0137931	0.0289855	0.0	0.0234375	0.0067568	0.010582	0.0	0.0076923	0.0	0.0	0.0	0.0074627	0.0070423	0.0	0.0114943	0.0	0.0	0.0	0.0	0.0	0.0	0.0	0.0	0.0	0.0	0.0	0.0	0.0	0.0	0.0	0.0032573	0.0052356	0.015748	0.0074074	0.0061728	0.0	0.0	0.0068966	0.0320856	0.0214286	0.0245399	0.0	0.014218	0.0232558	0.0072464	0.0	0.0210526	
large falcon sp. (<em class="sci">Falco sp. (large falcon sp.)</em>)	0.0	0.0	0.0	0.0	0.0	0.0	0.0	0.0	0.0	0.0	0.0	0.0	0.0	0.0	0.0	0.0	0.0	0.0	0.0	0.0	0.0	0.0	0.0	0.0	0.0	0.0	0.0	0.0	0.0	0.0	0.0	0.0	0.0	0.0	0.0	0.0	0.0	0.0	0.0068966	0.0	0.0	0.0	0.0	0.0	0.0	0.0	0.0	0.0	
Budgerigar (<em class="sci">Melopsittacus undulatus</em>)	0.0	0.0	0.0	0.0	0.0	0.0	0.0	0.0	0.0	0.0	0.0	0.0	0.0	0.0	0.0	0.0	0.0	0.0	0.0	0.0	0.0	0.0	0.0	0.0	0.0	0.0	0.0	0.0	0.0	0.0	0.0	0.0	0.0	0.0393701	0.0148148	0.0	0.0	0.0	0.0	0.0	0.0	0.0	0.0	0.0	0.0	0.0	0.0	0.0	
Olive-sided Flycatcher (<em class="sci">Contopus cooperi</em>)	0.0	0.0	0.0	0.0	0.0	0.0	0.0	0.0	0.0	0.0	0.0	0.0	0.0	0.0	0.0	0.0	0.0	0.0086207	0.037037	0.0172414	0.0212766	0.0	0.0	0.0	0.0	0.0	0.0	0.0	0.0	0.0051546	0.0	0.0	0.0	0.0	0.0	0.0	0.0	0.0	0.0	0.0	0.0	0.0	0.0	0.0	0.0	0.0	0.0	0.0	
Western Wood-Pewee (<em class="sci">Contopus sordidulus</em>)	0.0	0.0	0.0	0.0	0.0	0.0	0.0	0.0	0.0	0.0	0.0	0.0	0.0	0.0	0.0033445	0.0076628	0.0176991	0.0344828	0.037037	0.0775862	0.0531915	0.0	0.0084746	0.0	0.0	0.0	0.0070671	0.0	0.0053476	0.0103093	0.0272109	0.0065147	0.0104712	0.0314961	0.0074074	0.0061728	0.0	0.0015	0.0	0.0	0.0	0.0	0.0	0.0	0.0	0.0	0.0	0.0	
Willow Flycatcher (<em class="sci">Empidonax traillii</em>)	0.0	0.0	0.0	0.0	0.0	0.0	0.0	0.0	0.0	0.0	0.0	0.0	0.0	0.0	0.0	0.0	0.0	0.0086207	0.0493827	0.0431034	0.0531915	0.0152672	0.0169492	0.0	0.0	0.0	0.0	0.0	0.0053476	0.0154639	0.047619	0.0814332	0.078534	0.0944882	0.0666667	0.0246914	0.0	0.0	0.0	0.0	0.0	0.0	0.0	0.0	0.0	0.0	0.0	0.0	
Hammond's Flycatcher (<em class="sci">Empidonax hammondii</em>)	0.0	0.0	0.0	0.0	0.0	0.0	0.0	0.0	0.0	0.0	0.0	0.0	0.0	0.0	0.0234114	0.0153257	0.0	0.0086207	0.0	0.0	0.0	0.0	0.0	0.0	0.0	0.0	0.0	0.0	0.0	0.0	0.0	0.0	0.0	0.0	0.0074074	0.0061728	0.0	0.0	0.0	0.0	0.0	0.0	0.0	0.0	0.0	0.0	0.0	0.0	
Gray Flycatcher (<em class="sci">Empidonax wrightii</em>)	0.0	0.0	0.0	0.0	0.0	0.0	0.0	0.0	0.0	0.0	0.0	0.0	0.0	0.0	0.0267559	0.0	0.0	0.0	0.0	0.0086207	0.0	0.0	0.0	0.0	0.0	0.0	0.0	0.0	0.0	0.0	0.0	0.0	0.0	0.0	0.0	0.0	0.0	0.0	0.0	0.0	0.0	0.0	0.0	0.0	0.0	0.0	0.0	0.0	
Dusky Flycatcher (<em class="sci">Empidonax oberholseri</em>)	0.0	0.0	0.0	0.0	0.0	0.0	0.0	0.0	0.0	0.0	0.0	0.0	0.0	0.0	0.0033445	0.0076628	0.0	0.0	0.0	0.0	0.0	0.0	0.0	0.0	0.0	0.0	0.0	0.0	0.0	0.0	0.0	0.0	0.0	0.0	0.0	0.0	0.0	0.0	0.0	0.0	0.0	0.0	0.0	0.0	0.0	0.0	0.0	0.0	
Hammond's/Dusky Flycatcher (<em class="sci">Empidonax hammondii/oberholseri</em>)	0.0	0.0	0.0	0.0	0.0	0.0	0.0	0.0	0.0	0.0	0.0	0.0	0.0	0.0	0.0	0.0	0.0	0.0086207	0.0	0.0	0.0	0.0	0.0	0.0	0.0	0.0	0.0	0.0	0.0	0.0	0.0	0.0	0.0	0.0	0.0	0.0	0.0	0.0	0.0	0.0	0.0	0.0	0.0	0.0	0.0	0.0	0.0	0.0	
Western Flycatcher (<em class="sci">Empidonax difficilis</em>)	0.0	0.0	0.0	0.0	0.0	0.0	0.0	0.0	0.0	0.0	0.0	0.0	0.0074627	0.0070423	0.0367893	0.045977	0.079646	0.1206897	0.0617284	0.0862069	0.0531915	0.0305344	0.0254237	0.0	0.0064516	0.0	0.0035336	0.0159744	0.0588235	0.0927835	0.1360544	0.0586319	0.078534	0.0787402	0.1333333	0.0432099	0.0526316	0.043956	0.0	0.0	0.0	0.0	0.0	0.0	0.0	0.0	0.0	0.0	
Empidonax sp. (<em class="sci">Empidonax sp.</em>)	0.0	0.0	0.0	0.0	0.0	0.0	0.0	0.0050505	0.0	0.0	0.0	0.0	0.0	0.0	0.0	0.0038314	0.0	0.0	0.0123457	0.0258621	0.0	0.0076336	0.0	0.0	0.0	0.0	0.0	0.0	0.0	0.0051546	0.0	0.0032573	0.0	0.007874	0.0	0.0	0.0	0.0164835	0.0	0.0	0.0	0.0	0.0	0.0	0.0	0.0	0.0	0.0	
Black Phoebe (<em class="sci">Sayornis nigricans</em>)	0.8518519	0.7931034	0.826087	0.814346	0.8671875	0.8243243	0.7301587	0.7424242	0.7307692	0.8303571	0.7637795	0.8639053	0.7537313	0.7676056	0.5886288	0.7011494	0.6725664	0.7155172	0.7530864	0.7241379	0.787234	0.7175573	0.7033898	0.7345133	0.6516129	0.6502058	0.639576	0.629393	0.657754	0.7319588	0.755102	0.6449511	0.6335079	0.7716535	0.8	0.7777778	0.9122807	0.8351648	0.8344828	0.8074866	0.8428571	0.8220859	0.75625	0.8436019	0.8294574	0.8695652	0.8905109	0.8157895	
Say's Phoebe (<em class="sci">Sayornis saya</em>)	0.1322751	0.137931	0.0942029	0.1097046	0.1171875	0.0405405	0.0529101	0.0353535	0.0461538	0.0178571	0.023622	0.0118343	0.0	0.0070423	0.0033445	0.0	0.0	0.0	0.0	0.0	0.0106383	0.0076336	0.0	0.0088496	0.0	0.0041152	0.0035336	0.0	0.0	0.0	0.0068027	0.0130293	0.0015	0.007874	0.037037	0.0493827	0.0789474	0.0659341	0.0689655	0.1069519	0.1214286	0.1717791	0.1	0.1184834	0.1317829	0.0797101	0.1386861	0.1894737	
Ash-throated Flycatcher (<em class="sci">Myiarchus cinerascens</em>)	0.0	0.0	0.0	0.0	0.0	0.0	0.0	0.0	0.0	0.0	0.0	0.0	0.0	0.0140845	0.0468227	0.1072797	0.159292	0.2672414	0.1728395	0.2241379	0.1276596	0.2061069	0.1525424	0.1061947	0.116129	0.0740741	0.0671378	0.0958466	0.0748663	0.056701	0.0272109	0.029316	0.0052356	0.007874	0.0	0.0061728	0.0175439	0.0	0.0	0.0	0.0	0.0	0.0	0.0	0.0	0.0	0.0	0.0	
Western Kingbird (<em class="sci">Tyrannus verticalis</em>)	0.0	0.0	0.0	0.0	0.0	0.0	0.0	0.0	0.0076923	0.0	0.007874	0.112426	0.1641791	0.2746479	0.3311037	0.467433	0.5486726	0.6034483	0.654321	0.5948276	0.6808511	0.6641221	0.559322	0.619469	0.4645161	0.4032922	0.335689	0.3514377	0.2620321	0.185567	0.1632653	0.0716612	0.0314136	0.0015	0.0074074	0.0	0.0	0.0	0.0	0.0	0.0	0.0	0.0	0.0	0.0	0.0	0.0	0.0	
Eastern Kingbird (<em class="sci">Tyrannus tyrannus</em>)	0.0	0.0	0.0	0.0	0.0	0.0	0.0	0.0	0.0	0.0	0.0	0.0	0.0	0.0	0.0	0.0	0.0	0.0	0.0	0.0	0.0	0.0	0.0	0.0	0.0	0.0	0.0	0.0	0.0	0.0	0.0	0.019544	0.0052356	0.0	0.0	0.0	0.0	0.0	0.0	0.0	0.0	0.0	0.0	0.0	0.0	0.0	0.0	0.0	
Bell's Vireo (<em class="sci">Vireo bellii</em>)	0.0	0.0	0.0	0.0	0.0	0.0	0.0	0.0	0.0	0.0	0.0	0.0	0.0	0.0	0.0167224	0.0153257	0.0530973	0.0258621	0.0	0.0172414	0.0015	0.0381679	0.0169492	0.0088496	0.0258065	0.0041152	0.0015	0.0031949	0.0	0.0051546	0.0	0.0	0.0	0.0	0.0	0.0	0.0	0.0	0.0	0.0	0.0	0.0	0.0	0.0	0.0	0.0	0.0	0.0	
Hutton's Vireo (<em class="sci">Vireo huttoni</em>)	0.0	0.0	0.0072464	0.0	0.0	0.0	0.0	0.0	0.0	0.0	0.0	0.0059172	0.0	0.0	0.0	0.0	0.0	0.0	0.0	0.0	0.0	0.0	0.0	0.0	0.0	0.0	0.0	0.0	0.0	0.0	0.0	0.0	0.0	0.0	0.0	0.0	0.0087719	0.0054945	0.0	0.0	0.0	0.0	0.0015	0.0047393	0.0	0.0	0.0	0.0	
Cassin's Vireo (<em class="sci">Vireo cassinii</em>)	0.0	0.0	0.0	0.0	0.0	0.0	0.0	0.0	0.0	0.0	0.0	0.0	0.0074627	0.0	0.0200669	0.0191571	0.0088496	0.0086207	0.0	0.0	0.0	0.0	0.0	0.0	0.0	0.0	0.0	0.0	0.0	0.0154639	0.0	0.0	0.0	0.0	0.0	0.0	0.0	0.0	0.0	0.0	0.0	0.0	0.0	0.0	0.0	0.0	0.0	0.0	
Western Warbling Vireo (<em class="sci">Vireo swainsoni</em>)	0.0	0.0	0.0	0.0	0.0	0.0	0.0	0.0	0.0	0.0	0.0	0.0	0.0	0.0140845	0.0100334	0.0574713	0.0619469	0.1034483	0.0617284	0.0258621	0.0212766	0.0076336	0.0	0.0	0.0	0.0	0.0035336	0.0	0.0053476	0.0206186	0.0204082	0.009772	0.0104712	0.0787402	0.037037	0.0123457	0.0087719	0.0	0.0	0.0	0.0	0.0	0.0	0.0	0.0	0.0	0.0	0.0	
Loggerhead Shrike (<em class="sci">Lanius ludovicianus</em>)	0.0582011	0.0827586	0.0724638	0.0548523	0.0390625	0.0608108	0.0846561	0.040404	0.0461538	0.0535714	0.007874	0.0414201	0.0074627	0.028169	0.0033445	0.0076628	0.0265487	0.0431034	0.0	0.0086207	0.0	0.0152672	0.0	0.0176991	0.0193548	0.0123457	0.0353357	0.0415335	0.0213904	0.0876289	0.0748299	0.0521173	0.0366492	0.0551181	0.0888889	0.0123457	0.0350877	0.0494505	0.0275862	0.0641711	0.0214286	0.0245399	0.05625	0.0521327	0.1007752	0.0507246	0.0510949	0.0947368	
California Scrub-Jay (<em class="sci">Aphelocoma californica</em>)	0.031746	0.0137931	0.0434783	0.0337553	0.09375	0.0540541	0.0582011	0.0555556	0.0538462	0.0982143	0.0866142	0.1242604	0.0820896	0.0633803	0.0668896	0.1111111	0.079646	0.1810345	0.1111111	0.1724138	0.0531915	0.0763359	0.0423729	0.0619469	0.0774194	0.0205761	0.0424028	0.0383387	0.026738	0.0876289	0.0748299	0.0423453	0.0209424	0.0787402	0.1333333	0.0617284	0.0964912	0.0714286	0.0482759	0.0427807	0.0357143	0.0368098	0.025	0.0473934	0.0155039	0.0144928	0.0218978	0.0684211	
Yellow-billed Magpie (<em class="sci">Pica nuttalli</em>)	0.0	0.0068966	0.0015	0.0042194	0.03125	0.0	0.010582	0.020202	0.0	0.0178571	0.023622	0.0295858	0.0074627	0.0070423	0.0100334	0.0268199	0.0265487	0.0517241	0.037037	0.0172414	0.0212766	0.0076336	0.0084746	0.0176991	0.0	0.0041152	0.0	0.0	0.0	0.0	0.0015	0.009772	0.0015	0.0314961	0.0074074	0.0123457	0.0	0.0054945	0.0068966	0.0160428	0.0071429	0.0015	0.0125	0.014218	0.0	0.0	0.0218978	0.0210526	
American Crow (<em class="sci">Corvus brachyrhynchos</em>)	0.1798942	0.2275862	0.2753623	0.2025316	0.265625	0.25	0.2275132	0.2373737	0.2538462	0.2410714	0.2440945	0.2721893	0.2910448	0.2464789	0.2073579	0.2911877	0.3097345	0.3706897	0.3703704	0.2931034	0.2765957	0.3587786	0.3644068	0.3451327	0.2387097	0.1399177	0.0954064	0.1214058	0.1283422	0.0927835	0.0952381	0.1530945	0.1361257	0.1574803	0.2444444	0.1851852	0.2192982	0.2582418	0.2	0.2620321	0.2714286	0.2208589	0.14375	0.1374408	0.2170543	0.1884058	0.2627737	0.2315789	
Common Raven (<em class="sci">Corvus corax</em>)	0.4814815	0.4344828	0.4710145	0.4135021	0.4296875	0.3918919	0.4444444	0.4545455	0.5076923	0.4732143	0.4409449	0.4674556	0.4179104	0.4859155	0.4916388	0.4214559	0.3982301	0.4655172	0.4074074	0.4568966	0.4255319	0.4732824	0.3983051	0.5221239	0.4709677	0.2427984	0.2402827	0.2492013	0.2299465	0.2835052	0.2789116	0.267101	0.3403141	0.3070866	0.3481481	0.3765432	0.4298246	0.3901099	0.4206897	0.4010695	0.5714286	0.4110429	0.33125	0.3838863	0.3875969	0.3478261	0.3649635	0.4315789	
Oak Titmouse (<em class="sci">Baeolophus inornatus</em>)	0.0	0.0137931	0.0	0.0	0.0	0.0	0.005291	0.0	0.0	0.0089286	0.0	0.0	0.0	0.0070423	0.0	0.0076628	0.0088496	0.0	0.0	0.0	0.0	0.0	0.0	0.0	0.0	0.0	0.0	0.0	0.0053476	0.0051546	0.0068027	0.0	0.0	0.007874	0.0	0.0	0.0	0.0	0.0068966	0.0053476	0.0	0.0015	0.0	0.014218	0.0	0.0	0.0	0.0052632	
Horned Lark (<em class="sci">Eremophila alpestris</em>)	0.1269841	0.2551724	0.2971014	0.2658228	0.2421875	0.2432432	0.2380952	0.1717172	0.2923077	0.3303571	0.2283465	0.1775148	0.2014925	0.1830986	0.173913	0.2605364	0.2566372	0.2586207	0.308642	0.1465517	0.2659574	0.3587786	0.4067797	0.4778761	0.4645161	0.4444444	0.3533569	0.3067093	0.2352941	0.2989691	0.4285714	0.2931596	0.2827225	0.1732283	0.2148148	0.2901235	0.2192982	0.1648352	0.1931034	0.2032086	0.1857143	0.1349693	0.0875	0.1090047	0.1317829	0.0434783	0.0875912	0.1315789	
Bank Swallow (<em class="sci">Riparia riparia</em>)	0.0	0.0	0.0	0.0	0.0	0.0	0.0	0.0	0.0	0.0	0.0	0.0	0.0	0.0	0.0100334	0.0076628	0.0	0.0	0.0	0.0172414	0.0212766	0.0152672	0.0423729	0.079646	0.1548387	0.1481481	0.1625442	0.1533546	0.1336898	0.1649485	0.0680272	0.0553746	0.026178	0.015748	0.0	0.0123457	0.0	0.0	0.0	0.0	0.0	0.0	0.0	0.0	0.0	0.0	0.0	0.0	
Tree Swallow (<em class="sci">Tachycineta bicolor</em>)	0.2486772	0.2413793	0.3550725	0.2911392	0.40625	0.5608108	0.6137566	0.6464646	0.6692308	0.7142857	0.7165354	0.7514793	0.6716418	0.6549296	0.6020067	0.6436782	0.5929204	0.6637931	0.5802469	0.5689655	0.5957447	0.6717557	0.6271186	0.6637168	0.716129	0.7572016	0.7067138	0.7028754	0.6524064	0.6237113	0.5510204	0.465798	0.3193717	0.3070866	0.3851852	0.3209877	0.4298246	0.4395604	0.3793103	0.2299465	0.2357143	0.1656442	0.175	0.1516588	0.2713178	0.2971014	0.4014599	0.2684211	
Violet-green Swallow (<em class="sci">Tachycineta thalassina</em>)	0.0015	0.0068966	0.0015	0.0	0.0	0.0	0.0	0.010101	0.0153846	0.0535714	0.015748	0.035503	0.0298507	0.0140845	0.0267559	0.0306513	0.0	0.0172414	0.0123457	0.0258621	0.0	0.0305344	0.0423729	0.0265487	0.0129032	0.0123457	0.0070671	0.0127796	0.0160428	0.0103093	0.0136054	0.0162866	0.0052356	0.015748	0.0296296	0.0246914	0.0350877	0.0604396	0.0	0.0	0.0	0.0	0.0	0.0	0.0	0.0144928	0.0	0.0	
Purple Martin (<em class="sci">Progne subis</em>)	0.0	0.0	0.0	0.0	0.0	0.0	0.0	0.0	0.0	0.0	0.0	0.0	0.0	0.0	0.0	0.0	0.0	0.0	0.0	0.0086207	0.0	0.0	0.0	0.0	0.0	0.0	0.0	0.0	0.0053476	0.0051546	0.0	0.0	0.0	0.0	0.0	0.0	0.0	0.0	0.0	0.0	0.0	0.0	0.0	0.0	0.0	0.0	0.0	0.0	
Northern Rough-winged Swallow (<em class="sci">Stelgidopteryx serripennis</em>)	0.0	0.0	0.0	0.0	0.0	0.0	0.0	0.010101	0.0384615	0.0625	0.023622	0.0414201	0.0970149	0.0633803	0.0568562	0.0842912	0.079646	0.137931	0.0493827	0.0517241	0.1170213	0.0305344	0.0508475	0.1504425	0.2064516	0.1234568	0.1342756	0.0894569	0.0802139	0.0927835	0.0272109	0.0586319	0.0366492	0.007874	0.0148148	0.0061728	0.0	0.0	0.0	0.0	0.0	0.0	0.0	0.0	0.0	0.0	0.0	0.0	
Barn Swallow (<em class="sci">Hirundo rustica</em>)	0.005291	0.0137931	0.0144928	0.0084388	0.0	0.0067568	0.026455	0.010101	0.0692308	0.1875	0.1259843	0.2899408	0.3880597	0.2816901	0.3545151	0.4482759	0.5044248	0.5172414	0.4074074	0.3017241	0.4148936	0.5954198	0.4915254	0.5929204	0.5677419	0.4979424	0.4805654	0.5846645	0.5454545	0.6597938	0.6054422	0.5179153	0.4293194	0.4094488	0.4222222	0.3950617	0.2894737	0.1703297	0.0896552	0.0053476	0.0071429	0.0122699	0.0	0.0047393	0.0077519	0.0072464	0.0015	0.0	
Cliff Swallow (<em class="sci">Petrochelidon pyrrhonota</em>)	0.0	0.0	0.0	0.0	0.0	0.0	0.010582	0.0656566	0.1615385	0.2857143	0.4251969	0.5621302	0.5597015	0.5070423	0.6053512	0.6168582	0.6725664	0.8103448	0.691358	0.6896552	0.712766	0.8167939	0.7372881	0.8495575	0.7290323	0.7489712	0.6961131	0.6709265	0.6524064	0.556701	0.4217687	0.2996743	0.1413613	0.1338583	0.0592593	0.0432099	0.0175439	0.0164835	0.0137931	0.0160428	0.0	0.0	0.0	0.0	0.0	0.0	0.0	0.0	
swallow sp. (<em class="sci">Hirundinidae sp.</em>)	0.005291	0.0	0.0072464	0.0084388	0.0078125	0.0202703	0.005291	0.010101	0.0076923	0.0089286	0.0393701	0.0059172	0.0223881	0.0422535	0.0367893	0.0383142	0.0176991	0.0258621	0.0123457	0.0517241	0.0212766	0.0152672	0.0084746	0.0353982	0.0903226	0.0534979	0.0530035	0.0447284	0.0588235	0.0670103	0.0612245	0.0586319	0.026178	0.0472441	0.0296296	0.0246914	0.0438596	0.0274725	0.0	0.0053476	0.0	0.006135	0.00625	0.0047393	0.0	0.0217391	0.0145985	0.0263158	
Bushtit (<em class="sci">Psaltriparus minimus</em>)	0.0687831	0.0758621	0.1086957	0.1139241	0.171875	0.1351351	0.1851852	0.1515152	0.1692308	0.1428571	0.1181102	0.2248521	0.1343284	0.0774648	0.0936455	0.1954023	0.1681416	0.2758621	0.2098765	0.1896552	0.1382979	0.2519084	0.1440678	0.2123894	0.1354839	0.1399177	0.1166078	0.1182109	0.0909091	0.1494845	0.1292517	0.0912052	0.0628272	0.0787402	0.1407407	0.0864198	0.1140351	0.1043956	0.0758621	0.0695187	0.0428571	0.0920245	0.05625	0.0663507	0.1085271	0.115942	0.0875912	0.1210526	
Wrentit (<em class="sci">Chamaea fasciata</em>)	0.0	0.0	0.0	0.0	0.0	0.0	0.0	0.0050505	0.0	0.0	0.0	0.0	0.0074627	0.0070423	0.0	0.0114943	0.0	0.0258621	0.0123457	0.0	0.0	0.0	0.0	0.0176991	0.0064516	0.0082305	0.0106007	0.0063898	0.0	0.0103093	0.0136054	0.0032573	0.0052356	0.0	0.0074074	0.0	0.0	0.0	0.0	0.0	0.0	0.0	0.0	0.0047393	0.0	0.0	0.0	0.0	
Ruby-crowned Kinglet (<em class="sci">Corthylio calendula</em>)	0.3333333	0.3103448	0.3188406	0.3248945	0.3125	0.25	0.2486772	0.1969697	0.1461538	0.2053571	0.1102362	0.1715976	0.0895522	0.0774648	0.0568562	0.0344828	0.0088496	0.0086207	0.0	0.0	0.0	0.0	0.0	0.0	0.0	0.0	0.0	0.0	0.0	0.0	0.0	0.0	0.0	0.0	0.0148148	0.0185185	0.1403509	0.1263736	0.1103448	0.1604278	0.2285714	0.3067485	0.175	0.2938389	0.3410853	0.3478261	0.4160584	0.3315789	
Golden-crowned Kinglet (<em class="sci">Regulus satrapa</em>)	0.0	0.0	0.0	0.0	0.0	0.0	0.0	0.0050505	0.0076923	0.0089286	0.0	0.0059172	0.0	0.0	0.0	0.0	0.0	0.0	0.0	0.0	0.0	0.0	0.0	0.0	0.0	0.0	0.0	0.0	0.0	0.0	0.0	0.0	0.0	0.0	0.0	0.0	0.0263158	0.0	0.0206897	0.0106952	0.0071429	0.0122699	0.0	0.0236967	0.0232558	0.0	0.0	0.0	
White-breasted Nuthatch (<em class="sci">Sitta carolinensis</em>)	0.0	0.0	0.0	0.0	0.0	0.0067568	0.0	0.010101	0.0307692	0.0357143	0.007874	0.0414201	0.0	0.0352113	0.0200669	0.0268199	0.0353982	0.0603448	0.037037	0.0517241	0.0106383	0.0458015	0.0084746	0.0088496	0.0322581	0.0082305	0.0106007	0.0	0.0053476	0.0257732	0.0068027	0.0032573	0.0104712	0.023622	0.0296296	0.0246914	0.0087719	0.0	0.0068966	0.0053476	0.0	0.0	0.0	0.0047393	0.0	0.0	0.0	0.0052632	
Red-breasted Nuthatch (<em class="sci">Sitta canadensis</em>)	0.0	0.0	0.0	0.0	0.0	0.0	0.0	0.0	0.0	0.0	0.0	0.0	0.0	0.0	0.0	0.0038314	0.0	0.0	0.0	0.0	0.0	0.0	0.0	0.0	0.0	0.0	0.0	0.0	0.0	0.0	0.0	0.0	0.0	0.0	0.0	0.0	0.0087719	0.0	0.0137931	0.0	0.0	0.0	0.0	0.0	0.0	0.0	0.0	0.0	
Brown Creeper (<em class="sci">Certhia americana</em>)	0.0	0.0	0.0	0.0	0.0	0.0	0.0	0.0	0.0	0.0	0.0	0.0	0.0	0.0	0.0	0.0	0.0	0.0	0.0	0.0	0.0	0.0	0.0	0.0	0.0	0.0	0.0	0.0	0.0	0.0	0.0	0.0	0.0	0.0	0.0	0.0	0.0	0.0054945	0.0	0.0	0.0	0.0	0.0	0.0	0.0	0.0	0.0	0.0	
Blue-gray Gnatcatcher (<em class="sci">Polioptila caerulea</em>)	0.0	0.0	0.0	0.0	0.0	0.0	0.005291	0.0151515	0.0307692	0.0357143	0.007874	0.0473373	0.0	0.0211268	0.0167224	0.0114943	0.0088496	0.0	0.0	0.0	0.0	0.0	0.0084746	0.0	0.0	0.0	0.0	0.0	0.0160428	0.0103093	0.0136054	0.0130293	0.0104712	0.023622	0.0518519	0.0123457	0.0350877	0.010989	0.0137931	0.0053476	0.0	0.006135	0.0	0.0	0.0155039	0.0	0.0	0.0052632	
Rock Wren (<em class="sci">Salpinctes obsoletus</em>)	0.0	0.0	0.0	0.0	0.0	0.0	0.0	0.0	0.0	0.0	0.0	0.0	0.0	0.0	0.0	0.0	0.0088496	0.0	0.0	0.0	0.0	0.0	0.0	0.0	0.0	0.0	0.0	0.0	0.0	0.0	0.0	0.0	0.0	0.0	0.0	0.0	0.0087719	0.0	0.0	0.0	0.0	0.0	0.0	0.0	0.0	0.0	0.0	0.0052632	
Canyon Wren (<em class="sci">Catherpes mexicanus</em>)	0.0	0.0	0.0	0.0	0.0	0.0	0.0	0.0	0.0	0.0	0.0	0.0	0.0	0.0	0.0	0.0	0.0	0.0	0.0	0.0	0.0	0.0	0.0	0.0	0.0	0.0	0.0	0.0	0.0	0.0	0.0	0.0	0.0	0.0	0.0	0.0	0.0	0.0054945	0.0	0.0	0.0	0.0	0.0	0.0047393	0.0	0.0	0.0	0.0	
Northern House Wren (<em class="sci">Troglodytes aedon</em>)	0.0	0.0137931	0.0144928	0.0253165	0.0	0.027027	0.037037	0.030303	0.0692308	0.0446429	0.0393701	0.1242604	0.0895522	0.0704225	0.0468227	0.0881226	0.0884956	0.1982759	0.1234568	0.137931	0.1276596	0.1832061	0.0932203	0.1415929	0.1354839	0.0493827	0.0600707	0.0607029	0.0588235	0.128866	0.1088435	0.0651466	0.052356	0.0629921	0.1111111	0.0555556	0.0789474	0.032967	0.0137931	0.0160428	0.0214286	0.0122699	0.0125	0.028436	0.0542636	0.0144928	0.0218978	0.0315789	
Pacific Wren (<em class="sci">Troglodytes pacificus</em>)	0.0	0.0	0.0072464	0.0	0.0	0.0	0.0	0.0	0.0	0.0	0.0	0.0	0.0	0.0	0.0	0.0	0.0	0.0	0.0	0.0	0.0	0.0	0.0	0.0	0.0	0.0	0.0	0.0	0.0	0.0	0.0	0.0	0.0	0.0	0.0	0.0	0.0	0.0	0.0	0.0	0.0	0.0	0.0	0.0	0.0	0.0	0.0	0.0	
Marsh Wren (<em class="sci">Cistothorus palustris</em>)	0.7830688	0.7586207	0.7536232	0.7805907	0.84375	0.8513514	0.8042328	0.7777778	0.8307692	0.8660714	0.8818898	0.852071	0.8731343	0.8802817	0.9197324	0.9042146	0.8849558	0.8534483	0.9135802	0.8793103	0.8829787	0.8931298	0.7966102	0.8053097	0.7806452	0.7572016	0.7031802	0.6996805	0.6417112	0.7061856	0.7346939	0.6807818	0.6492147	0.6929134	0.7037037	0.7530864	0.8245614	0.7582418	0.7931034	0.7700535	0.8285714	0.803681	0.675	0.7677725	0.7906977	0.7898551	0.8175182	0.6789474	
Bewick's Wren (<em class="sci">Thryomanes bewickii</em>)	0.037037	0.0068966	0.0362319	0.0464135	0.0625	0.0540541	0.047619	0.030303	0.0384615	0.0714286	0.0472441	0.1065089	0.0671642	0.0492958	0.0501672	0.091954	0.0353982	0.1293103	0.0987654	0.1551724	0.0531915	0.0992366	0.0169492	0.0530973	0.0322581	0.0205761	0.024735	0.0159744	0.026738	0.0360825	0.0340136	0.019544	0.0157068	0.015748	0.0444444	0.0925926	0.0175439	0.0164835	0.0206897	0.0374332	0.0571429	0.0490798	0.025	0.0616114	0.0465116	0.0289855	0.0291971	0.0315789	
wren sp. (<em class="sci">Troglodytidae sp.</em>)	0.0	0.0	0.0	0.0	0.0	0.0	0.0	0.0	0.0	0.0	0.0	0.0	0.0	0.0	0.0	0.0	0.0	0.0	0.0	0.0	0.0	0.0	0.0	0.0	0.0	0.0	0.0	0.0	0.0	0.0	0.0	0.0	0.0	0.0	0.0074074	0.0	0.0	0.0	0.0	0.0	0.0	0.0	0.0	0.0	0.0	0.0	0.0	0.0	
European Starling (<em class="sci">Sturnus vulgaris</em>)	0.1375661	0.1793103	0.2173913	0.2025316	0.21875	0.2297297	0.1640212	0.2373737	0.1769231	0.2053571	0.2125984	0.3017751	0.3358209	0.2816901	0.2307692	0.2988506	0.3362832	0.3103448	0.3209877	0.2241379	0.2340426	0.3587786	0.3474576	0.3451327	0.3225806	0.2469136	0.1837456	0.2108626	0.1336898	0.2010309	0.122449	0.1302932	0.1256545	0.1732283	0.1703704	0.2037037	0.245614	0.1978022	0.262069	0.3048128	0.2357143	0.3190184	0.16875	0.2606635	0.3178295	0.3043478	0.2846715	0.2052632	
California Thrasher (<em class="sci">Toxostoma redivivum</em>)	0.0	0.0	0.0	0.0	0.0	0.0	0.0	0.0	0.0	0.0	0.0	0.0	0.0	0.0	0.0	0.0	0.0	0.0	0.0	0.0	0.0	0.0	0.0	0.0	0.0	0.0041152	0.0	0.0	0.0	0.0	0.0	0.0	0.0	0.0	0.0	0.0	0.0	0.0054945	0.0	0.0	0.0	0.0	0.0	0.0	0.0	0.0	0.0	0.0	
Northern Mockingbird (<em class="sci">Mimus polyglottos</em>)	0.031746	0.0413793	0.0289855	0.0126582	0.0625	0.0743243	0.021164	0.040404	0.0461538	0.0357143	0.0472441	0.1420118	0.119403	0.1619718	0.083612	0.137931	0.1504425	0.2413793	0.308642	0.25	0.2765957	0.3587786	0.2966102	0.300885	0.2322581	0.1563786	0.1378092	0.1277955	0.0909091	0.128866	0.0748299	0.0456026	0.0366492	0.0551181	0.0888889	0.0864198	0.0877193	0.043956	0.0551724	0.0427807	0.0071429	0.0245399	0.0375	0.042654	0.0465116	0.0507246	0.0729927	0.0210526	
Western Bluebird (<em class="sci">Sialia mexicana</em>)	0.0	0.0068966	0.0	0.0042194	0.0234375	0.0	0.005291	0.0050505	0.0076923	0.0178571	0.0	0.0295858	0.0074627	0.0422535	0.0133779	0.0153257	0.0176991	0.0172414	0.0617284	0.0431034	0.0212766	0.0381679	0.0338983	0.0088496	0.0129032	0.0	0.0035336	0.0127796	0.0	0.0206186	0.0	0.0032573	0.0104712	0.007874	0.0074074	0.0061728	0.0087719	0.0054945	0.0068966	0.0106952	0.0	0.0122699	0.0	0.0	0.0	0.0	0.0	0.0052632	
Townsend's Solitaire (<em class="sci">Myadestes townsendi</em>)	0.0	0.0	0.0	0.0	0.0	0.0	0.0	0.0	0.0	0.0	0.0	0.0	0.0	0.0	0.0100334	0.0	0.0	0.0	0.0	0.0	0.0	0.0	0.0	0.0	0.0	0.0	0.0	0.0	0.0	0.0	0.0	0.0	0.0	0.007874	0.0	0.0	0.0	0.0	0.0	0.0	0.0	0.0	0.0	0.0	0.0	0.0	0.0	0.0	
Varied Thrush (<em class="sci">Ixoreus naevius</em>)	0.0	0.0	0.0	0.0	0.015625	0.0	0.010582	0.0	0.0	0.0	0.0	0.0	0.0	0.0	0.0	0.0	0.0	0.0	0.0	0.0	0.0	0.0	0.0	0.0	0.0	0.0	0.0	0.0	0.0	0.0	0.0	0.0	0.0	0.0	0.0	0.0	0.0	0.0	0.0	0.0	0.0	0.0	0.0	0.0	0.0	0.0072464	0.0	0.0	
Swainson's Thrush (<em class="sci">Catharus ustulatus</em>)	0.0	0.0	0.0	0.0	0.0	0.0	0.0	0.0	0.0	0.0	0.0	0.0	0.0	0.0	0.0	0.0114943	0.0176991	0.0775862	0.037037	0.0344828	0.0	0.0	0.0	0.0	0.0	0.0	0.0	0.0	0.0	0.0	0.0	0.0	0.0	0.0	0.0	0.0	0.0	0.0	0.0	0.0	0.0	0.0	0.0	0.0	0.0	0.0	0.0	0.0	
Hermit Thrush (<em class="sci">Catharus guttatus</em>)	0.021164	0.0137931	0.0434783	0.0253165	0.015625	0.0067568	0.026455	0.0252525	0.0307692	0.0	0.0393701	0.0295858	0.0597015	0.0422535	0.0334448	0.0268199	0.0	0.0172414	0.0123457	0.0	0.0	0.0	0.0	0.0	0.0	0.0	0.0	0.0	0.0	0.0	0.0	0.0032573	0.0	0.0	0.0	0.0	0.0175439	0.0384615	0.0137931	0.0160428	0.0142857	0.0122699	0.00625	0.014218	0.0	0.0072464	0.0291971	0.0263158	
American Robin (<em class="sci">Turdus migratorius</em>)	0.021164	0.0015	0.0434783	0.0253165	0.046875	0.0067568	0.031746	0.040404	0.0615385	0.0803571	0.0708661	0.0828402	0.1268657	0.1126761	0.0869565	0.2222222	0.1769912	0.1810345	0.1604938	0.1206897	0.2021277	0.1755725	0.220339	0.1769912	0.1290323	0.1522634	0.1130742	0.086262	0.0641711	0.0979381	0.0136054	0.009772	0.0052356	0.0472441	0.0148148	0.0185185	0.0175439	0.021978	0.0206897	0.0053476	0.0142857	0.0122699	0.00625	0.0094787	0.0	0.0217391	0.0218978	0.0157895	
Cedar Waxwing (<em class="sci">Bombycilla cedrorum</em>)	0.010582	0.0068966	0.0072464	0.0	0.0078125	0.0	0.0	0.0	0.0	0.0089286	0.007874	0.0059172	0.0	0.0	0.0015	0.0153257	0.0265487	0.0603448	0.0493827	0.0	0.0	0.0	0.0	0.0088496	0.0	0.0	0.0	0.0	0.0	0.0	0.0	0.0	0.0	0.007874	0.0	0.0	0.0087719	0.010989	0.0344828	0.0053476	0.0071429	0.0	0.0	0.0047393	0.0	0.0	0.0072993	0.0105263	
Phainopepla (<em class="sci">Phainopepla nitens</em>)	0.0	0.0	0.0	0.0	0.0	0.0	0.0	0.0	0.0	0.0	0.0	0.0	0.0	0.0	0.0	0.0015	0.0	0.0	0.0	0.0	0.0	0.0	0.0	0.0	0.0	0.0	0.0	0.0	0.0	0.0	0.0	0.0	0.0	0.0	0.0	0.0	0.0	0.0	0.0	0.0	0.0	0.0	0.0	0.0	0.0	0.0	0.0	0.0	
Northern Red Bishop (<em class="sci">Euplectes franciscanus</em>)	0.0	0.0	0.0	0.0	0.0	0.0	0.0	0.0	0.0	0.0	0.0	0.0	0.0	0.0	0.0	0.0	0.0	0.0	0.0	0.0	0.0	0.0	0.0	0.0	0.0	0.0	0.0	0.0	0.0	0.0	0.0	0.0	0.0	0.0	0.0	0.0	0.0	0.0	0.0	0.0053476	0.0142857	0.0	0.0	0.0	0.0	0.0	0.0	0.0	
House Sparrow (<em class="sci">Passer domesticus</em>)	0.2539683	0.2551724	0.2463768	0.2489451	0.296875	0.2635135	0.2698413	0.2929293	0.3230769	0.4107143	0.4645669	0.5739645	0.5298507	0.5774648	0.5117057	0.5747126	0.5840708	0.5948276	0.6296296	0.6810345	0.7446809	0.7175573	0.7033898	0.8141593	0.7548387	0.654321	0.6925795	0.6517572	0.5240642	0.4587629	0.3401361	0.2508143	0.2513089	0.3464567	0.2814815	0.2901235	0.3859649	0.3186813	0.337931	0.3582888	0.45	0.4110429	0.23125	0.3459716	0.3875969	0.3043478	0.2919708	0.2421053	
Citrine Wagtail (<em class="sci">Motacilla citreola</em>)	0.0	0.0	0.0	0.0	0.0	0.0	0.0	0.0	0.0	0.0	0.0	0.0	0.0	0.0	0.0	0.0	0.0	0.0	0.0	0.0	0.0	0.0	0.0	0.0	0.0	0.0	0.0	0.0	0.0	0.0	0.0	0.0	0.0	0.0	0.0	0.0	0.0	0.0	0.0	0.0	0.0	0.0	0.0	0.0	0.0	0.0	0.0145985	0.0	
Red-throated Pipit (<em class="sci">Anthus cervinus</em>)	0.0	0.0	0.0	0.0	0.0	0.0	0.0	0.0	0.0	0.0	0.0	0.0	0.0	0.0	0.0	0.0	0.0	0.0	0.0	0.0	0.0	0.0	0.0	0.0	0.0	0.0	0.0	0.0	0.0	0.0	0.0	0.0	0.0	0.0	0.0	0.0	0.0	0.0	0.0068966	0.0	0.0	0.0	0.0	0.0	0.0	0.0	0.0	0.0	
American Pipit (<em class="sci">Anthus rubescens</em>)	0.5396825	0.6551724	0.6594203	0.5147679	0.5	0.4189189	0.4285714	0.4242424	0.2923077	0.3482143	0.2204724	0.3136095	0.3358209	0.3661972	0.3076923	0.137931	0.0353982	0.0	0.0	0.0	0.0	0.0	0.0	0.0	0.0	0.0	0.0	0.0	0.0	0.0	0.0136054	0.0032573	0.0314136	0.023622	0.0444444	0.1728395	0.2017544	0.2582418	0.5034483	0.631016	0.6857143	0.6687117	0.56875	0.6587678	0.7131783	0.6376812	0.7883212	0.5631579	
House Finch (<em class="sci">Haemorhous mexicanus</em>)	0.1851852	0.2413793	0.2753623	0.3037975	0.3046875	0.3986486	0.3174603	0.3181818	0.3153846	0.3035714	0.3464567	0.4674556	0.4850746	0.471831	0.3946488	0.4559387	0.5221239	0.5258621	0.6419753	0.5431034	0.5638298	0.7022901	0.6355932	0.6902655	0.6129032	0.563786	0.5229682	0.5175719	0.3903743	0.443299	0.3741497	0.257329	0.1989529	0.2362205	0.2962963	0.2345679	0.377193	0.2692308	0.3172414	0.2780749	0.2928571	0.3128834	0.275	0.2796209	0.248062	0.2536232	0.3284672	0.2842105	
Purple Finch (<em class="sci">Haemorhous purpureus</em>)	0.0	0.0	0.0	0.0084388	0.0	0.0	0.026455	0.0	0.0	0.0	0.0	0.0	0.0149254	0.0211268	0.0	0.0	0.0	0.0	0.0	0.0	0.0	0.0	0.0	0.0	0.0	0.0	0.0	0.0	0.0	0.0	0.0	0.0	0.0052356	0.0	0.0	0.0	0.0087719	0.0	0.0	0.0	0.0071429	0.006135	0.00625	0.0047393	0.0077519	0.0	0.0	0.0	
Pine Siskin (<em class="sci">Spinus pinus</em>)	0.0015	0.0	0.0	0.0	0.0	0.0	0.005291	0.0	0.0	0.0089286	0.0	0.0059172	0.0074627	0.0	0.0033445	0.0038314	0.0	0.0	0.0	0.0086207	0.0	0.0	0.0	0.0	0.0	0.0	0.0	0.0	0.0	0.0	0.0	0.0	0.0	0.0	0.0	0.0	0.0	0.0	0.0068966	0.0053476	0.0071429	0.006135	0.0	0.0047393	0.0	0.0072464	0.0	0.0052632	
Lesser Goldfinch (<em class="sci">Spinus psaltria</em>)	0.0793651	0.0551724	0.057971	0.0295359	0.0703125	0.0675676	0.026455	0.0454545	0.0461538	0.0803571	0.0393701	0.0769231	0.0895522	0.0774648	0.0602007	0.1034483	0.0884956	0.1724138	0.1851852	0.2068966	0.1170213	0.129771	0.0932203	0.0884956	0.116129	0.0781893	0.0636042	0.0798722	0.1176471	0.1443299	0.1360544	0.1074919	0.1099476	0.1417323	0.2296296	0.1481481	0.1929825	0.1263736	0.0758621	0.0855615	0.1	0.0797546	0.0625	0.0853081	0.1162791	0.0797101	0.1167883	0.0842105	
Lawrence's Goldfinch (<em class="sci">Spinus lawrencei</em>)	0.0	0.0	0.0	0.0	0.0	0.0	0.0	0.0	0.0	0.0	0.0	0.0	0.0	0.0	0.0	0.0038314	0.0	0.0086207	0.0123457	0.0	0.0	0.0	0.0	0.0	0.0	0.0	0.0035336	0.0	0.0	0.0	0.0	0.0	0.0	0.0	0.0	0.0	0.0	0.0054945	0.0	0.0	0.0	0.0	0.0	0.0	0.0	0.0	0.0	0.0	
American Goldfinch (<em class="sci">Spinus tristis</em>)	0.1851852	0.1586207	0.173913	0.1097046	0.109375	0.0202703	0.026455	0.030303	0.0692308	0.0625	0.1102362	0.2485207	0.3059701	0.2605634	0.2341137	0.3524904	0.4513274	0.4482759	0.5308642	0.4655172	0.5106383	0.5114504	0.4745763	0.5486726	0.4516129	0.436214	0.4840989	0.5303514	0.486631	0.4793814	0.4421769	0.2931596	0.2041885	0.3307087	0.3111111	0.2962963	0.4385965	0.3516484	0.3931034	0.3101604	0.3071429	0.3558282	0.23125	0.2180095	0.3023256	0.2318841	0.2627737	0.1526316	
new world goldfinch sp. (<em class="sci">Spinus sp. (goldfinch sp.)</em>)	0.0	0.0	0.0	0.0	0.0	0.0	0.0	0.0	0.0	0.0	0.0	0.0	0.0	0.0	0.0	0.0	0.0	0.0	0.0	0.0086207	0.0	0.0	0.0	0.0	0.0	0.0041152	0.0	0.0	0.0053476	0.0	0.0	0.0	0.0	0.0	0.0148148	0.0	0.0	0.0	0.0	0.0	0.0	0.0	0.0	0.0	0.0	0.0	0.0	0.0	
Lapland Longspur (<em class="sci">Calcarius lapponicus</em>)	0.0	0.0	0.0	0.0	0.0	0.0067568	0.0	0.0	0.0	0.0	0.0	0.0	0.0	0.0	0.0	0.0	0.0	0.0	0.0	0.0	0.0	0.0	0.0	0.0	0.0	0.0	0.0	0.0	0.0	0.0	0.0	0.0	0.0	0.0	0.0	0.0	0.0	0.0164835	0.0137931	0.0	0.0071429	0.0	0.0	0.0	0.0	0.0	0.0	0.0	
Grasshopper Sparrow (<em class="sci">Ammodramus savannarum</em>)	0.0	0.0068966	0.0	0.0	0.0	0.0	0.0	0.0	0.0	0.0	0.0	0.0	0.0	0.0	0.0	0.0015	0.0	0.0	0.0	0.0	0.0	0.0015	0.0	0.0088496	0.0064516	0.0123457	0.0	0.0	0.0	0.0	0.0	0.0	0.0052356	0.007874	0.0074074	0.0015	0.0	0.0	0.0	0.0	0.0285714	0.0	0.0015	0.0047393	0.0	0.0	0.0	0.0	
Chipping Sparrow (<em class="sci">Spizella passerina</em>)	0.005291	0.0068966	0.0072464	0.0042194	0.0078125	0.0135135	0.005291	0.010101	0.0076923	0.0089286	0.015748	0.0059172	0.0	0.0	0.0033445	0.0015	0.0088496	0.0	0.0	0.0	0.0	0.0	0.0	0.0	0.0	0.0	0.0	0.0	0.0053476	0.0103093	0.0068027	0.0	0.0052356	0.015748	0.0	0.0061728	0.0175439	0.0054945	0.0	0.0213904	0.0142857	0.0122699	0.0	0.0	0.0	0.0	0.0	0.0052632	
Clay-colored Sparrow (<em class="sci">Spizella pallida</em>)	0.0	0.0	0.0	0.0	0.0	0.0	0.0	0.0	0.0	0.0	0.0	0.0	0.0	0.0	0.0	0.0038314	0.0	0.0	0.0	0.0	0.0	0.0	0.0	0.0	0.0	0.0	0.0	0.0	0.0	0.0	0.0	0.0	0.0	0.007874	0.0	0.0015	0.0	0.0	0.0	0.0	0.0	0.0	0.0	0.0	0.0	0.0	0.0	0.0	
Brewer's Sparrow (<em class="sci">Spizella breweri</em>)	0.0	0.0	0.0	0.0	0.0	0.0	0.0	0.0	0.0	0.0	0.0	0.0	0.0	0.0	0.0	0.0	0.0088496	0.0	0.0	0.0	0.0	0.0	0.0	0.0	0.0	0.0	0.0	0.0	0.0	0.0	0.0	0.0015	0.0104712	0.015748	0.0015	0.0015	0.0	0.0054945	0.0	0.0	0.0	0.0	0.0	0.0	0.0	0.0	0.0	0.0	
Lark Sparrow (<em class="sci">Chondestes grammacus</em>)	0.0	0.0	0.0072464	0.0042194	0.0	0.0067568	0.0	0.010101	0.0153846	0.0089286	0.007874	0.0118343	0.0074627	0.0070423	0.0033445	0.0114943	0.0530973	0.0517241	0.0246914	0.0172414	0.0	0.0229008	0.0508475	0.0176991	0.0387097	0.0205761	0.0141343	0.0031949	0.0106952	0.0154639	0.0	0.0032573	0.0052356	0.007874	0.0222222	0.0246914	0.0175439	0.0164835	0.0137931	0.0106952	0.0071429	0.0245399	0.01875	0.0094787	0.0077519	0.0072464	0.0	0.0105263	
Lark Bunting (<em class="sci">Calamospiza melanocorys</em>)	0.0	0.0	0.0	0.0	0.0	0.0	0.0	0.0	0.0	0.0	0.0	0.0	0.0	0.0	0.0	0.0	0.0	0.0	0.0	0.0	0.0	0.0	0.0	0.0	0.0	0.0	0.0	0.0	0.0	0.0	0.0	0.0	0.0	0.015748	0.0	0.0	0.0	0.0	0.0	0.0	0.0	0.0	0.0	0.0	0.0	0.0	0.0	0.0052632	
American Tree Sparrow (<em class="sci">Spizelloides arborea</em>)	0.0	0.0	0.0	0.0015	0.0	0.0	0.0	0.0	0.0	0.0	0.0	0.0	0.0	0.0	0.0	0.0	0.0	0.0	0.0	0.0	0.0	0.0	0.0	0.0	0.0	0.0	0.0	0.0	0.0	0.0	0.0	0.0	0.0	0.0	0.0	0.0	0.0	0.0	0.0015	0.0053476	0.0	0.0	0.0	0.0	0.0	0.0	0.0	0.0015	
Fox Sparrow (<em class="sci">Passerella iliaca</em>)	0.1058201	0.1310345	0.115942	0.1139241	0.1015625	0.1959459	0.1481481	0.1111111	0.1153846	0.1160714	0.0629921	0.0532544	0.0223881	0.0140845	0.0133779	0.0076628	0.0	0.0	0.0	0.0	0.0	0.0	0.0	0.0	0.0	0.0	0.0	0.0	0.0	0.0	0.0	0.0	0.0	0.0	0.0296296	0.0246914	0.0701754	0.0494505	0.0344828	0.0427807	0.0571429	0.0613497	0.05	0.0853081	0.1860465	0.1449275	0.189781	0.1947368	
Dark-eyed Junco (<em class="sci">Junco hyemalis</em>)	0.021164	0.0344828	0.0289855	0.0337553	0.0546875	0.0067568	0.037037	0.0353535	0.0230769	0.0178571	0.0314961	0.0650888	0.0447761	0.0352113	0.006689	0.0038314	0.0265487	0.0	0.0	0.0	0.0	0.0076336	0.0	0.0	0.0	0.0	0.0	0.0031949	0.0	0.0	0.0068027	0.0	0.0	0.0	0.0	0.0123457	0.0175439	0.0274725	0.0344828	0.0588235	0.0714286	0.0368098	0.01875	0.0189573	0.0077519	0.0217391	0.0145985	0.0368421	
White-crowned Sparrow (<em class="sci">Zonotrichia leucophrys</em>)	0.8994709	0.8206897	0.8695652	0.814346	0.8125	0.8310811	0.7724868	0.7676768	0.7692308	0.8660714	0.6614173	0.7633136	0.7089552	0.7464789	0.4648829	0.2337165	0.1061947	0.0086207	0.0	0.0	0.0	0.0	0.0	0.0088496	0.0	0.0041152	0.0	0.0	0.0	0.0	0.0	0.0032573	0.0052356	0.0629921	0.3407407	0.617284	0.8070175	0.7692308	0.7724138	0.7326203	0.7857143	0.803681	0.7	0.8436019	0.7906977	0.8478261	0.9051095	0.8578947	
Golden-crowned Sparrow (<em class="sci">Zonotrichia atricapilla</em>)	0.5079365	0.4827586	0.4782609	0.5147679	0.5625	0.5878378	0.5132275	0.510101	0.5153846	0.5446429	0.3937008	0.5621302	0.4402985	0.4577465	0.2876254	0.2720307	0.1150442	0.0086207	0.0	0.0	0.0	0.0	0.0	0.0	0.0	0.0	0.0	0.0	0.0	0.0	0.0	0.0	0.0	0.0	0.0296296	0.1111111	0.3333333	0.3076923	0.3241379	0.315508	0.4142857	0.404908	0.31875	0.4312796	0.4728682	0.5434783	0.5693431	0.5631579	
White-throated Sparrow (<em class="sci">Zonotrichia albicollis</em>)	0.0	0.0	0.0	0.0	0.0	0.0	0.010582	0.0050505	0.0	0.0	0.015748	0.0059172	0.0	0.0	0.0033445	0.0038314	0.0	0.0	0.0	0.0	0.0	0.0	0.0	0.0	0.0	0.0	0.0	0.0	0.0	0.0	0.0	0.0	0.0	0.0	0.0	0.0	0.0	0.0	0.0	0.0160428	0.0214286	0.0	0.00625	0.0047393	0.0	0.0015	0.0072993	0.0105263	
Zonotrichia sp. (<em class="sci">Zonotrichia sp.</em>)	0.005291	0.0	0.0	0.0	0.0	0.0067568	0.0	0.0	0.0	0.0	0.007874	0.0	0.0	0.0	0.0	0.0	0.0088496	0.0	0.0	0.0	0.0	0.0	0.0	0.0	0.0	0.0	0.0	0.0	0.0	0.0	0.0	0.0	0.0	0.0	0.0	0.0	0.0	0.0054945	0.0068966	0.0	0.0	0.0015	0.00625	0.0	0.0077519	0.0	0.0072993	0.0052632	
Vesper Sparrow (<em class="sci">Pooecetes gramineus</em>)	0.0	0.0	0.0	0.0	0.0	0.0	0.0	0.0	0.0	0.0	0.0	0.0059172	0.0	0.0	0.0	0.0	0.0	0.0	0.0	0.0	0.0	0.0	0.0	0.0	0.0	0.0	0.0	0.0	0.0	0.0	0.0	0.0	0.0	0.0	0.0	0.0061728	0.0	0.0	0.0068966	0.0	0.0	0.0	0.0	0.0	0.0	0.0	0.0	0.0	
Savannah Sparrow (<em class="sci">Passerculus sandwichensis</em>)	0.7883598	0.7655172	0.7318841	0.6877637	0.7265625	0.6959459	0.6613757	0.7070707	0.6615385	0.625	0.6535433	0.7159763	0.6492537	0.6619718	0.5618729	0.559387	0.3185841	0.1551724	0.1975309	0.0948276	0.2021277	0.1374046	0.1525424	0.2035398	0.1741935	0.1728395	0.0989399	0.1118211	0.0962567	0.1546392	0.2108844	0.3224756	0.3926702	0.511811	0.5925926	0.7716049	0.7982456	0.7527473	0.7724138	0.8074866	0.8642857	0.803681	0.71875	0.8151659	0.7984496	0.7536232	0.8905109	0.6894737	
Song Sparrow (<em class="sci">Melospiza melodia</em>)	0.6031746	0.5586207	0.5797101	0.5949367	0.6328125	0.6283784	0.5820106	0.6060606	0.5923077	0.5982143	0.5275591	0.6804734	0.6268657	0.6267606	0.5819398	0.6168582	0.6017699	0.612069	0.691358	0.5775862	0.6808511	0.7328244	0.7288136	0.7610619	0.7290323	0.691358	0.6749117	0.6038339	0.5721925	0.5309278	0.5170068	0.4462541	0.4136126	0.4488189	0.5407407	0.5	0.5526316	0.521978	0.5655172	0.5614973	0.5642857	0.607362	0.46875	0.5829384	0.6046512	0.6014493	0.6569343	0.5736842	
Lincoln's Sparrow (<em class="sci">Melospiza lincolnii</em>)	0.3492063	0.3586207	0.3478261	0.4261603	0.390625	0.2972973	0.3280423	0.3636364	0.3384615	0.3125	0.2440945	0.3431953	0.2089552	0.1901408	0.1270903	0.0574713	0.0	0.0172414	0.0246914	0.0	0.0	0.0	0.0	0.0	0.0	0.0	0.0	0.0	0.0	0.0	0.0	0.0	0.0052356	0.0944882	0.2444444	0.2407407	0.4561404	0.2417582	0.3241379	0.368984	0.4285714	0.3803681	0.3	0.3886256	0.4573643	0.3985507	0.4379562	0.3526316	
Swamp Sparrow (<em class="sci">Melospiza georgiana</em>)	0.0740741	0.0068966	0.0217391	0.1940928	0.078125	0.0337838	0.021164	0.0606061	0.0015	0.0089286	0.0	0.035503	0.0223881	0.0	0.0	0.0	0.0	0.0	0.0	0.0	0.0	0.0	0.0	0.0	0.0	0.0	0.0	0.0	0.0	0.0	0.0	0.0	0.0	0.0	0.0	0.0	0.0	0.0	0.0	0.0	0.0071429	0.0490798	0.04375	0.0331754	0.0852713	0.1086957	0.0510949	0.0368421	
California Towhee (<em class="sci">Melozone crissalis</em>)	0.0	0.0	0.0072464	0.0	0.015625	0.0	0.026455	0.010101	0.0076923	0.0267857	0.015748	0.035503	0.0298507	0.0211268	0.0234114	0.0574713	0.0442478	0.0862069	0.037037	0.0517241	0.0531915	0.1068702	0.0084746	0.0176991	0.0	0.0123457	0.0035336	0.0063898	0.0106952	0.0309278	0.0	0.0032573	0.0157068	0.015748	0.0074074	0.0123457	0.0	0.0054945	0.0	0.0160428	0.0071429	0.0122699	0.00625	0.0	0.0232558	0.0072464	0.0072993	0.0	
Green-tailed Towhee (<em class="sci">Pipilo chlorurus</em>)	0.0	0.0	0.0	0.0	0.0	0.0	0.0	0.0	0.0	0.0	0.0	0.0	0.0	0.0	0.0	0.0	0.0	0.0	0.0	0.0	0.0	0.0	0.0	0.0	0.0	0.0	0.0	0.0	0.0	0.0	0.0	0.0	0.0	0.0	0.0148148	0.0	0.0	0.0	0.0	0.0	0.0	0.0	0.0	0.0	0.0	0.0	0.0	0.0	
Spotted Towhee (<em class="sci">Pipilo maculatus</em>)	0.042328	0.0068966	0.0507246	0.0632911	0.0390625	0.0878378	0.1005291	0.0606061	0.0769231	0.0714286	0.0472441	0.1242604	0.119403	0.0985915	0.0668896	0.1264368	0.1327434	0.2068966	0.2345679	0.1551724	0.1702128	0.2671756	0.1949153	0.159292	0.1419355	0.0823045	0.0848057	0.0990415	0.0695187	0.1237113	0.0952381	0.0618893	0.0157068	0.0472441	0.0740741	0.037037	0.1140351	0.043956	0.0068966	0.0374332	0.0071429	0.0122699	0.00625	0.0521327	0.0542636	0.0144928	0.0364964	0.0684211	
new world sparrow sp. (<em class="sci">Passerellidae sp.</em>)	0.0	0.0	0.0	0.0	0.0	0.0	0.0	0.0	0.0	0.0	0.0	0.0	0.0074627	0.0	0.0	0.0	0.0	0.0	0.0	0.0	0.0	0.0	0.0	0.0	0.0	0.0	0.0	0.0	0.0	0.0	0.0	0.0032573	0.0	0.0	0.0074074	0.0061728	0.0	0.0	0.0	0.0	0.0	0.0	0.0	0.0	0.0	0.0	0.0	0.0	
Yellow-breasted Chat (<em class="sci">Icteria virens</em>)	0.0	0.0	0.0	0.0	0.0	0.0	0.0	0.0	0.0	0.0	0.0	0.0	0.0	0.0	0.0	0.0	0.0	0.0517241	0.0246914	0.0	0.0	0.0	0.0	0.0088496	0.0	0.0	0.0	0.0	0.0	0.0103093	0.0	0.0	0.0	0.0	0.0074074	0.0	0.0	0.0	0.0	0.0	0.0	0.0	0.0	0.0	0.0	0.0	0.0	0.0	
Yellow-headed Blackbird (<em class="sci">Xanthocephalus xanthocephalus</em>)	0.026455	0.0482759	0.0942029	0.1223629	0.1015625	0.2702703	0.1481481	0.2323232	0.3230769	0.4196429	0.6377953	0.6449704	0.5970149	0.6619718	0.5618729	0.5555556	0.619469	0.4655172	0.1975309	0.1293103	0.1702128	0.1755725	0.1694915	0.3185841	0.3225806	0.3292181	0.3038869	0.2619808	0.2727273	0.2010309	0.3197279	0.2540717	0.3141361	0.3070866	0.3259259	0.2716049	0.2105263	0.1978022	0.2	0.197861	0.1642857	0.1472393	0.1	0.0758294	0.1705426	0.1521739	0.1094891	0.0578947	
Western Meadowlark (<em class="sci">Sturnella neglecta</em>)	0.7671958	0.7172414	0.7681159	0.7004219	0.75	0.8243243	0.7566138	0.7777778	0.8230769	0.8214286	0.8031496	0.852071	0.8134328	0.8239437	0.8026756	0.7701149	0.8141593	0.8103448	0.8888889	0.7672414	0.8297872	0.8091603	0.7627119	0.8584071	0.7612903	0.6584362	0.6431095	0.5942492	0.5026738	0.5154639	0.5102041	0.4429967	0.3664921	0.5433071	0.5777778	0.6728395	0.7105263	0.7417582	0.8413793	0.7807487	0.8357143	0.7239264	0.68125	0.8056872	0.7364341	0.7463768	0.7810219	0.7315789	
Sturnella meadowlark sp. (<em class="sci">Sturnella sp.</em>)	0.0	0.0	0.0	0.0	0.0	0.0	0.0	0.0	0.0	0.0	0.0	0.0	0.0	0.0	0.0	0.0	0.0	0.0	0.0	0.0	0.0	0.0	0.0	0.0	0.0	0.0	0.0	0.0031949	0.0	0.0	0.0	0.0	0.0	0.0	0.0	0.0	0.0	0.0	0.0	0.0	0.0	0.0	0.0	0.0	0.0	0.0	0.0	0.0	
Hooded Oriole (<em class="sci">Icterus cucullatus</em>)	0.0	0.0	0.0	0.0	0.0	0.0	0.0	0.0	0.0	0.0	0.0	0.0	0.0	0.0070423	0.0	0.0	0.0	0.0172414	0.0	0.0	0.0106383	0.0	0.0	0.0	0.0	0.0	0.0035336	0.0031949	0.0	0.0206186	0.0	0.0	0.0	0.0	0.0	0.0061728	0.0	0.0	0.0	0.0	0.0	0.0	0.0	0.0	0.0	0.0	0.0	0.0	
Bullock's Oriole (<em class="sci">Icterus bullockii</em>)	0.0	0.0	0.0	0.0	0.0	0.0	0.0	0.0	0.0	0.0	0.0	0.0295858	0.0522388	0.0915493	0.0936455	0.2068966	0.2566372	0.25	0.1975309	0.2068966	0.1595745	0.2900763	0.2033898	0.2566372	0.1677419	0.0534979	0.0530035	0.0319489	0.0106952	0.0412371	0.0068027	0.0032573	0.0	0.007874	0.0	0.0	0.0	0.0	0.0	0.0	0.0	0.0	0.0	0.0	0.0	0.0	0.0	0.0	
Red-winged Blackbird (<em class="sci">Agelaius phoeniceus</em>)	0.8624339	0.8413793	0.8768116	0.8438819	0.9453125	0.8986486	0.9100529	0.9494949	0.8923077	0.9464286	0.9606299	0.9763314	0.9552239	0.9366197	0.9431438	0.9578544	0.9557522	0.9568966	0.962963	0.9396552	0.9787234	0.9541985	0.9576271	0.9469027	0.9612903	0.9135802	0.8939929	0.8626198	0.8449198	0.8350515	0.877551	0.8469055	0.8638743	0.9055118	0.9111111	0.8888889	0.9473684	0.9450549	0.9241379	0.9304813	0.95	0.9263804	0.80625	0.9052133	0.8914729	0.9057971	0.8759124	0.8578947	
Tricolored Blackbird (<em class="sci">Agelaius tricolor</em>)	0.0634921	0.1034483	0.0942029	0.0548523	0.0703125	0.0405405	0.0793651	0.0707071	0.1615385	0.1071429	0.1496063	0.0710059	0.1268657	0.028169	0.0434783	0.0613027	0.0619469	0.0948276	0.0987654	0.0948276	0.1382979	0.0992366	0.1271186	0.2389381	0.1935484	0.1316872	0.0742049	0.0511182	0.0962567	0.0257732	0.0748299	0.0651466	0.0942408	0.1181102	0.1185185	0.0925926	0.0877193	0.0384615	0.1034483	0.0802139	0.0785714	0.0490798	0.05625	0.0473934	0.0697674	0.0507246	0.0729927	0.0736842	
Red-winged/Tricolored Blackbird (<em class="sci">Agelaius phoeniceus/tricolor</em>)	0.0	0.0	0.0	0.0	0.0	0.0	0.0	0.0	0.0	0.0	0.0	0.0	0.0	0.0	0.0	0.0	0.0	0.0	0.0	0.0	0.0	0.0	0.0	0.0088496	0.0	0.0	0.0	0.0	0.0	0.0	0.0	0.0	0.0	0.0	0.0	0.0	0.0	0.0	0.0	0.0	0.0	0.0	0.0	0.0	0.0	0.0	0.0	0.0	
Brown-headed Cowbird (<em class="sci">Molothrus ater</em>)	0.0899471	0.137931	0.1521739	0.2236287	0.2578125	0.3648649	0.2539683	0.3131313	0.3461538	0.3660714	0.4409449	0.5029586	0.4850746	0.6126761	0.5919732	0.6858238	0.7256637	0.7155172	0.7160494	0.7586207	0.8404255	0.7633588	0.7033898	0.699115	0.6580645	0.5390947	0.4169611	0.2811502	0.1657754	0.2061856	0.2857143	0.1205212	0.1518325	0.1732283	0.2444444	0.2283951	0.254386	0.1758242	0.2482759	0.2727273	0.2571429	0.2515337	0.175	0.1943128	0.1550388	0.1449275	0.2262774	0.1263158	
Brewer's Blackbird (<em class="sci">Euphagus cyanocephalus</em>)	0.6243386	0.4965517	0.5507246	0.5654008	0.6328125	0.6283784	0.5820106	0.6464646	0.6615385	0.6785714	0.6771654	0.7869822	0.7313433	0.6971831	0.6086957	0.6704981	0.6106195	0.637931	0.5925926	0.5775862	0.712766	0.6183206	0.6101695	0.6548673	0.4645161	0.382716	0.3922261	0.3322684	0.3743316	0.3505155	0.2857143	0.2605863	0.2774869	0.3070866	0.5111111	0.5802469	0.6052632	0.6373626	0.6827586	0.6470588	0.7142857	0.6564417	0.5375	0.6729858	0.4883721	0.6594203	0.6350365	0.5631579	
Great-tailed Grackle (<em class="sci">Quiscalus mexicanus</em>)	0.0740741	0.0275862	0.0362319	0.0337553	0.0625	0.0810811	0.037037	0.1414141	0.0846154	0.2589286	0.1732283	0.3431953	0.3134328	0.415493	0.4749164	0.4521073	0.4424779	0.4396552	0.4444444	0.4827586	0.5744681	0.4656489	0.5423729	0.5221239	0.4387097	0.3744856	0.3250883	0.3769968	0.4171123	0.3814433	0.4353741	0.3387622	0.3036649	0.2362205	0.2148148	0.1728395	0.1315789	0.1318681	0.3172414	0.2352941	0.3357143	0.190184	0.1	0.0995261	0.0620155	0.0652174	0.0729927	0.0736842	
blackbird sp. (<em class="sci">Icteridae sp.</em>)	0.0687831	0.0965517	0.0797101	0.0759494	0.09375	0.0810811	0.0687831	0.0454545	0.0692308	0.0535714	0.0551181	0.0473373	0.0597015	0.028169	0.0401338	0.0268199	0.0088496	0.0086207	0.0123457	0.0517241	0.0212766	0.0305344	0.0508475	0.0442478	0.0709677	0.0576132	0.0565371	0.1054313	0.0909091	0.1030928	0.0680272	0.1368078	0.1465969	0.1102362	0.0888889	0.154321	0.0964912	0.0824176	0.0896552	0.0534759	0.0857143	0.0858896	0.075	0.1800948	0.1007752	0.0869565	0.1021898	0.0736842	
Northern Waterthrush (<em class="sci">Parkesia noveboracensis</em>)	0.0	0.0	0.0	0.0	0.0	0.0	0.0	0.0	0.0	0.0	0.0	0.0	0.0	0.0	0.0	0.0	0.0	0.0	0.0	0.0	0.0	0.0	0.0	0.0	0.0	0.0	0.0	0.0	0.0	0.0	0.0	0.0	0.0	0.0393701	0.0	0.0	0.0	0.0	0.0	0.0	0.0	0.0	0.0	0.0	0.0	0.0	0.0	0.0	
Tennessee Warbler (<em class="sci">Leiothlypis peregrina</em>)	0.0	0.0	0.0	0.0	0.0	0.0	0.0	0.0	0.0	0.0	0.0	0.0	0.0	0.0	0.0	0.0	0.0	0.0086207	0.0	0.0	0.0	0.0	0.0	0.0	0.0	0.0	0.0	0.0	0.0	0.0	0.0	0.0	0.0	0.0	0.0	0.0	0.0	0.0	0.0	0.0	0.0	0.0	0.0	0.0	0.0	0.0	0.0	0.0	
Orange-crowned Warbler (<em class="sci">Leiothlypis celata</em>)	0.005291	0.0068966	0.0072464	0.0337553	0.0078125	0.0067568	0.015873	0.0151515	0.0076923	0.0089286	0.0	0.0414201	0.0373134	0.0422535	0.0434783	0.0574713	0.0619469	0.0689655	0.0123457	0.0086207	0.0319149	0.0305344	0.0338983	0.0265487	0.0064516	0.0	0.0035336	0.0063898	0.0	0.0463918	0.0340136	0.0423453	0.0314136	0.0629921	0.0888889	0.0740741	0.0175439	0.0384615	0.0068966	0.026738	0.0428571	0.0552147	0.0	0.0331754	0.0387597	0.0289855	0.0364964	0.0315789	
Nashville Warbler (<em class="sci">Leiothlypis ruficapilla</em>)	0.0	0.0	0.0	0.0	0.0	0.0	0.0	0.0	0.0	0.0	0.0	0.0	0.0074627	0.0	0.0100334	0.0191571	0.0088496	0.0	0.0	0.0	0.0	0.0	0.0	0.0	0.0	0.0	0.0	0.0	0.0	0.0103093	0.0068027	0.009772	0.0	0.0314961	0.0074074	0.0308642	0.0	0.0	0.0	0.0	0.0	0.0	0.0	0.0	0.0	0.0	0.0	0.0	
MacGillivray's Warbler (<em class="sci">Geothlypis tolmiei</em>)	0.0	0.0	0.0	0.0	0.0	0.0	0.0	0.0	0.0	0.0	0.0	0.0	0.0	0.0	0.0	0.0153257	0.0	0.0086207	0.0	0.0	0.0	0.0	0.0	0.0	0.0	0.0	0.0	0.0031949	0.0106952	0.0360825	0.047619	0.0162866	0.0157068	0.015748	0.0222222	0.0246914	0.0	0.0	0.0	0.0053476	0.0	0.0	0.0	0.0	0.0	0.0	0.0	0.0	
Common Yellowthroat (<em class="sci">Geothlypis trichas</em>)	0.2010582	0.1448276	0.2028986	0.164557	0.171875	0.1081081	0.1640212	0.1515152	0.1230769	0.125	0.2362205	0.3668639	0.3358209	0.3239437	0.3545151	0.3371648	0.3451327	0.3965517	0.4814815	0.3793103	0.4468085	0.5343511	0.5169492	0.5132743	0.5032258	0.382716	0.2650177	0.2332268	0.2085561	0.2010309	0.2176871	0.1921824	0.2984293	0.3385827	0.3777778	0.382716	0.3684211	0.2142857	0.1793103	0.0748663	0.1142857	0.1656442	0.0875	0.1374408	0.2093023	0.173913	0.1678832	0.2263158	
American Redstart (<em class="sci">Setophaga ruticilla</em>)	0.0	0.0	0.0	0.0	0.0	0.0	0.0	0.0	0.0	0.0	0.0	0.0	0.0	0.0	0.0	0.0	0.0	0.0	0.0	0.0	0.0	0.0	0.0	0.0	0.0	0.0	0.0	0.0	0.0	0.0	0.0	0.0	0.0	0.0	0.0	0.0	0.0	0.021978	0.0	0.0	0.0	0.0	0.0	0.0	0.0	0.0	0.0	0.0	
Northern Yellow Warbler (<em class="sci">Setophaga aestiva</em>)	0.0	0.0	0.0	0.0	0.0	0.0	0.0	0.0	0.0	0.0	0.0	0.0	0.0	0.0	0.0033445	0.0114943	0.0707965	0.1810345	0.1975309	0.0862069	0.0212766	0.0	0.0169492	0.0265487	0.0064516	0.0	0.0	0.0	0.0053476	0.0257732	0.0748299	0.0456026	0.0942408	0.1889764	0.2444444	0.2469136	0.1403509	0.043956	0.0068966	0.0053476	0.0	0.0	0.0	0.0047393	0.0	0.0	0.0	0.0052632	
Palm Warbler (<em class="sci">Setophaga palmarum</em>)	0.0	0.0	0.0	0.0	0.0	0.0	0.0	0.0	0.0	0.0	0.0	0.0	0.0	0.0	0.0	0.0	0.0	0.0	0.0	0.0	0.0	0.0	0.0	0.0	0.0	0.0	0.0	0.0	0.0	0.0	0.0	0.0	0.0	0.0	0.0	0.0123457	0.0	0.0	0.0	0.0	0.0	0.0	0.0	0.0	0.0	0.0	0.0	0.0	
Yellow-rumped Warbler (<em class="sci">Setophaga coronata</em>)	0.6084656	0.6068966	0.6956522	0.6751055	0.71875	0.7094595	0.7248677	0.7020202	0.6384615	0.5982143	0.488189	0.5147929	0.4626866	0.3521127	0.2207358	0.1417625	0.0442478	0.0172414	0.0123457	0.0	0.0	0.0	0.0	0.0	0.0	0.0	0.0	0.0	0.0	0.0	0.0068027	0.0	0.0104712	0.0	0.0296296	0.0925926	0.2192982	0.2527473	0.2965517	0.3743316	0.4285714	0.5766871	0.41875	0.5829384	0.7054264	0.6884058	0.6715328	0.6	
Black-throated Gray Warbler (<em class="sci">Setophaga nigrescens</em>)	0.0	0.0	0.0	0.0	0.0	0.0	0.0	0.0	0.0	0.0	0.0	0.0059172	0.0	0.0	0.0334448	0.0306513	0.0088496	0.0	0.0	0.0	0.0	0.0	0.0	0.0	0.0	0.0	0.0	0.0	0.0	0.0257732	0.0272109	0.0065147	0.0209424	0.015748	0.0444444	0.0061728	0.0263158	0.0164835	0.0	0.0053476	0.0	0.0	0.0	0.0	0.0	0.0	0.0	0.0	
Townsend's Warbler (<em class="sci">Setophaga townsendi</em>)	0.0	0.0	0.0	0.0	0.0	0.0	0.0	0.0050505	0.0	0.0	0.0	0.0	0.0	0.0070423	0.0200669	0.0344828	0.0265487	0.0862069	0.0246914	0.0172414	0.0106383	0.0	0.0	0.0	0.0	0.0	0.0	0.0	0.0	0.0	0.0068027	0.0	0.0	0.007874	0.0074074	0.0123457	0.0	0.0	0.0	0.0	0.0	0.0	0.00625	0.0	0.0	0.0	0.0	0.0052632	
Hermit Warbler (<em class="sci">Setophaga occidentalis</em>)	0.0	0.0	0.0	0.0	0.0	0.0	0.0	0.0	0.0	0.0	0.0	0.0	0.0	0.0	0.0033445	0.0038314	0.0088496	0.0	0.0	0.0	0.0106383	0.0	0.0	0.0	0.0	0.0	0.0	0.0031949	0.0160428	0.0	0.0	0.0032573	0.0	0.0	0.0	0.0	0.0	0.0	0.0	0.0	0.0	0.0	0.0	0.0	0.0	0.0	0.0	0.0	
Black-throated Gray/Townsend's/Hermit Warbler (<em class="sci">Setophaga nigrescens/townsendi/occidentalis</em>)	0.0	0.0	0.0	0.0	0.0	0.0	0.0	0.0	0.0	0.0	0.0	0.0	0.0	0.0	0.0	0.0	0.0	0.0	0.0123457	0.0	0.0	0.0	0.0	0.0	0.0	0.0	0.0	0.0	0.0	0.0	0.0	0.0	0.0	0.0	0.0	0.0	0.0	0.0	0.0	0.0	0.0	0.0	0.0	0.0	0.0	0.0	0.0	0.0	
Wilson's Warbler (<em class="sci">Cardellina pusilla</em>)	0.0	0.0	0.0	0.0	0.0	0.0	0.0	0.0	0.0	0.0	0.0	0.0	0.0074627	0.028169	0.0468227	0.0957854	0.1150442	0.2327586	0.1111111	0.0431034	0.0106383	0.0076336	0.0169492	0.0	0.0	0.0082305	0.0	0.0031949	0.0374332	0.0927835	0.0952381	0.0781759	0.0680628	0.1181102	0.1481481	0.0555556	0.0438596	0.0164835	0.0	0.0	0.0	0.0	0.0	0.0	0.0	0.0	0.0	0.0	
new world warbler sp. (<em class="sci">Parulidae sp.</em>)	0.0	0.0015	0.0	0.0	0.0	0.0	0.0	0.0	0.0	0.0	0.0	0.0	0.0	0.0	0.0	0.0	0.0	0.0	0.0	0.0	0.0	0.0	0.0	0.0	0.0	0.0	0.0	0.0	0.0	0.0	0.0	0.0032573	0.0	0.0	0.0	0.0	0.0	0.0	0.0	0.0053476	0.0	0.0	0.0	0.0	0.0	0.0	0.0	0.0	
Western Tanager (<em class="sci">Piranga ludoviciana</em>)	0.0	0.0	0.0	0.0	0.0	0.0	0.0	0.0	0.0	0.0	0.0	0.0	0.0	0.0	0.0133779	0.0229885	0.0619469	0.0517241	0.0123457	0.0344828	0.0	0.0076336	0.0	0.0088496	0.0	0.0	0.0035336	0.0095847	0.0106952	0.0257732	0.0068027	0.0065147	0.0052356	0.015748	0.0074074	0.0	0.0087719	0.0	0.0	0.0	0.0	0.0	0.0	0.0	0.0	0.0	0.0	0.0	
Black-headed Grosbeak (<em class="sci">Pheucticus melanocephalus</em>)	0.0	0.0	0.0	0.0	0.0	0.0	0.0	0.0	0.0	0.0	0.0	0.0	0.0	0.0140845	0.0167224	0.0383142	0.0353982	0.1206897	0.0493827	0.0775862	0.0212766	0.0610687	0.0169492	0.0265487	0.0258065	0.0082305	0.0035336	0.0095847	0.0106952	0.0103093	0.0136054	0.0032573	0.0052356	0.007874	0.0	0.0	0.0	0.0	0.0	0.0	0.0	0.0	0.0	0.0	0.0	0.0	0.0	0.0	
Blue Grosbeak (<em class="sci">Passerina caerulea</em>)	0.0	0.0	0.0	0.0	0.0	0.0	0.0	0.0	0.0	0.0	0.0	0.0	0.0	0.0	0.0133779	0.0996169	0.1327434	0.2068966	0.2592593	0.1982759	0.2340426	0.351145	0.1949153	0.2566372	0.2451613	0.1440329	0.1696113	0.1501597	0.2085561	0.2061856	0.1564626	0.1009772	0.0209424	0.015748	0.0074074	0.0	0.0	0.0	0.0	0.0	0.0	0.0	0.0	0.0	0.0	0.0	0.0	0.0	
Lazuli Bunting (<em class="sci">Passerina amoena</em>)	0.0	0.0	0.0	0.0	0.0	0.0	0.0	0.0	0.0	0.0	0.0	0.0	0.0074627	0.0	0.0033445	0.0191571	0.0353982	0.0775862	0.1234568	0.0344828	0.0212766	0.0229008	0.0084746	0.0265487	0.0064516	0.0082305	0.024735	0.0255591	0.0534759	0.0773196	0.0612245	0.0325733	0.0314136	0.0314961	0.0222222	0.0123457	0.0	0.0	0.0	0.0	0.0	0.0	0.0	0.0	0.0	0.0	0.0	0.0	
Indigo Bunting (<em class="sci">Passerina cyanea</em>)	0.0	0.0	0.0	0.0	0.0	0.0	0.0	0.0	0.0	0.0	0.0	0.0	0.0	0.0	0.0	0.0	0.0	0.0	0.0	0.0	0.0	0.0992366	0.0	0.0	0.0	0.0	0.0	0.0	0.0	0.0206186	0.0	0.0	0.0	0.0	0.0	0.0	0.0	0.0	0.0	0.0	0.0	0.0	0.0	0.0	0.0	0.0	0.0	0.0	
passerine sp. (<em class="sci">Passeriformes sp.</em>)	0.005291	0.0	0.0072464	0.0042194	0.0	0.0	0.0	0.0	0.0	0.0	0.0	0.0	0.0074627	0.0	0.0	0.0038314	0.0	0.0086207	0.0123457	0.0	0.0	0.0	0.0015	0.0088496	0.0064516	0.0082305	0.0070671	0.0063898	0.0160428	0.0	0.0	0.0032573	0.0	0.015748	0.0	0.0	0.0087719	0.0054945	0.0	0.0053476	0.0	0.0	0.00625	0.0047393	0.0	0.0	0.0072993	0.0052632	
bird sp. (<em class="sci">Aves sp.</em>)	0.0	0.0	0.0	0.0	0.0	0.0	0.005291	0.0	0.0	0.0	0.0	0.0	0.0	0.0	0.0	0.0	0.0	0.0	0.0	0.0	0.0	0.0	0.0084746	0.0	0.0	0.0	0.0	0.0	0.0	0.0	0.0	0.0	0.0	0.0	0.0	0.0	0.0	0.0	0.0	0.0	0.0	0.0	0.0	0.0	0.0	0.0	0.0	0.0015	

