{"type":"FeatureCollection","features":[{"type":"Feature","geometry":{"type":"Polygon","coordinates":[[[-122.05247,38.81726],[-122.04367,38.81719],[-122.04348,38.8158],[-122.05326,38.81577],[-122.05383,38.81714],[-122.05247,38.81726]]]},"properties":{}},{"type":"Feature","geometry":{"type":"Polygon","coordinates":[[[-121.92105,38.71192],[-121.91613,38.70958],[-121.91696,38.70497],[-121.92225,38.70808],[-121.92105,38.71192]]]},"properties":{}},{"type":"Feature","geometry":{"type":"Polygon","coordinates":[[[-121.92472,38.69671],[-121.92581,38.69893],[-121.92324,38.6975],[-121.92472,38.69671]]]},"properties":{}},{"type":"Feature","geometry":{"type":"Polygon","coordinates":[[[-121.99885,38.75892],[-122.00715,38.75229],[-122.00691,38.75894],[-121.99885,38.75892]]]},"properties":{}},{"type":"Feature","geometry":{"type":"Polygon","coordinates":[[[-122.01216,38.74476],[-122.01646,38.74467],[-122.01627,38.75159],[-122.01196,38.75155],[-122.01216,38.74476]]]},"properties":{}},{"type":"Feature","geometry":{"type":"Polygon","coordinates":[[[-122.05339,38.81543],[-122.04381,38.81557],[-122.04349,38.81016],[-122.04814,38.81246],[-122.05418,38.81286],[-122.05527,38.81703],[-122.05339,38.81543]]]},"properties":{}},{"type":"Feature","geometry":{"type":"Polygon","coordinates":[[[-121.92221,38.83677],[-121.91905,38.83366],[-121.92354,38.83603],[-121.92221,38.83677]]]},"properties":{}},{"type":"Feature","geometry":{"type":"Polygon","coordinates":[[[-121.92115,38.82379],[-121.9213,38.82508],[-121.91927,38.82488],[-121.92115,38.82379]]]},"properties":{}},{"type":"Feature","geometry":{"type":"Polygon","coordinates":[[[-121.79257,38.74225],[-121.78888,38.74219],[-121.78892,38.73937],[-121.79257,38.73939],[-121.79257,38.74225]]]},"properties":{}},{"type":"Feature","geometry":{"type":"Polygon","coordinates":[[[-121.91536,38.83299],[-121.9166,38.83205],[-121.91859,38.83416],[-121.91456,38.83412],[-121.91536,38.83299]]]},"properties":{}},{"type":"Feature","geometry":{"type":"Polygon","coordinates":[[[-121.98005,38.78022],[-121.97933,38.77342],[-121.98847,38.77347],[-121.98853,38.7806],[-121.98005,38.78022]]]},"properties":{}},{"type":"Feature","geometry":{"type":"Polygon","coordinates":[[[-121.97755,38.8386],[-121.97529,38.84165],[-121.96953,38.84358],[-121.97128,38.84224],[-121.9704,38.83854],[-121.97755,38.8386]]]},"properties":{}},{"type":"Feature","geometry":{"type":"Polygon","coordinates":[[[-121.80135,38.74241],[-121.80137,38.74115],[-121.80317,38.74117],[-121.80135,38.74241]]]},"properties":{}},{"type":"Feature","geometry":{"type":"Polygon","coordinates":[[[-122.00732,38.77462],[-122.01188,38.77467],[-122.01188,38.78077],[-122.00744,38.78057],[-122.00732,38.77462]]]},"properties":{}},{"type":"Feature","geometry":{"type":"Polygon","coordinates":[[[-121.79433,38.80448],[-121.79778,38.80443],[-121.79768,38.80792],[-121.79416,38.80787],[-121.79433,38.80448]]]},"properties":{}},{"type":"Feature","geometry":{"type":"Polygon","coordinates":[[[-122.0075,38.74809],[-122.0076,38.74457],[-122.01203,38.74471],[-122.01186,38.75155],[-122.00748,38.75143],[-122.0075,38.74809]]]},"properties":{}},{"type":"Feature","geometry":{"type":"Polygon","coordinates":[[[-121.99576,38.75885],[-121.98868,38.7588],[-121.9887,38.75505],[-122.00125,38.75643],[-121.99576,38.75885]]]},"properties":{}},{"type":"Feature","geometry":{"type":"Polygon","coordinates":[[[-121.92449,38.71649],[-121.92432,38.71481],[-121.92586,38.71561],[-121.92585,38.71694],[-121.92449,38.71649]]]},"properties":{}},{"type":"Feature","geometry":{"type":"Polygon","coordinates":[[[-121.72984,38.85348],[-121.72882,38.84946],[-121.73059,38.84679],[-121.73428,38.85735],[-121.73309,38.85806],[-121.73085,38.85617],[-121.72984,38.85348]]]},"properties":{}},{"type":"Feature","geometry":{"type":"Polygon","coordinates":[[[-121.86462,38.69223],[-121.86347,38.69645],[-121.86085,38.6971],[-121.86229,38.6933],[-121.86462,38.69223]]]},"properties":{}},{"type":"Feature","geometry":{"type":"Polygon","coordinates":[[[-122.05292,38.7739],[-122.04451,38.77366],[-122.04421,38.76663],[-122.05281,38.76687],[-122.05292,38.7739]]]},"properties":{}},{"type":"Feature","geometry":{"type":"Polygon","coordinates":[[[-122.01207,38.78626],[-122.01644,38.78613],[-122.01635,38.78834],[-122.02556,38.78818],[-122.02555,38.79558],[-122.0168,38.79551],[-122.01674,38.79187],[-122.01213,38.79181],[-122.01207,38.78626]]]},"properties":{}},{"type":"Feature","geometry":{"type":"Polygon","coordinates":[[[-122.01198,38.78297],[-122.012,38.78099],[-122.02556,38.78116],[-122.02555,38.78327],[-122.01359,38.78499],[-122.01198,38.78297]]]},"properties":{}},{"type":"Feature","geometry":{"type":"Polygon","coordinates":[[[-122.01207,38.78626],[-122.01198,38.78297],[-122.01359,38.78499],[-122.02555,38.78327],[-122.02556,38.78818],[-122.01635,38.78834],[-122.01644,38.78613],[-122.01207,38.78626]]]},"properties":{}},{"type":"Feature","geometry":{"type":"Polygon","coordinates":[[[-121.78926,38.79352],[-121.79354,38.79359],[-121.79345,38.8004],[-121.78864,38.8005],[-121.78926,38.79352]]]},"properties":{}},{"type":"Feature","geometry":{"type":"Polygon","coordinates":[[[-122.04409,38.77411],[-122.0529,38.7741],[-122.05308,38.77759],[-122.04403,38.77763],[-122.04409,38.77411]]]},"properties":{}},{"type":"Feature","geometry":{"type":"Polygon","coordinates":[[[-122.01195,38.78027],[-122.01197,38.77379],[-122.01601,38.77394],[-122.01629,38.78091],[-122.01195,38.78027]]]},"properties":{}},{"type":"Feature","geometry":{"type":"Polygon","coordinates":[[[-122.00716,38.76807],[-122.00723,38.76268],[-122.01149,38.76277],[-122.01155,38.76809],[-122.00716,38.76807]]]},"properties":{}},{"type":"Feature","geometry":{"type":"Polygon","coordinates":[[[-122.02687,38.75552],[-122.02822,38.75232],[-122.03508,38.7522],[-122.035,38.75563],[-122.02687,38.75552]]]},"properties":{}},{"type":"Feature","geometry":{"type":"Polygon","coordinates":[[[-122.04292,38.73746],[-122.04521,38.73457],[-122.04491,38.73721],[-122.04292,38.73746]]]},"properties":{}},{"type":"Feature","geometry":{"type":"Polygon","coordinates":[[[-121.69617,38.77743],[-121.6961,38.77964],[-121.69192,38.77965],[-121.69078,38.77735],[-121.69617,38.77743]]]},"properties":{}},{"type":"Feature","geometry":{"type":"Polygon","coordinates":[[[-121.69636,38.77766],[-121.70081,38.77758],[-121.70072,38.781],[-121.69625,38.78093],[-121.69636,38.77766]]]},"properties":{}},{"type":"Feature","geometry":{"type":"Polygon","coordinates":[[[-121.80132,38.73785],[-121.80366,38.7372],[-121.80332,38.73845],[-121.80132,38.73785]]]},"properties":{}},{"type":"Feature","geometry":{"type":"Polygon","coordinates":[[[-121.72779,38.77933],[-121.72819,38.78284],[-121.72616,38.7826],[-121.72779,38.77933]]]},"properties":{}},{"type":"Feature","geometry":{"type":"Polygon","coordinates":[[[-121.78887,38.78927],[-121.79332,38.78929],[-121.79328,38.79328],[-121.78877,38.79321],[-121.78887,38.78927]]]},"properties":{}},{"type":"Feature","geometry":{"type":"Polygon","coordinates":[[[-121.77676,38.74532],[-121.78021,38.74475],[-121.78011,38.74704],[-121.77592,38.74693],[-121.77676,38.74532]]]},"properties":{}},{"type":"Feature","geometry":{"type":"Polygon","coordinates":[[[-121.79293,38.78386],[-121.79032,38.78429],[-121.79288,38.78497],[-121.79162,38.786],[-121.78899,38.78596],[-121.78899,38.78245],[-121.79286,38.78249],[-121.79293,38.78386]]]},"properties":{}},{"type":"Feature","geometry":{"type":"Polygon","coordinates":[[[-121.66803,38.72251],[-121.66498,38.71869],[-121.66604,38.71624],[-121.66838,38.71811],[-121.66803,38.72251]]]},"properties":{}},{"type":"Feature","geometry":{"type":"Polygon","coordinates":[[[-121.91321,38.70051],[-121.91397,38.70396],[-121.91662,38.70606],[-121.91562,38.70878],[-121.9123,38.70581],[-121.91096,38.70033],[-121.91321,38.70051]]]},"properties":{}},{"type":"Feature","geometry":{"type":"Polygon","coordinates":[[[-121.90423,38.70886],[-121.90345,38.7117],[-121.90066,38.70929],[-121.90103,38.70761],[-121.90423,38.70886]]]},"properties":{}},{"type":"Feature","geometry":{"type":"Polygon","coordinates":[[[-121.90345,38.7117],[-121.90423,38.70886],[-121.9048,38.71135],[-121.90345,38.7117]]]},"properties":{}},{"type":"Feature","geometry":{"type":"Polygon","coordinates":[[[-121.94896,38.74637],[-121.94913,38.74429],[-121.95261,38.74454],[-121.95218,38.74642],[-121.94896,38.74637]]]},"properties":{}},{"type":"Feature","geometry":{"type":"Polygon","coordinates":[[[-121.83102,38.77568],[-121.83094,38.77712],[-121.82646,38.77633],[-121.83102,38.77568]]]},"properties":{}},{"type":"Feature","geometry":{"type":"Polygon","coordinates":[[[-121.94852,38.74418],[-121.94903,38.7406],[-121.95353,38.74063],[-121.95263,38.7445],[-121.94852,38.74418]]]},"properties":{}},{"type":"Feature","geometry":{"type":"Polygon","coordinates":[[[-122.04943,38.75635],[-122.05287,38.75681],[-122.05341,38.75924],[-122.04928,38.75932],[-122.04943,38.75635]]]},"properties":{}},{"type":"Feature","geometry":{"type":"Polygon","coordinates":[[[-121.80119,38.73723],[-121.80332,38.73845],[-121.8033,38.74105],[-121.79708,38.7424],[-121.79712,38.73982],[-121.80018,38.73985],[-121.80119,38.73723]]]},"properties":{}},{"type":"Feature","geometry":{"type":"Polygon","coordinates":[[[-122.00626,38.8417],[-122.00414,38.84061],[-122.00902,38.84058],[-122.00626,38.8417]]]},"properties":{}},{"type":"Feature","geometry":{"type":"Polygon","coordinates":[[[-121.7789,38.74861],[-121.77709,38.74939],[-121.77698,38.74708],[-121.78022,38.74718],[-121.77945,38.74946],[-121.7789,38.74861]]]},"properties":{}},{"type":"Feature","geometry":{"type":"Polygon","coordinates":[[[-122.02575,38.78469],[-122.02588,38.78125],[-122.03453,38.78115],[-122.03454,38.78475],[-122.02575,38.78469]]]},"properties":{}},{"type":"Feature","geometry":{"type":"Polygon","coordinates":[[[-122.01294,38.71505],[-122.01875,38.71433],[-122.01965,38.71655],[-122.00993,38.71842],[-122.01043,38.71522],[-122.01294,38.71505]]]},"properties":{}},{"type":"Feature","geometry":{"type":"Polygon","coordinates":[[[-122.02276,38.75526],[-122.02278,38.75731],[-122.01654,38.75728],[-122.01653,38.7552],[-122.02276,38.75526]]]},"properties":{}},{"type":"Feature","geometry":{"type":"Polygon","coordinates":[[[-122.05295,38.75669],[-122.0493,38.75565],[-122.04936,38.75338],[-122.0536,38.75338],[-122.05295,38.75669]]]},"properties":{}},{"type":"Feature","geometry":{"type":"Polygon","coordinates":[[[-122.04958,38.74861],[-122.0538,38.74859],[-122.05359,38.75327],[-122.04937,38.75329],[-122.04958,38.74861]]]},"properties":{}},{"type":"Feature","geometry":{"type":"Polygon","coordinates":[[[-122.01488,38.7666],[-122.02373,38.76649],[-122.01663,38.77356],[-122.00972,38.77361],[-122.01488,38.7666]]]},"properties":{}},{"type":"Feature","geometry":{"type":"Polygon","coordinates":[[[-122.02099,38.77414],[-122.02097,38.77611],[-122.01653,38.77605],[-122.01661,38.77385],[-122.02099,38.77414]]]},"properties":{}},{"type":"Feature","geometry":{"type":"Polygon","coordinates":[[[-122.02551,38.77618],[-122.02105,38.7761],[-122.02107,38.77392],[-122.0256,38.77388],[-122.02551,38.77618]]]},"properties":{}},{"type":"Feature","geometry":{"type":"Polygon","coordinates":[[[-121.67229,38.70614],[-121.67216,38.71256],[-121.66802,38.71254],[-121.67229,38.70614]]]},"properties":{}},{"type":"Feature","geometry":{"type":"Polygon","coordinates":[[[-122.01145,38.76271],[-122.01632,38.76291],[-122.01351,38.76805],[-122.01165,38.76799],[-122.01145,38.76271]]]},"properties":{}},{"type":"Feature","geometry":{"type":"Polygon","coordinates":[[[-121.78887,38.78914],[-121.78901,38.78613],[-121.79345,38.78617],[-121.79336,38.78927],[-121.78887,38.78914]]]},"properties":{}},{"type":"Feature","geometry":{"type":"Polygon","coordinates":[[[-121.8081,38.75063],[-121.80801,38.75442],[-121.80352,38.75368],[-121.80359,38.7499],[-121.8081,38.75063]]]},"properties":{}},{"type":"Feature","geometry":{"type":"Polygon","coordinates":[[[-122.04388,38.79106],[-122.04551,38.79056],[-122.04427,38.78852],[-122.04778,38.78842],[-122.04769,38.79173],[-122.04388,38.79106]]]},"properties":{}},{"type":"Feature","geometry":{"type":"Polygon","coordinates":[[[-121.73009,38.79198],[-121.72938,38.78985],[-121.73155,38.78994],[-121.73152,38.79242],[-121.73009,38.79198]]]},"properties":{}},{"type":"Feature","geometry":{"type":"Polygon","coordinates":[[[-122.00045,38.84182],[-122.00157,38.8452],[-121.99954,38.84025],[-122.00116,38.84034],[-122.00045,38.84182]]]},"properties":{}},{"type":"Feature","geometry":{"type":"Polygon","coordinates":[[[-122.06083,38.79568],[-122.04472,38.79549],[-122.04381,38.79201],[-122.06217,38.79217],[-122.0621,38.79565],[-122.06083,38.79568]]]},"properties":{}},{"type":"Feature","geometry":{"type":"Polygon","coordinates":[[[-121.90914,38.74499],[-121.90871,38.7439],[-121.91122,38.74388],[-121.90914,38.74499]]]},"properties":{}},{"type":"Feature","geometry":{"type":"Polygon","coordinates":[[[-121.91494,38.73639],[-121.9192,38.73448],[-121.91769,38.73305],[-121.91375,38.73638],[-121.91667,38.73321],[-121.91961,38.73298],[-121.91966,38.73644],[-121.91494,38.73639]]]},"properties":{}},{"type":"Feature","geometry":{"type":"Polygon","coordinates":[[[-121.91165,38.72924],[-121.91493,38.7293],[-121.91492,38.73292],[-121.91637,38.73294],[-121.91287,38.73636],[-121.91147,38.73636],[-121.91165,38.72924]]]},"properties":{}},{"type":"Feature","geometry":{"type":"Polygon","coordinates":[[[-121.90512,38.70756],[-121.90434,38.70841],[-121.90475,38.70693],[-121.90806,38.70736],[-121.90691,38.71226],[-121.90476,38.71186],[-121.90512,38.70756]]]},"properties":{}},{"type":"Feature","geometry":{"type":"Polygon","coordinates":[[[-121.90577,38.7026],[-121.90687,38.70102],[-121.90953,38.70152],[-121.90914,38.70311],[-121.90577,38.7026]]]},"properties":{}},{"type":"Feature","geometry":{"type":"Polygon","coordinates":[[[-121.90403,38.70257],[-121.90421,38.70016],[-121.90559,38.70013],[-121.90496,38.70445],[-121.90403,38.70257]]]},"properties":{}},{"type":"Feature","geometry":{"type":"Polygon","coordinates":[[[-121.81334,38.75351],[-121.81284,38.75006],[-121.82183,38.75028],[-121.82178,38.75354],[-121.81334,38.75351]]]},"properties":{}},{"type":"Feature","geometry":{"type":"Polygon","coordinates":[[[-121.70081,38.77758],[-121.69636,38.77766],[-121.69649,38.77428],[-121.69955,38.77443],[-121.70081,38.77758]]]},"properties":{}},{"type":"Feature","geometry":{"type":"Polygon","coordinates":[[[-122.05419,38.81275],[-122.04805,38.81232],[-122.04377,38.8098],[-122.05378,38.80974],[-122.05419,38.81275]]]},"properties":{}},{"type":"Feature","geometry":{"type":"Polygon","coordinates":[[[-121.78847,38.81015],[-121.78865,38.80427],[-121.79304,38.80442],[-121.79284,38.81151],[-121.7885,38.81148],[-121.78847,38.81015]]]},"properties":{}},{"type":"Feature","geometry":{"type":"Polygon","coordinates":[[[-121.91928,38.79891],[-121.92134,38.79808],[-121.92131,38.80175],[-121.91923,38.80173],[-121.91928,38.79891]]]},"properties":{}},{"type":"Feature","geometry":{"type":"Polygon","coordinates":[[[-121.8676,38.73899],[-121.8726,38.73782],[-121.87366,38.73696],[-121.8724,38.73624],[-121.87368,38.73617],[-121.87368,38.74315],[-121.86765,38.74315],[-121.86754,38.74154],[-121.87178,38.74301],[-121.86755,38.74138],[-121.8676,38.73899]]]},"properties":{}},{"type":"Feature","geometry":{"type":"Polygon","coordinates":[[[-121.90803,38.75246],[-121.90916,38.74507],[-121.91031,38.74507],[-121.91064,38.74828],[-121.91209,38.7481],[-121.91201,38.75208],[-121.90864,38.75361],[-121.90803,38.75246]]]},"properties":{}},{"type":"Feature","geometry":{"type":"Polygon","coordinates":[[[-122.00744,38.78832],[-122.01199,38.78828],[-122.01203,38.79182],[-122.00748,38.79179],[-122.00744,38.78832]]]},"properties":{}},{"type":"Feature","geometry":{"type":"Polygon","coordinates":[[[-121.88036,38.69304],[-121.88322,38.69383],[-121.88367,38.69771],[-121.8755,38.69442],[-121.88036,38.69304]]]},"properties":{}},{"type":"Feature","geometry":{"type":"Polygon","coordinates":[[[-121.74377,38.61927],[-121.74775,38.61929],[-121.74795,38.62116],[-121.74377,38.61927]]]},"properties":{}},{"type":"Feature","geometry":{"type":"Polygon","coordinates":[[[-121.85384,38.59617],[-121.85055,38.59625],[-121.84966,38.59436],[-121.85334,38.59369],[-121.85384,38.59617]]]},"properties":{}},{"type":"Feature","geometry":{"type":"Polygon","coordinates":[[[-121.90583,38.67939],[-121.9033,38.677],[-121.9033,38.67421],[-121.90509,38.67308],[-121.90784,38.67365],[-121.9079,38.67937],[-121.90583,38.67939]]]},"properties":{}},{"type":"Feature","geometry":{"type":"Polygon","coordinates":[[[-121.86902,38.62911],[-121.86985,38.63028],[-121.86854,38.63077],[-121.86902,38.62911]]]},"properties":{}},{"type":"Feature","geometry":{"type":"Polygon","coordinates":[[[-121.87331,38.632],[-121.87001,38.63247],[-121.87004,38.63118],[-121.87331,38.632]]]},"properties":{}},{"type":"Feature","geometry":{"type":"Polygon","coordinates":[[[-121.8859,38.65843],[-121.88741,38.65804],[-121.88725,38.66235],[-121.88588,38.66231],[-121.8859,38.65843]]]},"properties":{}},{"type":"Feature","geometry":{"type":"Polygon","coordinates":[[[-121.85488,38.5863],[-121.85668,38.58843],[-121.8585,38.58785],[-121.85844,38.59051],[-121.85486,38.59053],[-121.85591,38.58776],[-121.85396,38.58567],[-121.85488,38.5863]]]},"properties":{}},{"type":"Feature","geometry":{"type":"Polygon","coordinates":[[[-121.85383,38.56654],[-121.85858,38.56653],[-121.85869,38.56793],[-121.85496,38.56686],[-121.85376,38.56785],[-121.85383,38.56654]]]},"properties":{}},{"type":"Feature","geometry":{"type":"Polygon","coordinates":[[[-121.54574,38.43696],[-121.54456,38.43697],[-121.54459,38.44323],[-121.54179,38.44328],[-121.54194,38.43297],[-121.54613,38.43394],[-121.54574,38.43696]]]},"properties":{}},{"type":"Feature","geometry":{"type":"Polygon","coordinates":[[[-121.95842,38.5617],[-121.95853,38.56053],[-121.95603,38.5603],[-121.956,38.55822],[-121.95889,38.55829],[-121.95842,38.5617]]]},"properties":{}},{"type":"Feature","geometry":{"type":"Polygon","coordinates":[[[-121.90527,38.68064],[-121.90533,38.67959],[-121.90795,38.67997],[-121.90527,38.68064]]]},"properties":{}},{"type":"Feature","geometry":{"type":"Polygon","coordinates":[[[-121.97391,38.60363],[-121.98049,38.60369],[-121.98059,38.60597],[-121.97184,38.60588],[-121.97164,38.60365],[-121.97391,38.60363]]]},"properties":{}},{"type":"Feature","geometry":{"type":"Polygon","coordinates":[[[-121.54858,38.37352],[-121.54801,38.37097],[-121.55147,38.36974],[-121.55226,38.37111],[-121.54858,38.37352]]]},"properties":{}},{"type":"Feature","geometry":{"type":"Polygon","coordinates":[[[-121.99983,38.51809],[-121.99894,38.51581],[-122.00066,38.5171],[-121.99983,38.51809]]]},"properties":{}},{"type":"Feature","geometry":{"type":"Polygon","coordinates":[[[-121.98155,38.52015],[-121.98223,38.51874],[-121.98601,38.51935],[-121.98155,38.52015]]]},"properties":{}},{"type":"Feature","geometry":{"type":"Polygon","coordinates":[[[-121.76449,38.60339],[-121.76646,38.60315],[-121.76647,38.60469],[-121.76296,38.60473],[-121.76449,38.60339]]]},"properties":{}},{"type":"Feature","geometry":{"type":"Polygon","coordinates":[[[-121.84665,38.56148],[-121.84817,38.5589],[-121.8496,38.55915],[-121.84964,38.56145],[-121.84665,38.56148]]]},"properties":{}},{"type":"Feature","geometry":{"type":"Polygon","coordinates":[[[-121.87343,38.6434],[-121.8727,38.64162],[-121.87666,38.64176],[-121.87666,38.64335],[-121.87343,38.6434]]]},"properties":{}},{"type":"Feature","geometry":{"type":"Polygon","coordinates":[[[-121.80731,38.67429],[-121.81118,38.67417],[-121.81119,38.67646],[-121.80731,38.67644],[-121.80731,38.67429]]]},"properties":{}},{"type":"Feature","geometry":{"type":"Polygon","coordinates":[[[-121.99844,38.51189],[-121.99946,38.5116],[-121.9979,38.51041],[-122.00108,38.51022],[-122.00191,38.51343],[-121.99974,38.51425],[-121.99844,38.51189]]]},"properties":{}},{"type":"Feature","geometry":{"type":"Polygon","coordinates":[[[-121.63819,38.33028],[-121.64213,38.33037],[-121.64195,38.33252],[-121.63054,38.33243],[-121.63061,38.33013],[-121.63819,38.33028]]]},"properties":{}},{"type":"Feature","geometry":{"type":"Polygon","coordinates":[[[-121.65694,38.46917],[-121.65704,38.46656],[-121.66592,38.46671],[-121.66571,38.47017],[-121.65694,38.46917]]]},"properties":{}},{"type":"Feature","geometry":{"type":"Polygon","coordinates":[[[-121.55953,38.39972],[-121.55631,38.3997],[-121.568,38.39604],[-121.56704,38.3997],[-121.55953,38.39972]]]},"properties":{}},{"type":"Feature","geometry":{"type":"Polygon","coordinates":[[[-121.57003,38.51472],[-121.56998,38.51606],[-121.56282,38.51593],[-121.56493,38.51203],[-121.56999,38.51203],[-121.57003,38.51472]]]},"properties":{}},{"type":"Feature","geometry":{"type":"Polygon","coordinates":[[[-121.81196,38.65043],[-121.81586,38.65042],[-121.81587,38.65294],[-121.81197,38.65296],[-121.81196,38.65043]]]},"properties":{}},{"type":"Feature","geometry":{"type":"Polygon","coordinates":[[[-121.57319,38.41385],[-121.56961,38.41455],[-121.5697,38.40926],[-121.57316,38.4093],[-121.57319,38.41385]]]},"properties":{}},{"type":"Feature","geometry":{"type":"Polygon","coordinates":[[[-121.97601,38.53107],[-121.97601,38.5327],[-121.97361,38.53271],[-121.97366,38.53102],[-121.97601,38.53107]]]},"properties":{}},{"type":"Feature","geometry":{"type":"Polygon","coordinates":[[[-121.56652,38.41461],[-121.56249,38.41442],[-121.56485,38.41083],[-121.56945,38.41089],[-121.56944,38.41455],[-121.56652,38.41461]]]},"properties":{}},{"type":"Feature","geometry":{"type":"Polygon","coordinates":[[[-121.51939,38.44583],[-121.5182,38.44967],[-121.52207,38.44397],[-121.5197,38.45085],[-121.51567,38.45043],[-121.52026,38.44404],[-121.51939,38.44583]]]},"properties":{}},{"type":"Feature","geometry":{"type":"Polygon","coordinates":[[[-121.51602,38.44387],[-121.51464,38.44813],[-121.51326,38.44798],[-121.51445,38.44412],[-121.51602,38.44387]]]},"properties":{}},{"type":"Feature","geometry":{"type":"Polygon","coordinates":[[[-121.76129,38.57929],[-121.7667,38.58006],[-121.76644,38.58281],[-121.75816,38.58285],[-121.75823,38.5793],[-121.76129,38.57929]]]},"properties":{}},{"type":"Feature","geometry":{"type":"Polygon","coordinates":[[[-121.75553,38.58561],[-121.75601,38.58128],[-121.75791,38.58037],[-121.75787,38.5846],[-121.75553,38.58561]]]},"properties":{}},{"type":"Feature","geometry":{"type":"Polygon","coordinates":[[[-121.8676,38.63075],[-121.86647,38.63069],[-121.86813,38.62845],[-121.8676,38.63075]]]},"properties":{}},{"type":"Feature","geometry":{"type":"Polygon","coordinates":[[[-121.88537,38.54223],[-121.88324,38.53985],[-121.89183,38.53765],[-121.89324,38.54026],[-121.88537,38.54223]]]},"properties":{}},{"type":"Feature","geometry":{"type":"Polygon","coordinates":[[[-121.83924,38.54893],[-121.83808,38.54808],[-121.84019,38.54808],[-121.83924,38.54893]]]},"properties":{}},{"type":"Feature","geometry":{"type":"Polygon","coordinates":[[[-121.59593,38.40589],[-121.59606,38.40445],[-121.59934,38.40454],[-121.59944,38.40742],[-121.59825,38.4057],[-121.59681,38.4063],[-121.59806,38.40743],[-121.59605,38.40736],[-121.59593,38.40589]]]},"properties":{}},{"type":"Feature","geometry":{"type":"Polygon","coordinates":[[[-121.87785,38.66952],[-121.87903,38.66924],[-121.87882,38.67042],[-121.87785,38.66952]]]},"properties":{}},{"type":"Feature","geometry":{"type":"Polygon","coordinates":[[[-121.80349,38.54389],[-121.80345,38.54107],[-121.80515,38.54099],[-121.80349,38.54389]]]},"properties":{}},{"type":"Feature","geometry":{"type":"Polygon","coordinates":[[[-121.58243,38.42044],[-121.579,38.41459],[-121.58274,38.41472],[-121.58243,38.42044]]]},"properties":{}},{"type":"Feature","geometry":{"type":"Polygon","coordinates":[[[-121.51759,38.4465],[-121.51616,38.44882],[-121.5147,38.44843],[-121.51663,38.44401],[-121.51832,38.44399],[-121.51759,38.4465]]]},"properties":{}},{"type":"Feature","geometry":{"type":"Polygon","coordinates":[[[-121.57559,38.33833],[-121.57558,38.33674],[-121.57453,38.33764],[-121.57089,38.33515],[-121.57291,38.33427],[-121.57208,38.33317],[-121.5783,38.33647],[-121.57684,38.33905],[-121.57559,38.33833]]]},"properties":{}},{"type":"Feature","geometry":{"type":"Polygon","coordinates":[[[-121.75825,38.58632],[-121.76612,38.58622],[-121.76274,38.59009],[-121.75803,38.59],[-121.75825,38.58632]]]},"properties":{}},{"type":"Feature","geometry":{"type":"Polygon","coordinates":[[[-121.88323,38.57266],[-121.8888,38.57607],[-121.87938,38.57602],[-121.88323,38.57266]]]},"properties":{}},{"type":"Feature","geometry":{"type":"Polygon","coordinates":[[[-121.71258,38.57482],[-121.70587,38.57469],[-121.71175,38.57279],[-121.71258,38.57482]]]},"properties":{}},{"type":"Feature","geometry":{"type":"Polygon","coordinates":[[[-121.57251,38.50899],[-121.57042,38.5089],[-121.57044,38.50615],[-121.57316,38.50621],[-121.57251,38.50899]]]},"properties":{}},{"type":"Feature","geometry":{"type":"Polygon","coordinates":[[[-121.5711,38.50897],[-121.57251,38.50899],[-121.57245,38.51052],[-121.5711,38.50897]]]},"properties":{}},{"type":"Feature","geometry":{"type":"Polygon","coordinates":[[[-121.57026,38.51919],[-121.57009,38.5209],[-121.5684,38.51955],[-121.57129,38.51647],[-121.57317,38.51647],[-121.57312,38.51903],[-121.57026,38.51919]]]},"properties":{}},{"type":"Feature","geometry":{"type":"Polygon","coordinates":[[[-122.02868,38.68055],[-122.03337,38.68124],[-122.03292,38.683],[-122.02833,38.68236],[-122.02868,38.68055]]]},"properties":{}},{"type":"Feature","geometry":{"type":"Polygon","coordinates":[[[-121.63993,38.31646],[-121.63088,38.31649],[-121.63083,38.31403],[-121.63945,38.31387],[-121.63993,38.31646]]]},"properties":{}},{"type":"Feature","geometry":{"type":"Polygon","coordinates":[[[-121.85408,38.59793],[-121.85347,38.59373],[-121.8583,38.59375],[-121.85834,38.59793],[-121.85408,38.59793]]]},"properties":{}},{"type":"Feature","geometry":{"type":"Polygon","coordinates":[[[-122.02964,38.67702],[-122.03417,38.67769],[-122.0339,38.67873],[-122.02919,38.67874],[-122.02964,38.67702]]]},"properties":{}},{"type":"Feature","geometry":{"type":"Polygon","coordinates":[[[-121.99751,38.63981],[-121.9974,38.63729],[-122.00015,38.63728],[-122.00013,38.63973],[-121.99751,38.63981]]]},"properties":{}},{"type":"Feature","geometry":{"type":"Polygon","coordinates":[[[-122.00287,38.63988],[-121.9999,38.64225],[-121.99726,38.64185],[-121.99722,38.63992],[-122.00287,38.63988]]]},"properties":{}},{"type":"Feature","geometry":{"type":"Polygon","coordinates":[[[-121.54771,38.44355],[-121.54784,38.43734],[-121.55113,38.43769],[-121.55123,38.44379],[-121.54771,38.44355]]]},"properties":{}},{"type":"Feature","geometry":{"type":"Polygon","coordinates":[[[-121.95469,38.62228],[-121.955,38.62067],[-121.96196,38.62047],[-121.96168,38.62757],[-121.95331,38.62754],[-121.95469,38.62228]]]},"properties":{}},{"type":"Feature","geometry":{"type":"Polygon","coordinates":[[[-121.66641,38.5558],[-121.66638,38.55835],[-121.66472,38.55863],[-121.66477,38.5558],[-121.66641,38.5558]]]},"properties":{}},{"type":"Feature","geometry":{"type":"Polygon","coordinates":[[[-121.56885,38.38946],[-121.564,38.38352],[-121.56285,38.39011],[-121.56363,38.38338],[-121.56697,38.38133],[-121.56885,38.38946]]]},"properties":{}},{"type":"Feature","geometry":{"type":"Polygon","coordinates":[[[-121.87225,38.62688],[-121.86764,38.62686],[-121.86766,38.62384],[-121.87199,38.62375],[-121.87225,38.62688]]]},"properties":{}},{"type":"Feature","geometry":{"type":"Polygon","coordinates":[[[-121.78672,38.54374],[-121.79028,38.5438],[-121.79024,38.54652],[-121.78566,38.54645],[-121.78672,38.54374]]]},"properties":{}},{"type":"Feature","geometry":{"type":"Polygon","coordinates":[[[-121.58167,38.50948],[-121.58059,38.51598],[-121.57341,38.51598],[-121.57877,38.50844],[-121.58167,38.50948]]]},"properties":{}},{"type":"Feature","geometry":{"type":"Polygon","coordinates":[[[-121.73355,38.59273],[-121.73041,38.59325],[-121.73059,38.59105],[-121.73355,38.59273]]]},"properties":{}},{"type":"Feature","geometry":{"type":"Polygon","coordinates":[[[-121.55229,38.46812],[-121.55114,38.46887],[-121.54976,38.46617],[-121.55443,38.46254],[-121.55671,38.46442],[-121.55229,38.46812]]]},"properties":{}},{"type":"Feature","geometry":{"type":"Polygon","coordinates":[[[-121.56004,38.4602],[-121.55627,38.46357],[-121.55442,38.46241],[-121.55818,38.45929],[-121.56004,38.4602]]]},"properties":{}},{"type":"Feature","geometry":{"type":"Polygon","coordinates":[[[-121.56883,38.40241],[-121.56717,38.40386],[-121.55528,38.40373],[-121.55698,38.40244],[-121.55528,38.40214],[-121.5564,38.39984],[-121.56713,38.39987],[-121.56883,38.40241]]]},"properties":{}},{"type":"Feature","geometry":{"type":"Polygon","coordinates":[[[-121.55288,38.37495],[-121.55547,38.37636],[-121.55546,38.37919],[-121.55114,38.37917],[-121.55288,38.37495]]]},"properties":{}},{"type":"Feature","geometry":{"type":"Polygon","coordinates":[[[-121.59376,38.44147],[-121.59859,38.4302],[-121.60031,38.43063],[-121.59479,38.44285],[-121.59376,38.44147]]]},"properties":{}},{"type":"Feature","geometry":{"type":"Polygon","coordinates":[[[-121.54582,38.44385],[-121.54582,38.45095],[-121.54259,38.4511],[-121.54253,38.4437],[-121.54582,38.44385]]]},"properties":{}},{"type":"Feature","geometry":{"type":"Polygon","coordinates":[[[-121.81803,38.6738],[-121.81659,38.67368],[-121.81659,38.66772],[-121.82093,38.67176],[-121.82091,38.67307],[-121.81803,38.6738]]]},"properties":{}},{"type":"Feature","geometry":{"type":"Polygon","coordinates":[[[-121.64321,38.33257],[-121.64209,38.33249],[-121.64237,38.33021],[-121.64441,38.33066],[-121.64321,38.33257]]]},"properties":{}},{"type":"Feature","geometry":{"type":"Polygon","coordinates":[[[-121.64231,38.3294],[-121.63997,38.33015],[-121.64018,38.32106],[-121.64236,38.32112],[-121.64231,38.3294]]]},"properties":{}},{"type":"Feature","geometry":{"type":"Polygon","coordinates":[[[-121.64353,38.33604],[-121.64271,38.3385],[-121.63837,38.33845],[-121.63952,38.33591],[-121.64353,38.33604]]]},"properties":{}},{"type":"Feature","geometry":{"type":"Polygon","coordinates":[[[-121.88586,38.54494],[-121.88916,38.54382],[-121.89027,38.54582],[-121.8873,38.54687],[-121.88586,38.54494]]]},"properties":{}},{"type":"Feature","geometry":{"type":"Polygon","coordinates":[[[-121.86938,38.63228],[-121.86549,38.63135],[-121.86963,38.63086],[-121.86938,38.63228]]]},"properties":{}},{"type":"Feature","geometry":{"type":"Polygon","coordinates":[[[-121.8365,38.58651],[-121.84008,38.58668],[-121.84001,38.5905],[-121.83627,38.58954],[-121.8365,38.58651]]]},"properties":{}},{"type":"Feature","geometry":{"type":"Polygon","coordinates":[[[-122.01613,38.59015],[-122.01154,38.59009],[-122.013,38.58889],[-122.01613,38.59015]]]},"properties":{}},{"type":"Feature","geometry":{"type":"Polygon","coordinates":[[[-121.81654,38.67623],[-121.81652,38.67418],[-121.82103,38.67431],[-121.82103,38.67583],[-121.81654,38.67623]]]},"properties":{}},{"type":"Feature","geometry":{"type":"Polygon","coordinates":[[[-121.53427,38.40479],[-121.53053,38.40625],[-121.52923,38.40404],[-121.53258,38.4022],[-121.53427,38.40479]]]},"properties":{}},{"type":"Feature","geometry":{"type":"Polygon","coordinates":[[[-121.56595,38.5105],[-121.56886,38.51168],[-121.56516,38.51185],[-121.56595,38.5105]]]},"properties":{}},{"type":"Feature","geometry":{"type":"Polygon","coordinates":[[[-121.5788,38.52345],[-121.57382,38.52307],[-121.57995,38.52135],[-121.5807,38.51724],[-121.58151,38.52336],[-121.5788,38.52345]]]},"properties":{}},{"type":"Feature","geometry":{"type":"Polygon","coordinates":[[[-121.54259,38.45344],[-121.54262,38.45133],[-121.54576,38.45137],[-121.54561,38.45893],[-121.54251,38.45913],[-121.54259,38.45344]]]},"properties":{}},{"type":"Feature","geometry":{"type":"Polygon","coordinates":[[[-121.56264,38.38343],[-121.55559,38.38428],[-121.55574,38.38262],[-121.56264,38.38343]]]},"properties":{}},{"type":"Feature","geometry":{"type":"Polygon","coordinates":[[[-121.56782,38.45054],[-121.56486,38.45051],[-121.56491,38.4468],[-121.56984,38.44685],[-121.57154,38.45056],[-121.56782,38.45054]]]},"properties":{}},{"type":"Feature","geometry":{"type":"Polygon","coordinates":[[[-121.51562,38.43752],[-121.51696,38.43747],[-121.51748,38.44358],[-121.51636,38.44358],[-121.51562,38.43752]]]},"properties":{}},{"type":"Feature","geometry":{"type":"Polygon","coordinates":[[[-121.59006,38.41583],[-121.59199,38.41603],[-121.59195,38.41823],[-121.58867,38.41822],[-121.58856,38.41484],[-121.59006,38.41583]]]},"properties":{}},{"type":"Feature","geometry":{"type":"Polygon","coordinates":[[[-121.57806,38.33729],[-121.58106,38.33795],[-121.58034,38.34118],[-121.57706,38.33926],[-121.57806,38.33729]]]},"properties":{}},{"type":"Feature","geometry":{"type":"Polygon","coordinates":[[[-121.95734,38.63483],[-121.95736,38.6307],[-121.95871,38.63072],[-121.95957,38.63488],[-121.95734,38.63483]]]},"properties":{}},{"type":"Feature","geometry":{"type":"Polygon","coordinates":[[[-121.90349,38.67387],[-121.90326,38.67269],[-121.90453,38.6729],[-121.90349,38.67387]]]},"properties":{}},{"type":"Feature","geometry":{"type":"Polygon","coordinates":[[[-121.56323,38.52198],[-121.55763,38.52332],[-121.55794,38.52093],[-121.55625,38.51934],[-121.56416,38.5163],[-121.56431,38.52334],[-121.56323,38.52198]]]},"properties":{}},{"type":"Feature","geometry":{"type":"Polygon","coordinates":[[[-121.55222,38.51699],[-121.55152,38.51783],[-121.54996,38.51612],[-121.55222,38.51699]]]},"properties":{}},{"type":"Feature","geometry":{"type":"Polygon","coordinates":[[[-121.59273,38.38128],[-121.59306,38.37852],[-121.59697,38.37863],[-121.5968,38.38561],[-121.5944,38.38556],[-121.59448,38.38213],[-121.59273,38.38128]]]},"properties":{}},{"type":"Feature","geometry":{"type":"Polygon","coordinates":[[[-121.84928,38.59541],[-121.84478,38.59549],[-121.84479,38.59438],[-121.8492,38.59266],[-121.84928,38.59541]]]},"properties":{}},{"type":"Feature","geometry":{"type":"Polygon","coordinates":[[[-121.76442,38.71829],[-121.76414,38.71978],[-121.76256,38.71934],[-121.76442,38.71829]]]},"properties":{}},{"type":"Feature","geometry":{"type":"Polygon","coordinates":[[[-121.86814,38.57966],[-121.86814,38.57785],[-121.87221,38.57902],[-121.86814,38.57966]]]},"properties":{}},{"type":"Feature","geometry":{"type":"Polygon","coordinates":[[[-121.54616,38.44358],[-121.55116,38.44404],[-121.55114,38.44962],[-121.54614,38.44959],[-121.54616,38.44358]]]},"properties":{}},{"type":"Feature","geometry":{"type":"Polygon","coordinates":[[[-121.51272,38.44365],[-121.51025,38.4384],[-121.51158,38.43687],[-121.51272,38.44365]]]},"properties":{}},{"type":"Feature","geometry":{"type":"Polygon","coordinates":[[[-121.5075,38.43955],[-121.5097,38.43761],[-121.51271,38.44392],[-121.50517,38.44222],[-121.5075,38.43955]]]},"properties":{}},{"type":"Feature","geometry":{"type":"Polygon","coordinates":[[[-121.8724,38.59418],[-121.86792,38.59075],[-121.87174,38.5908],[-121.8724,38.59418]]]},"properties":{}},{"type":"Feature","geometry":{"type":"Polygon","coordinates":[[[-121.75825,38.58632],[-121.75821,38.5829],[-121.76645,38.58304],[-121.76612,38.58622],[-121.75825,38.58632]]]},"properties":{}},{"type":"Feature","geometry":{"type":"Polygon","coordinates":[[[-121.75796,38.5866],[-121.75151,38.58631],[-121.75788,38.58482],[-121.75796,38.5866]]]},"properties":{}},{"type":"Feature","geometry":{"type":"Polygon","coordinates":[[[-121.96392,38.67814],[-121.96194,38.6778],[-121.96184,38.671],[-121.96627,38.67097],[-121.96604,38.67814],[-121.96392,38.67814]]]},"properties":{}},{"type":"Feature","geometry":{"type":"Polygon","coordinates":[[[-121.84987,38.56813],[-121.84963,38.56611],[-121.8528,38.56618],[-121.85235,38.56808],[-121.84987,38.56813]]]},"properties":{}},{"type":"Feature","geometry":{"type":"Polygon","coordinates":[[[-121.86637,38.62778],[-121.86993,38.62782],[-121.86565,38.63098],[-121.86637,38.62778]]]},"properties":{}},{"type":"Feature","geometry":{"type":"Polygon","coordinates":[[[-121.57441,38.51181],[-121.57333,38.51162],[-121.57331,38.50625],[-121.57884,38.50625],[-121.57882,38.50797],[-121.57441,38.51181]]]},"properties":{}},{"type":"Feature","geometry":{"type":"Polygon","coordinates":[[[-121.56804,38.51036],[-121.56624,38.51023],[-121.56804,38.50524],[-121.57013,38.50522],[-121.57029,38.51024],[-121.56804,38.51036]]]},"properties":{}},{"type":"Feature","geometry":{"type":"Polygon","coordinates":[[[-121.70658,38.67668],[-121.70661,38.67403],[-121.70897,38.67407],[-121.70905,38.67681],[-121.70658,38.67668]]]},"properties":{}},{"type":"Feature","geometry":{"type":"Polygon","coordinates":[[[-121.77232,38.5922],[-121.77213,38.59393],[-121.76801,38.59383],[-121.77098,38.59043],[-121.77285,38.59041],[-121.77232,38.5922]]]},"properties":{}},{"type":"Feature","geometry":{"type":"Polygon","coordinates":[[[-121.54953,38.4292],[-121.54796,38.43151],[-121.54361,38.43108],[-121.54439,38.42894],[-121.54953,38.4292]]]},"properties":{}},{"type":"Feature","geometry":{"type":"Polygon","coordinates":[[[-121.56254,38.38451],[-121.56223,38.38643],[-121.55553,38.3864],[-121.5556,38.38449],[-121.56254,38.38451]]]},"properties":{}},{"type":"Feature","geometry":{"type":"Polygon","coordinates":[[[-121.98092,38.60598],[-121.98072,38.60366],[-121.98973,38.60384],[-121.98957,38.60608],[-121.98092,38.60598]]]},"properties":{}},{"type":"Feature","geometry":{"type":"Polygon","coordinates":[[[-121.99734,38.6371],[-121.99734,38.63516],[-122.00205,38.63629],[-121.99734,38.6371]]]},"properties":{}},{"type":"Feature","geometry":{"type":"Polygon","coordinates":[[[-121.7425,38.70545],[-121.74237,38.70923],[-121.73783,38.70912],[-121.73778,38.70529],[-121.7425,38.70545]]]},"properties":{}},{"type":"Feature","geometry":{"type":"Polygon","coordinates":[[[-121.84958,38.59805],[-121.85416,38.59805],[-121.85344,38.60514],[-121.84938,38.60501],[-121.84958,38.59805]]]},"properties":{}},{"type":"Feature","geometry":{"type":"Polygon","coordinates":[[[-121.94834,38.54666],[-121.9435,38.54673],[-121.94351,38.54552],[-121.95239,38.54552],[-121.95237,38.54658],[-121.94834,38.54666]]]},"properties":{}},{"type":"Feature","geometry":{"type":"Polygon","coordinates":[[[-121.78162,38.5656],[-121.77699,38.56551],[-121.77708,38.56122],[-121.78593,38.5613],[-121.78581,38.5656],[-121.78162,38.5656]]]},"properties":{}},{"type":"Feature","geometry":{"type":"Polygon","coordinates":[[[-121.85793,38.56374],[-121.85856,38.5648],[-121.85602,38.56477],[-121.85793,38.56374]]]},"properties":{}},{"type":"Feature","geometry":{"type":"Polygon","coordinates":[[[-121.84493,38.58337],[-121.84484,38.58125],[-121.84946,38.58134],[-121.84934,38.58333],[-121.84493,38.58337]]]},"properties":{}},{"type":"Feature","geometry":{"type":"Polygon","coordinates":[[[-121.63851,38.46976],[-121.63842,38.46652],[-121.64198,38.46657],[-121.64202,38.46977],[-121.63851,38.46976]]]},"properties":{}},{"type":"Feature","geometry":{"type":"Polygon","coordinates":[[[-121.56931,38.51821],[-121.5648,38.52197],[-121.56481,38.51638],[-121.57084,38.51643],[-121.56931,38.51821]]]},"properties":{}},{"type":"Feature","geometry":{"type":"Polygon","coordinates":[[[-121.78529,38.54481],[-121.78443,38.54642],[-121.78234,38.5464],[-121.7824,38.54239],[-121.7853,38.54242],[-121.78529,38.54481]]]},"properties":{}},{"type":"Feature","geometry":{"type":"Polygon","coordinates":[[[-121.5558,38.51562],[-121.55868,38.51739],[-121.55617,38.51914],[-121.55332,38.51674],[-121.55422,38.51482],[-121.5558,38.51562]]]},"properties":{}},{"type":"Feature","geometry":{"type":"Polygon","coordinates":[[[-121.55222,38.42929],[-121.5533,38.42934],[-121.55147,38.43405],[-121.54951,38.43311],[-121.55222,38.42929]]]},"properties":{}},{"type":"Feature","geometry":{"type":"Polygon","coordinates":[[[-121.55463,38.42905],[-121.55428,38.43588],[-121.55223,38.43323],[-121.55463,38.42905]]]},"properties":{}},{"type":"Feature","geometry":{"type":"Polygon","coordinates":[[[-121.73891,38.71021],[-121.72819,38.71029],[-121.72817,38.70921],[-121.74048,38.70937],[-121.73891,38.71021]]]},"properties":{}},{"type":"Feature","geometry":{"type":"Polygon","coordinates":[[[-121.55039,38.45442],[-121.55109,38.45654],[-121.54591,38.45705],[-121.54599,38.45328],[-121.55039,38.45442]]]},"properties":{}},{"type":"Feature","geometry":{"type":"Polygon","coordinates":[[[-121.68511,38.41289],[-121.68496,38.4088],[-121.6891,38.40888],[-121.68907,38.41563],[-121.68509,38.41559],[-121.68511,38.41289]]]},"properties":{}},{"type":"Feature","geometry":{"type":"Polygon","coordinates":[[[-121.69364,38.4143],[-121.69352,38.41569],[-121.68934,38.41555],[-121.68936,38.40883],[-121.69362,38.40886],[-121.69364,38.4143]]]},"properties":{}},{"type":"Feature","geometry":{"type":"Polygon","coordinates":[[[-121.54622,38.39368],[-121.55045,38.38722],[-121.55533,38.38756],[-121.55529,38.39058],[-121.55085,38.39316],[-121.5506,38.39634],[-121.54374,38.39791],[-121.54622,38.39368]]]},"properties":{}},{"type":"Feature","geometry":{"type":"Polygon","coordinates":[[[-121.93727,38.66905],[-121.93227,38.66758],[-121.9338,38.66602],[-121.94302,38.66619],[-121.94282,38.66986],[-121.93727,38.66905]]]},"properties":{}},{"type":"Feature","geometry":{"type":"Polygon","coordinates":[[[-121.73782,38.70527],[-121.73799,38.70116],[-121.74261,38.70132],[-121.7425,38.70534],[-121.73782,38.70527]]]},"properties":{}},{"type":"Feature","geometry":{"type":"Polygon","coordinates":[[[-121.56505,38.39026],[-121.5632,38.39021],[-121.5642,38.38382],[-121.56748,38.38967],[-121.56505,38.39026]]]},"properties":{}},{"type":"Feature","geometry":{"type":"Polygon","coordinates":[[[-121.89179,38.63709],[-121.8864,38.63785],[-121.88619,38.63624],[-121.89179,38.63709]]]},"properties":{}},{"type":"Feature","geometry":{"type":"Polygon","coordinates":[[[-121.97046,38.54602],[-121.9693,38.54723],[-121.96201,38.54723],[-121.96185,38.54468],[-121.96962,38.54462],[-121.97046,38.54602]]]},"properties":{}},{"type":"Feature","geometry":{"type":"Polygon","coordinates":[[[-121.89081,38.64157],[-121.89072,38.63805],[-121.89511,38.63903],[-121.89514,38.64093],[-121.89081,38.64157]]]},"properties":{}},{"type":"Feature","geometry":{"type":"Polygon","coordinates":[[[-121.85942,38.58519],[-121.8588,38.58354],[-121.86325,38.58499],[-121.85942,38.58519]]]},"properties":{}},{"type":"Feature","geometry":{"type":"Polygon","coordinates":[[[-121.8614,38.57796],[-121.85897,38.57797],[-121.85888,38.57629],[-121.8647,38.57623],[-121.86471,38.57796],[-121.8614,38.57796]]]},"properties":{}},{"type":"Feature","geometry":{"type":"Polygon","coordinates":[[[-121.58018,38.51717],[-121.57914,38.52182],[-121.57328,38.52317],[-121.5705,38.52147],[-121.57044,38.5193],[-121.57328,38.51918],[-121.57342,38.51638],[-121.58018,38.51717]]]},"properties":{}},{"type":"Feature","geometry":{"type":"Polygon","coordinates":[[[-121.80797,38.55781],[-121.80818,38.55604],[-121.8123,38.55614],[-121.81233,38.56137],[-121.80572,38.56134],[-121.80573,38.55797],[-121.80797,38.55781]]]},"properties":{}},{"type":"Feature","geometry":{"type":"Polygon","coordinates":[[[-121.55181,38.44896],[-121.55196,38.44371],[-121.55525,38.44365],[-121.5552,38.44954],[-121.55181,38.44896]]]},"properties":{}},{"type":"Feature","geometry":{"type":"Polygon","coordinates":[[[-121.5166,38.39669],[-121.51634,38.39554],[-121.51776,38.3956],[-121.5166,38.39669]]]},"properties":{}},{"type":"Feature","geometry":{"type":"Polygon","coordinates":[[[-121.5532,38.46317],[-121.54964,38.46591],[-121.54805,38.46293],[-121.55134,38.46022],[-121.55405,38.46224],[-121.5532,38.46317]]]},"properties":{}},{"type":"Feature","geometry":{"type":"Polygon","coordinates":[[[-121.69809,38.52778],[-121.69795,38.53132],[-121.69646,38.53131],[-121.69643,38.52778],[-121.69809,38.52778]]]},"properties":{}},{"type":"Feature","geometry":{"type":"Polygon","coordinates":[[[-121.64247,38.32195],[-121.64451,38.32104],[-121.64441,38.33011],[-121.64236,38.3301],[-121.64247,38.32195]]]},"properties":{}},{"type":"Feature","geometry":{"type":"Polygon","coordinates":[[[-121.72055,38.6118],[-121.72033,38.6186],[-121.71733,38.6187],[-121.71756,38.61171],[-121.72055,38.6118]]]},"properties":{}},{"type":"Feature","geometry":{"type":"Polygon","coordinates":[[[-121.79973,38.6287],[-121.80261,38.6287],[-121.80247,38.63396],[-121.79972,38.63391],[-121.79973,38.6287]]]},"properties":{}},{"type":"Feature","geometry":{"type":"Polygon","coordinates":[[[-121.84242,38.5834],[-121.84027,38.58329],[-121.84032,38.58089],[-121.84197,38.57987],[-121.84242,38.5834]]]},"properties":{}},{"type":"Feature","geometry":{"type":"Polygon","coordinates":[[[-122.00044,38.63977],[-122.00046,38.63729],[-122.00448,38.63826],[-122.00356,38.63978],[-122.00044,38.63977]]]},"properties":{}},{"type":"Feature","geometry":{"type":"Polygon","coordinates":[[[-121.84496,38.57027],[-121.84487,38.56892],[-121.84954,38.56899],[-121.84939,38.57025],[-121.84496,38.57027]]]},"properties":{}},{"type":"Feature","geometry":{"type":"Polygon","coordinates":[[[-121.57044,38.51402],[-121.57062,38.51282],[-121.57397,38.51321],[-121.57124,38.51607],[-121.57044,38.51402]]]},"properties":{}},{"type":"Feature","geometry":{"type":"Polygon","coordinates":[[[-121.52248,38.53838],[-121.52355,38.53921],[-121.52137,38.54277],[-121.51961,38.54238],[-121.52248,38.53838]]]},"properties":{}},{"type":"Feature","geometry":{"type":"Polygon","coordinates":[[[-121.73289,38.68935],[-121.7329,38.69111],[-121.72909,38.69109],[-121.72891,38.68781],[-121.73289,38.68935]]]},"properties":{}},{"type":"Feature","geometry":{"type":"Polygon","coordinates":[[[-121.73344,38.68754],[-121.73241,38.68506],[-121.73568,38.68512],[-121.7356,38.68754],[-121.73344,38.68754]]]},"properties":{}},{"type":"Feature","geometry":{"type":"Polygon","coordinates":[[[-121.78853,38.6944],[-121.78967,38.6935],[-121.78967,38.69567],[-121.78628,38.69563],[-121.78853,38.6944]]]},"properties":{}},{"type":"Feature","geometry":{"type":"Polygon","coordinates":[[[-121.71399,38.58933],[-121.71477,38.58326],[-121.71688,38.58328],[-121.71741,38.5895],[-121.71399,38.58933]]]},"properties":{}},{"type":"Feature","geometry":{"type":"Polygon","coordinates":[[[-121.71751,38.5895],[-121.71708,38.58333],[-121.7211,38.58324],[-121.72041,38.58964],[-121.71751,38.5895]]]},"properties":{}},{"type":"Feature","geometry":{"type":"Polygon","coordinates":[[[-121.81008,38.54706],[-121.81162,38.54799],[-121.80819,38.54915],[-121.80819,38.54704],[-121.81008,38.54706]]]},"properties":{}},{"type":"Feature","geometry":{"type":"Polygon","coordinates":[[[-121.55965,38.53064],[-121.55828,38.53036],[-121.56157,38.52941],[-121.56155,38.53074],[-121.55965,38.53064]]]},"properties":{}},{"type":"Feature","geometry":{"type":"Polygon","coordinates":[[[-121.56289,38.53296],[-121.56434,38.53296],[-121.56432,38.53498],[-121.56181,38.53493],[-121.56289,38.53296]]]},"properties":{}},{"type":"Feature","geometry":{"type":"Polygon","coordinates":[[[-121.57226,38.53491],[-121.56767,38.53481],[-121.56768,38.53077],[-121.57319,38.53082],[-121.57226,38.53491]]]},"properties":{}},{"type":"Feature","geometry":{"type":"Polygon","coordinates":[[[-121.80347,38.66937],[-121.80349,38.66832],[-121.80709,38.66836],[-121.80347,38.66937]]]},"properties":{}},{"type":"Feature","geometry":{"type":"Polygon","coordinates":[[[-121.86486,38.585],[-121.86561,38.5835],[-121.86559,38.58694],[-121.86346,38.58687],[-121.86486,38.585]]]},"properties":{}},{"type":"Feature","geometry":{"type":"Polygon","coordinates":[[[-121.83623,38.59611],[-121.83385,38.59598],[-121.83566,38.59431],[-121.84007,38.59439],[-121.83863,38.59614],[-121.83623,38.59611]]]},"properties":{}},{"type":"Feature","geometry":{"type":"Polygon","coordinates":[[[-121.99467,38.68967],[-121.99023,38.68903],[-121.99666,38.68929],[-121.99467,38.68967]]]},"properties":{}},{"type":"Feature","geometry":{"type":"Polygon","coordinates":[[[-121.89456,38.6572],[-121.89148,38.65789],[-121.89059,38.65622],[-121.89456,38.6572]]]},"properties":{}},{"type":"Feature","geometry":{"type":"Polygon","coordinates":[[[-122.03508,38.68149],[-122.03648,38.68187],[-122.03546,38.68334],[-122.03316,38.68296],[-122.03356,38.6813],[-122.03508,38.68149]]]},"properties":{}},{"type":"Feature","geometry":{"type":"Polygon","coordinates":[[[-121.99577,38.69039],[-121.99879,38.68848],[-121.99817,38.69078],[-121.99577,38.69039]]]},"properties":{}},{"type":"Feature","geometry":{"type":"Polygon","coordinates":[[[-121.7836,38.53098],[-121.78363,38.52961],[-121.78561,38.52969],[-121.7836,38.53098]]]},"properties":{}},{"type":"Feature","geometry":{"type":"Polygon","coordinates":[[[-121.7738,38.59306],[-121.7764,38.59322],[-121.77622,38.59756],[-121.77248,38.59747],[-121.77256,38.59329],[-121.7738,38.59306]]]},"properties":{}},{"type":"Feature","geometry":{"type":"Polygon","coordinates":[[[-121.73291,38.68923],[-121.73127,38.68765],[-121.7329,38.6877],[-121.73291,38.68923]]]},"properties":{}},{"type":"Feature","geometry":{"type":"Polygon","coordinates":[[[-122.02868,38.68055],[-122.02913,38.67876],[-122.03377,38.67947],[-122.03185,38.68104],[-122.02868,38.68055]]]},"properties":{}},{"type":"Feature","geometry":{"type":"Polygon","coordinates":[[[-121.7547,38.59736],[-121.75514,38.59433],[-121.75349,38.5933],[-121.7577,38.59343],[-121.75781,38.59768],[-121.7547,38.59736]]]},"properties":{}},{"type":"Feature","geometry":{"type":"Polygon","coordinates":[[[-121.75349,38.5933],[-121.75262,38.59022],[-121.75671,38.59024],[-121.7577,38.59343],[-121.75349,38.5933]]]},"properties":{}},{"type":"Feature","geometry":{"type":"Polygon","coordinates":[[[-121.83795,38.54792],[-121.83698,38.54884],[-121.83695,38.54717],[-121.83795,38.54792]]]},"properties":{}},{"type":"Feature","geometry":{"type":"Polygon","coordinates":[[[-121.7055,38.58769],[-121.70474,38.58583],[-121.70688,38.58644],[-121.7074,38.58467],[-121.70512,38.58543],[-121.7045,38.58334],[-121.70836,38.5833],[-121.70784,38.5894],[-121.7051,38.58937],[-121.7055,38.58769]]]},"properties":{}},{"type":"Feature","geometry":{"type":"Polygon","coordinates":[[[-121.8237,38.55564],[-121.82385,38.5543],[-121.8263,38.55437],[-121.82633,38.55605],[-121.8237,38.55564]]]},"properties":{}},{"type":"Feature","geometry":{"type":"Polygon","coordinates":[[[-121.79762,38.69535],[-121.79319,38.69532],[-121.79315,38.69387],[-121.7976,38.69398],[-121.79762,38.69535]]]},"properties":{}},{"type":"Feature","geometry":{"type":"Polygon","coordinates":[[[-121.89191,38.65993],[-121.89112,38.65796],[-121.89256,38.65804],[-121.89191,38.65993]]]},"properties":{}},{"type":"Feature","geometry":{"type":"Polygon","coordinates":[[[-121.8925,38.66205],[-121.89256,38.65798],[-121.89494,38.65803],[-121.89497,38.66245],[-121.8925,38.66205]]]},"properties":{}},{"type":"Feature","geometry":{"type":"Polygon","coordinates":[[[-121.71086,38.58941],[-121.71165,38.58324],[-121.71477,38.58326],[-121.71399,38.58933],[-121.71086,38.58941]]]},"properties":{}},{"type":"Feature","geometry":{"type":"Polygon","coordinates":[[[-121.55013,38.52713],[-121.54889,38.52713],[-121.54893,38.52535],[-121.55013,38.52713]]]},"properties":{}},{"type":"Feature","geometry":{"type":"Polygon","coordinates":[[[-121.55476,38.52796],[-121.55578,38.52919],[-121.55415,38.52922],[-121.55476,38.52796]]]},"properties":{}},{"type":"Feature","geometry":{"type":"Polygon","coordinates":[[[-121.56686,38.52332],[-121.56529,38.52282],[-121.57023,38.52209],[-121.56996,38.52328],[-121.56686,38.52332]]]},"properties":{}},{"type":"Feature","geometry":{"type":"Polygon","coordinates":[[[-121.67509,38.58774],[-121.67724,38.58627],[-121.67508,38.58559],[-121.67773,38.58571],[-121.67772,38.58778],[-121.67509,38.58774]]]},"properties":{}},{"type":"Feature","geometry":{"type":"Polygon","coordinates":[[[-121.75173,38.61198],[-121.75302,38.61901],[-121.74813,38.619],[-121.74824,38.612],[-121.75173,38.61198]]]},"properties":{}},{"type":"Feature","geometry":{"type":"Polygon","coordinates":[[[-121.83792,38.55021],[-121.83808,38.55236],[-121.83582,38.55243],[-121.83588,38.5502],[-121.83792,38.55021]]]},"properties":{}},{"type":"Feature","geometry":{"type":"Polygon","coordinates":[[[-121.92844,38.53091],[-121.93001,38.53363],[-121.92635,38.53333],[-121.92492,38.53036],[-121.92844,38.53091]]]},"properties":{}},{"type":"Feature","geometry":{"type":"Polygon","coordinates":[[[-121.91018,38.56729],[-121.90988,38.56551],[-121.91568,38.56566],[-121.91571,38.56738],[-121.91018,38.56729]]]},"properties":{}},{"type":"Feature","geometry":{"type":"Polygon","coordinates":[[[-121.90763,38.56891],[-121.90524,38.56898],[-121.90526,38.56542],[-121.9096,38.56569],[-121.91042,38.56875],[-121.90763,38.56891]]]},"properties":{}},{"type":"Feature","geometry":{"type":"Polygon","coordinates":[[[-121.81352,38.63476],[-121.81216,38.63474],[-121.81241,38.63331],[-121.81352,38.63476]]]},"properties":{}},{"type":"Feature","geometry":{"type":"Polygon","coordinates":[[[-121.86519,38.66853],[-121.87078,38.66872],[-121.86826,38.67071],[-121.86519,38.67068],[-121.86519,38.66853]]]},"properties":{}},{"type":"Feature","geometry":{"type":"Polygon","coordinates":[[[-122.00449,38.51732],[-122.00086,38.5181],[-122.00062,38.5143],[-122.00236,38.5137],[-122.00449,38.51732]]]},"properties":{}},{"type":"Feature","geometry":{"type":"Polygon","coordinates":[[[-121.75915,38.60173],[-121.75884,38.6047],[-121.75727,38.6047],[-121.75582,38.60046],[-121.75915,38.60173]]]},"properties":{}},{"type":"Feature","geometry":{"type":"Polygon","coordinates":[[[-121.6727,38.59937],[-121.6657,38.5995],[-121.6657,38.59703],[-121.67279,38.5968],[-121.6727,38.59937]]]},"properties":{}},{"type":"Feature","geometry":{"type":"Polygon","coordinates":[[[-121.75867,38.7184],[-121.76023,38.71709],[-121.76034,38.7184],[-121.75867,38.7184]]]},"properties":{}},{"type":"Feature","geometry":{"type":"Polygon","coordinates":[[[-121.99266,38.69283],[-121.99539,38.69326],[-121.99497,38.69465],[-121.99266,38.69283]]]},"properties":{}},{"type":"Feature","geometry":{"type":"Polygon","coordinates":[[[-121.80938,38.67391],[-121.80721,38.6739],[-121.8072,38.67224],[-121.81135,38.67228],[-121.81176,38.67372],[-121.80938,38.67391]]]},"properties":{}},{"type":"Feature","geometry":{"type":"Polygon","coordinates":[[[-121.56074,38.51465],[-121.56247,38.51151],[-121.56451,38.51207],[-121.56268,38.51555],[-121.56074,38.51465]]]},"properties":{}},{"type":"Feature","geometry":{"type":"Polygon","coordinates":[[[-121.7205,38.58965],[-121.72126,38.58324],[-121.72457,38.58325],[-121.72549,38.5872],[-121.72399,38.58923],[-121.7205,38.58965]]]},"properties":{}},{"type":"Feature","geometry":{"type":"Polygon","coordinates":[[[-121.52813,38.5423],[-121.52898,38.54004],[-121.53031,38.54041],[-121.52813,38.5423]]]},"properties":{}},{"type":"Feature","geometry":{"type":"Polygon","coordinates":[[[-121.91118,38.57121],[-121.91084,38.56974],[-121.91447,38.57082],[-121.91568,38.56981],[-121.91572,38.57129],[-121.91118,38.57121]]]},"properties":{}},{"type":"Feature","geometry":{"type":"Polygon","coordinates":[[[-121.76352,38.59393],[-121.76355,38.59094],[-121.76647,38.59365],[-121.76352,38.59393]]]},"properties":{}},{"type":"Feature","geometry":{"type":"Polygon","coordinates":[[[-121.55674,38.39276],[-121.55659,38.39834],[-121.55488,38.39862],[-121.55477,38.39098],[-121.55663,38.39095],[-121.55674,38.39276]]]},"properties":{}},{"type":"Feature","geometry":{"type":"Polygon","coordinates":[[[-121.81189,38.68416],[-121.81636,38.68246],[-121.81634,38.68417],[-121.81189,38.68416]]]},"properties":{}},{"type":"Feature","geometry":{"type":"Polygon","coordinates":[[[-122.0151,38.68878],[-122.01475,38.69047],[-122.01054,38.68974],[-122.01088,38.68816],[-122.0151,38.68878]]]},"properties":{}},{"type":"Feature","geometry":{"type":"Polygon","coordinates":[[[-121.71165,38.58324],[-121.71086,38.58941],[-121.70797,38.58938],[-121.70844,38.58322],[-121.71165,38.58324]]]},"properties":{}},{"type":"Feature","geometry":{"type":"Polygon","coordinates":[[[-122.0355,38.67971],[-122.03409,38.67902],[-122.03706,38.67982],[-122.0355,38.67971]]]},"properties":{}},{"type":"Feature","geometry":{"type":"Polygon","coordinates":[[[-121.55657,38.38769],[-121.55562,38.38662],[-121.56218,38.3867],[-121.56185,38.38866],[-121.55543,38.3886],[-121.55657,38.38769]]]},"properties":{}},{"type":"Feature","geometry":{"type":"Polygon","coordinates":[[[-121.96995,38.62681],[-121.96733,38.62683],[-121.96736,38.62573],[-121.9713,38.62578],[-121.96995,38.62681]]]},"properties":{}},{"type":"Feature","geometry":{"type":"Polygon","coordinates":[[[-121.79516,38.56474],[-121.78641,38.56499],[-121.78635,38.56142],[-121.79505,38.56157],[-121.79516,38.56474]]]},"properties":{}},{"type":"Feature","geometry":{"type":"Polygon","coordinates":[[[-122.0319,38.65664],[-122.0283,38.65668],[-122.02835,38.65135],[-122.03023,38.64953],[-122.0337,38.64955],[-122.03567,38.65084],[-122.03559,38.65254],[-122.03349,38.65246],[-122.03366,38.65618],[-122.03559,38.65665],[-122.0319,38.65664]]]},"properties":{}},{"type":"Feature","geometry":{"type":"Polygon","coordinates":[[[-121.77729,38.56832],[-121.77708,38.56554],[-121.78162,38.5656],[-121.7807,38.56689],[-121.78273,38.56778],[-121.77729,38.56832]]]},"properties":{}},{"type":"Feature","geometry":{"type":"Polygon","coordinates":[[[-122.02515,38.68925],[-122.02411,38.68988],[-122.02464,38.68748],[-122.02608,38.68777],[-122.02515,38.68925]]]},"properties":{}},{"type":"Feature","geometry":{"type":"Polygon","coordinates":[[[-121.86278,38.67252],[-121.86155,38.67244],[-121.86167,38.67074],[-121.86278,38.67252]]]},"properties":{}},{"type":"Feature","geometry":{"type":"Polygon","coordinates":[[[-121.86671,38.58335],[-121.86684,38.58212],[-121.86645,38.58336],[-121.86342,38.58331],[-121.8634,38.57988],[-121.86783,38.57991],[-121.86785,38.5832],[-121.86671,38.58335]]]},"properties":{}},{"type":"Feature","geometry":{"type":"Polygon","coordinates":[[[-121.55462,38.39594],[-121.55083,38.39616],[-121.55085,38.39343],[-121.5536,38.39081],[-121.55462,38.39594]]]},"properties":{}},{"type":"Feature","geometry":{"type":"Polygon","coordinates":[[[-121.74295,38.57281],[-121.74613,38.57274],[-121.74687,38.57519],[-121.7429,38.57536],[-121.74295,38.57281]]]},"properties":{}},{"type":"Feature","geometry":{"type":"Polygon","coordinates":[[[-121.56548,38.52946],[-121.56734,38.53],[-121.56735,38.53214],[-121.56488,38.53198],[-121.56548,38.52946]]]},"properties":{}},{"type":"Feature","geometry":{"type":"Polygon","coordinates":[[[-122.04988,38.68187],[-122.05342,38.67996],[-122.05221,38.68301],[-122.04988,38.68187]]]},"properties":{}},{"type":"Feature","geometry":{"type":"Polygon","coordinates":[[[-121.56211,38.3888],[-121.5616,38.39072],[-121.55538,38.39062],[-121.55545,38.38879],[-121.56211,38.3888]]]},"properties":{}},{"type":"Feature","geometry":{"type":"Polygon","coordinates":[[[-121.77539,38.69344],[-121.77546,38.69783],[-121.77083,38.69332],[-121.77539,38.69344]]]},"properties":{}},{"type":"Feature","geometry":{"type":"Polygon","coordinates":[[[-121.99431,38.69164],[-121.99817,38.69078],[-121.99775,38.69218],[-121.99431,38.69164]]]},"properties":{}},{"type":"Feature","geometry":{"type":"Polygon","coordinates":[[[-121.87185,38.64675],[-121.87195,38.64876],[-121.86749,38.64879],[-121.86832,38.64533],[-121.87185,38.64675]]]},"properties":{}},{"type":"Feature","geometry":{"type":"Polygon","coordinates":[[[-121.98959,38.69174],[-121.98991,38.69046],[-121.9931,38.69094],[-121.99263,38.69219],[-121.98959,38.69174]]]},"properties":{}},{"type":"Feature","geometry":{"type":"Polygon","coordinates":[[[-121.99898,38.52161],[-121.99889,38.51821],[-122.00051,38.51828],[-122.00108,38.52152],[-121.99898,38.52161]]]},"properties":{}},{"type":"Feature","geometry":{"type":"Polygon","coordinates":[[[-121.81187,38.68226],[-121.81188,38.68068],[-121.81639,38.67984],[-121.81637,38.68149],[-121.81187,38.68226]]]},"properties":{}},{"type":"Feature","geometry":{"type":"Polygon","coordinates":[[[-121.56028,38.53219],[-121.55976,38.53082],[-121.56152,38.53087],[-121.56028,38.53219]]]},"properties":{}},{"type":"Feature","geometry":{"type":"Polygon","coordinates":[[[-121.68354,38.48736],[-121.67918,38.48736],[-121.67868,38.48437],[-121.68352,38.48458],[-121.68354,38.48736]]]},"properties":{}},{"type":"Feature","geometry":{"type":"Polygon","coordinates":[[[-121.7388,38.6154],[-121.73852,38.61671],[-121.73449,38.61661],[-121.73456,38.61536],[-121.7388,38.6154]]]},"properties":{}},{"type":"Feature","geometry":{"type":"Polygon","coordinates":[[[-121.81072,38.7173],[-121.80722,38.71623],[-121.81155,38.71674],[-121.81072,38.7173]]]},"properties":{}},{"type":"Feature","geometry":{"type":"Polygon","coordinates":[[[-122.02599,38.69248],[-122.02647,38.69045],[-122.02776,38.69066],[-122.02728,38.69269],[-122.02599,38.69248]]]},"properties":{}},{"type":"Feature","geometry":{"type":"Polygon","coordinates":[[[-121.78635,38.56734],[-121.78637,38.56512],[-121.78987,38.56519],[-121.7898,38.56735],[-121.78635,38.56734]]]},"properties":{}},{"type":"Feature","geometry":{"type":"Polygon","coordinates":[[[-121.87457,38.63426],[-121.86786,38.63417],[-121.86759,38.6326],[-121.87631,38.63349],[-121.87457,38.63426]]]},"properties":{}},{"type":"Feature","geometry":{"type":"Polygon","coordinates":[[[-121.56157,38.50852],[-121.55885,38.50634],[-121.56078,38.50544],[-121.56706,38.50683],[-121.5657,38.50992],[-121.56157,38.50852]]]},"properties":{}},{"type":"Feature","geometry":{"type":"Polygon","coordinates":[[[-122.03637,38.68166],[-122.03508,38.68149],[-122.03526,38.67968],[-122.03705,38.68004],[-122.03637,38.68166]]]},"properties":{}},{"type":"Feature","geometry":{"type":"Polygon","coordinates":[[[-121.77379,38.592],[-121.77303,38.59047],[-121.77644,38.59054],[-121.77642,38.59202],[-121.77379,38.592]]]},"properties":{}},{"type":"Feature","geometry":{"type":"Polygon","coordinates":[[[-122.00189,38.66845],[-121.99879,38.66909],[-122.00211,38.66726],[-122.00189,38.66845]]]},"properties":{}},{"type":"Feature","geometry":{"type":"Polygon","coordinates":[[[-121.85941,38.59405],[-121.85878,38.59075],[-121.86315,38.59075],[-121.86315,38.59421],[-121.85941,38.59405]]]},"properties":{}},{"type":"Feature","geometry":{"type":"Polygon","coordinates":[[[-122.03619,38.68478],[-122.03295,38.68432],[-122.03316,38.68311],[-122.03701,38.68362],[-122.03619,38.68478]]]},"properties":{}},{"type":"Feature","geometry":{"type":"Polygon","coordinates":[[[-122.0299,38.69311],[-122.02975,38.69094],[-122.0311,38.69115],[-122.0299,38.69311]]]},"properties":{}},{"type":"Feature","geometry":{"type":"Polygon","coordinates":[[[-121.85628,38.57142],[-121.85528,38.57166],[-121.85525,38.56852],[-121.85867,38.56849],[-121.85864,38.57107],[-121.85675,38.57029],[-121.85628,38.57142]]]},"properties":{}},{"type":"Feature","geometry":{"type":"Polygon","coordinates":[[[-121.85757,38.57788],[-121.85729,38.57141],[-121.85857,38.57128],[-121.85757,38.57788]]]},"properties":{}},{"type":"Feature","geometry":{"type":"Polygon","coordinates":[[[-121.85127,38.58559],[-121.84971,38.58549],[-121.84987,38.56813],[-121.85491,38.56813],[-121.85196,38.56899],[-121.85185,38.57962],[-121.84993,38.5805],[-121.85127,38.58559]]]},"properties":{}},{"type":"Feature","geometry":{"type":"Polygon","coordinates":[[[-121.85219,38.5753],[-121.85208,38.57356],[-121.85356,38.57327],[-121.85259,38.57531],[-121.85493,38.57561],[-121.85493,38.577],[-121.85241,38.5764],[-121.85213,38.57789],[-121.85219,38.5753]]]},"properties":{}},{"type":"Feature","geometry":{"type":"Polygon","coordinates":[[[-121.85388,38.58426],[-121.85204,38.58307],[-121.85483,38.58364],[-121.85388,38.58426]]]},"properties":{}},{"type":"Feature","geometry":{"type":"Polygon","coordinates":[[[-121.8546,38.57875],[-121.85209,38.57836],[-121.85479,38.57722],[-121.8546,38.57875]]]},"properties":{}},{"type":"Feature","geometry":{"type":"Polygon","coordinates":[[[-121.81016,38.55061],[-121.81224,38.55228],[-121.80796,38.55233],[-121.80795,38.5507],[-121.81016,38.55061]]]},"properties":{}},{"type":"Feature","geometry":{"type":"Polygon","coordinates":[[[-121.58306,38.43282],[-121.5831,38.42928],[-121.58656,38.42933],[-121.58972,38.43478],[-121.58308,38.43529],[-121.58306,38.43282]]]},"properties":{}},{"type":"Feature","geometry":{"type":"Polygon","coordinates":[[[-121.85513,38.57958],[-121.8566,38.57945],[-121.85641,38.58706],[-121.85508,38.58616],[-121.85513,38.57958]]]},"properties":{}},{"type":"Feature","geometry":{"type":"Polygon","coordinates":[[[-121.79693,38.6244],[-121.79691,38.62684],[-121.79423,38.62673],[-121.79435,38.62438],[-121.79693,38.6244]]]},"properties":{}},{"type":"Feature","geometry":{"type":"Polygon","coordinates":[[[-121.85409,38.5731],[-121.85231,38.57194],[-121.85209,38.57305],[-121.85284,38.56849],[-121.855,38.56858],[-121.85409,38.5731]]]},"properties":{}},{"type":"Feature","geometry":{"type":"Polygon","coordinates":[[[-121.85582,38.5791],[-121.85519,38.57263],[-121.85653,38.57172],[-121.85582,38.5791]]]},"properties":{}},{"type":"Feature","geometry":{"type":"Polygon","coordinates":[[[-121.56279,38.53217],[-121.56181,38.53151],[-121.56445,38.53152],[-121.56279,38.53217]]]},"properties":{}},{"type":"Feature","geometry":{"type":"Polygon","coordinates":[[[-121.56499,38.39229],[-121.56513,38.39049],[-121.56917,38.39079],[-121.56499,38.39229]]]},"properties":{}},{"type":"Feature","geometry":{"type":"Polygon","coordinates":[[[-121.78676,38.52524],[-121.78574,38.52386],[-121.78755,38.52428],[-121.78676,38.52524]]]},"properties":{}},{"type":"Feature","geometry":{"type":"Polygon","coordinates":[[[-121.58316,38.43544],[-121.58974,38.43506],[-121.5922,38.43937],[-121.58308,38.44009],[-121.58316,38.43544]]]},"properties":{}},{"type":"Feature","geometry":{"type":"Polygon","coordinates":[[[-121.59611,38.39986],[-121.60294,38.40188],[-121.60294,38.40453],[-121.59598,38.40433],[-121.59611,38.39986]]]},"properties":{}},{"type":"Feature","geometry":{"type":"Polygon","coordinates":[[[-121.99837,38.50924],[-122.00001,38.50911],[-121.99747,38.51032],[-121.99837,38.50924]]]},"properties":{}},{"type":"Feature","geometry":{"type":"Polygon","coordinates":[[[-121.76186,38.59768],[-121.75793,38.59754],[-121.75801,38.59422],[-121.7618,38.59458],[-121.76186,38.59768]]]},"properties":{}},{"type":"Feature","geometry":{"type":"Polygon","coordinates":[[[-121.6763,38.59897],[-121.67624,38.60211],[-121.67371,38.60219],[-121.6732,38.59705],[-121.67627,38.59689],[-121.6763,38.59897]]]},"properties":{}},{"type":"Feature","geometry":{"type":"Polygon","coordinates":[[[-122.05405,38.67973],[-122.04511,38.67812],[-122.04504,38.67508],[-122.05405,38.67499],[-122.05405,38.67973]]]},"properties":{}},{"type":"Feature","geometry":{"type":"Polygon","coordinates":[[[-121.84734,38.57739],[-121.84606,38.57616],[-121.84933,38.57624],[-121.84931,38.57786],[-121.84734,38.57739]]]},"properties":{}},{"type":"Feature","geometry":{"type":"Polygon","coordinates":[[[-121.85088,38.5905],[-121.84958,38.58924],[-121.85458,38.58951],[-121.85088,38.5905]]]},"properties":{}},{"type":"Feature","geometry":{"type":"Polygon","coordinates":[[[-121.86221,38.65782],[-121.85855,38.65782],[-121.85846,38.65645],[-121.86153,38.65618],[-121.86221,38.65782]]]},"properties":{}},{"type":"Feature","geometry":{"type":"Polygon","coordinates":[[[-121.86812,38.54017],[-121.86933,38.54161],[-121.86805,38.5417],[-121.86812,38.54017]]]},"properties":{}},{"type":"Feature","geometry":{"type":"Polygon","coordinates":[[[-121.71397,38.5969],[-121.71176,38.59689],[-121.71176,38.59497],[-121.71396,38.59501],[-121.71397,38.5969]]]},"properties":{}},{"type":"Feature","geometry":{"type":"Polygon","coordinates":[[[-122.01401,38.52466],[-122.01279,38.52373],[-122.01498,38.52379],[-122.01401,38.52466]]]},"properties":{}},{"type":"Feature","geometry":{"type":"Polygon","coordinates":[[[-122.02961,38.69092],[-122.0293,38.69252],[-122.0273,38.69269],[-122.02781,38.69066],[-122.02961,38.69092]]]},"properties":{}},{"type":"Feature","geometry":{"type":"Polygon","coordinates":[[[-121.63809,38.67216],[-121.6353,38.66955],[-121.63986,38.67065],[-121.64172,38.67283],[-121.63809,38.67216]]]},"properties":{}},{"type":"Feature","geometry":{"type":"Polygon","coordinates":[[[-121.85185,38.57975],[-121.85183,38.58321],[-121.85053,38.58056],[-121.85185,38.57975]]]},"properties":{}},{"type":"Feature","geometry":{"type":"Polygon","coordinates":[[[-121.89099,38.66211],[-121.89251,38.66074],[-121.89226,38.66268],[-121.89099,38.66211]]]},"properties":{}},{"type":"Feature","geometry":{"type":"Polygon","coordinates":[[[-121.61316,38.63953],[-121.61351,38.64239],[-121.61128,38.63953],[-121.61316,38.63953]]]},"properties":{}},{"type":"Feature","geometry":{"type":"Polygon","coordinates":[[[-121.60793,38.63288],[-121.61299,38.63933],[-121.61114,38.63933],[-121.60793,38.63288]]]},"properties":{}},{"type":"Feature","geometry":{"type":"Polygon","coordinates":[[[-121.76293,38.60335],[-121.76161,38.60472],[-121.76165,38.60277],[-121.76293,38.60335]]]},"properties":{}},{"type":"Feature","geometry":{"type":"Polygon","coordinates":[[[-121.55868,38.51739],[-121.55507,38.51436],[-121.56147,38.51739],[-121.55868,38.51739]]]},"properties":{}},{"type":"Feature","geometry":{"type":"Polygon","coordinates":[[[-121.60294,38.40748],[-121.60308,38.40196],[-121.60814,38.40351],[-121.60662,38.40664],[-121.60294,38.40748]]]},"properties":{}},{"type":"Feature","geometry":{"type":"Polygon","coordinates":[[[-121.57328,38.50201],[-121.57342,38.49925],[-121.57503,38.49932],[-121.57512,38.502],[-121.57328,38.50201]]]},"properties":{}},{"type":"Feature","geometry":{"type":"Polygon","coordinates":[[[-121.7738,38.59305],[-121.77642,38.59202],[-121.7764,38.59322],[-121.7738,38.59305]]]},"properties":{}},{"type":"Feature","geometry":{"type":"Polygon","coordinates":[[[-122.03589,38.67414],[-122.03847,38.67422],[-122.03848,38.67676],[-122.03605,38.67629],[-122.03589,38.67414]]]},"properties":{}},{"type":"Feature","geometry":{"type":"Polygon","coordinates":[[[-121.87702,38.66904],[-121.87626,38.67227],[-121.87486,38.67214],[-121.87556,38.66899],[-121.87702,38.66904]]]},"properties":{}},{"type":"Feature","geometry":{"type":"Polygon","coordinates":[[[-121.89469,38.63769],[-121.89252,38.63762],[-121.89223,38.63623],[-121.89508,38.63623],[-121.89469,38.63769]]]},"properties":{}},{"type":"Feature","geometry":{"type":"Polygon","coordinates":[[[-121.79694,38.63212],[-121.79945,38.63214],[-121.79942,38.63405],[-121.79693,38.63401],[-121.79694,38.63212]]]},"properties":{}},{"type":"Feature","geometry":{"type":"Polygon","coordinates":[[[-121.79416,38.63379],[-121.79425,38.62711],[-121.79688,38.62705],[-121.79674,38.63402],[-121.79416,38.63379]]]},"properties":{}},{"type":"Feature","geometry":{"type":"Polygon","coordinates":[[[-121.87486,38.57908],[-121.87534,38.57619],[-121.87719,38.57617],[-121.87721,38.5796],[-121.87486,38.57908]]]},"properties":{}},{"type":"Feature","geometry":{"type":"Polygon","coordinates":[[[-121.77652,38.56881],[-121.77725,38.57088],[-121.76847,38.57009],[-121.7685,38.56875],[-121.77652,38.56881]]]},"properties":{}},{"type":"Feature","geometry":{"type":"Polygon","coordinates":[[[-121.774,38.57263],[-121.76847,38.57164],[-121.77455,38.57119],[-121.774,38.57263]]]},"properties":{}},{"type":"Feature","geometry":{"type":"Polygon","coordinates":[[[-121.70007,38.53128],[-121.70013,38.5278],[-121.70202,38.5278],[-121.70203,38.53132],[-121.70007,38.53128]]]},"properties":{}},{"type":"Feature","geometry":{"type":"Polygon","coordinates":[[[-121.57126,38.50205],[-121.57032,38.50404],[-121.56995,38.50202],[-121.57126,38.50205]]]},"properties":{}},{"type":"Feature","geometry":{"type":"Polygon","coordinates":[[[-121.80513,38.67649],[-121.80511,38.67531],[-121.80723,38.67533],[-121.80723,38.67649],[-121.80513,38.67649]]]},"properties":{}},{"type":"Feature","geometry":{"type":"Polygon","coordinates":[[[-121.80511,38.67525],[-121.80509,38.67412],[-121.8072,38.67418],[-121.80511,38.67525]]]},"properties":{}},{"type":"Feature","geometry":{"type":"Polygon","coordinates":[[[-121.86553,38.58944],[-121.86351,38.58956],[-121.86344,38.58711],[-121.86549,38.58711],[-121.86553,38.58944]]]},"properties":{}},{"type":"Feature","geometry":{"type":"Polygon","coordinates":[[[-121.81644,38.67978],[-121.81711,38.67791],[-121.81867,38.67792],[-121.81871,38.67978],[-121.81644,38.67978]]]},"properties":{}},{"type":"Feature","geometry":{"type":"Polygon","coordinates":[[[-121.81642,38.68149],[-121.81644,38.67978],[-121.81871,38.67978],[-121.81871,38.68147],[-121.81642,38.68149]]]},"properties":{}},{"type":"Feature","geometry":{"type":"Polygon","coordinates":[[[-121.66213,38.46648],[-121.65708,38.4664],[-121.65702,38.46478],[-121.66025,38.46171],[-121.66392,38.46641],[-121.66213,38.46648]]]},"properties":{}},{"type":"Feature","geometry":{"type":"Polygon","coordinates":[[[-122.01768,38.68812],[-122.0166,38.68877],[-122.01716,38.68629],[-122.02017,38.68675],[-122.01959,38.68922],[-122.01768,38.68812]]]},"properties":{}},{"type":"Feature","geometry":{"type":"Polygon","coordinates":[[[-121.85738,38.58755],[-121.85771,38.57848],[-121.85854,38.58744],[-121.85738,38.58755]]]},"properties":{}},{"type":"Feature","geometry":{"type":"Polygon","coordinates":[[[-121.7791,38.70129],[-121.78002,38.70053],[-121.78145,38.70264],[-121.7791,38.70129]]]},"properties":{}},{"type":"Feature","geometry":{"type":"Polygon","coordinates":[[[-121.8164,38.68419],[-121.81642,38.68149],[-121.81986,38.68153],[-121.8164,38.68419]]]},"properties":{}},{"type":"Feature","geometry":{"type":"Polygon","coordinates":[[[-121.79691,38.65227],[-121.79821,38.65229],[-121.79813,38.6553],[-121.79686,38.65535],[-121.79691,38.65227]]]},"properties":{}},{"type":"Feature","geometry":{"type":"Polygon","coordinates":[[[-121.75302,38.61901],[-121.75184,38.61365],[-121.7544,38.61357],[-121.75595,38.61901],[-121.75302,38.61901]]]},"properties":{}},{"type":"Feature","geometry":{"type":"Polygon","coordinates":[[[-121.75884,38.6047],[-121.75915,38.60173],[-121.76158,38.60272],[-121.76154,38.60471],[-121.75884,38.6047]]]},"properties":{}},{"type":"Feature","geometry":{"type":"Polygon","coordinates":[[[-121.74295,38.57281],[-121.74308,38.57161],[-121.74613,38.57274],[-121.74295,38.57281]]]},"properties":{}},{"type":"Feature","geometry":{"type":"Polygon","coordinates":[[[-121.78263,38.53446],[-121.78277,38.53102],[-121.78565,38.53106],[-121.78559,38.5345],[-121.78263,38.53446]]]},"properties":{}},{"type":"Feature","geometry":{"type":"Polygon","coordinates":[[[-121.63906,38.52809],[-121.64136,38.52806],[-121.64116,38.53107],[-121.63948,38.53102],[-121.63906,38.52809]]]},"properties":{}},{"type":"Feature","geometry":{"type":"Polygon","coordinates":[[[-121.56837,38.43764],[-121.57029,38.43764],[-121.57023,38.43931],[-121.56839,38.4393],[-121.56837,38.43764]]]},"properties":{}},{"type":"Feature","geometry":{"type":"Polygon","coordinates":[[[-121.96192,38.62215],[-121.96196,38.62047],[-121.97071,38.62069],[-121.97055,38.62223],[-121.96192,38.62215]]]},"properties":{}},{"type":"Feature","geometry":{"type":"Polygon","coordinates":[[[-121.91941,38.61858],[-121.92467,38.61858],[-121.92466,38.61983],[-121.91946,38.61996],[-121.91941,38.61858]]]},"properties":{}},{"type":"Feature","geometry":{"type":"Polygon","coordinates":[[[-122.02708,38.65273],[-122.02651,38.64952],[-122.02757,38.6495],[-122.02708,38.65273]]]},"properties":{}},{"type":"Feature","geometry":{"type":"Polygon","coordinates":[[[-122.02788,38.65582],[-122.02646,38.65564],[-122.02645,38.65278],[-122.02811,38.65384],[-122.02788,38.65582]]]},"properties":{}},{"type":"Feature","geometry":{"type":"Polygon","coordinates":[[[-121.84596,38.57949],[-121.84509,38.57802],[-121.84679,38.578],[-121.84596,38.57949]]]},"properties":{}},{"type":"Feature","geometry":{"type":"Polygon","coordinates":[[[-121.87801,38.6726],[-121.87629,38.67227],[-121.87663,38.67101],[-121.87862,38.67128],[-121.87667,38.67191],[-121.87858,38.67146],[-121.87801,38.6726]]]},"properties":{}},{"type":"Feature","geometry":{"type":"Polygon","coordinates":[[[-121.90329,38.6999],[-121.90494,38.69845],[-121.90512,38.7],[-121.90329,38.6999]]]},"properties":{}},{"type":"Feature","geometry":{"type":"Polygon","coordinates":[[[-121.60377,38.83297],[-121.6037,38.8297],[-121.60508,38.82933],[-121.60513,38.83289],[-121.60377,38.83297]]]},"properties":{}},{"type":"Feature","geometry":{"type":"Polygon","coordinates":[[[-121.60818,38.8294],[-121.60824,38.83291],[-121.60684,38.83296],[-121.60674,38.82938],[-121.60818,38.8294]]]},"properties":{}},{"type":"Feature","geometry":{"type":"Polygon","coordinates":[[[-121.4912,38.74691],[-121.49112,38.74797],[-121.48697,38.74802],[-121.4912,38.74691]]]},"properties":{}},{"type":"Feature","geometry":{"type":"Polygon","coordinates":[[[-121.53917,38.82149],[-121.53898,38.8228],[-121.53483,38.82316],[-121.53479,38.81944],[-121.54182,38.81937],[-121.54194,38.82108],[-121.53917,38.82149]]]},"properties":{}},{"type":"Feature","geometry":{"type":"Polygon","coordinates":[[[-121.52532,38.83585],[-121.52544,38.831],[-121.52761,38.83089],[-121.52532,38.83585]]]},"properties":{}},{"type":"Feature","geometry":{"type":"Polygon","coordinates":[[[-121.60511,38.83584],[-121.60366,38.83643],[-121.60379,38.833],[-121.60512,38.83312],[-121.60511,38.83584]]]},"properties":{}},{"type":"Feature","geometry":{"type":"Polygon","coordinates":[[[-121.6007,38.82955],[-121.60067,38.83286],[-121.59934,38.83296],[-121.59922,38.82954],[-121.6007,38.82955]]]},"properties":{}},{"type":"Feature","geometry":{"type":"Polygon","coordinates":[[[-121.60198,38.83296],[-121.60074,38.83285],[-121.60085,38.82945],[-121.6021,38.82954],[-121.60198,38.83296]]]},"properties":{}},{"type":"Feature","geometry":{"type":"Polygon","coordinates":[[[-121.52428,38.82331],[-121.52141,38.82331],[-121.52135,38.81983],[-121.52428,38.82331]]]},"properties":{}},{"type":"Feature","geometry":{"type":"Polygon","coordinates":[[[-121.518,38.82039],[-121.52113,38.81977],[-121.52127,38.82127],[-121.51632,38.82166],[-121.518,38.82039]]]},"properties":{}},{"type":"Feature","geometry":{"type":"Polygon","coordinates":[[[-121.48267,38.80663],[-121.4791,38.80696],[-121.4791,38.80456],[-121.48347,38.80436],[-121.48267,38.80663]]]},"properties":{}},{"type":"Feature","geometry":{"type":"Polygon","coordinates":[[[-121.59004,38.76066],[-121.58551,38.76072],[-121.58528,38.75672],[-121.59008,38.75659],[-121.59004,38.76066]]]},"properties":{}},{"type":"Feature","geometry":{"type":"Polygon","coordinates":[[[-121.53013,38.84117],[-121.53426,38.84111],[-121.53434,38.84283],[-121.53138,38.84293],[-121.53013,38.84117]]]},"properties":{}},{"type":"Feature","geometry":{"type":"Polygon","coordinates":[[[-121.61389,38.80622],[-121.61721,38.80616],[-121.61712,38.81024],[-121.61021,38.81031],[-121.61031,38.80634],[-121.61389,38.80622]]]},"properties":{}},{"type":"Feature","geometry":{"type":"Polygon","coordinates":[[[-121.71759,38.80585],[-121.71977,38.80517],[-121.71463,38.81026],[-121.7146,38.80742],[-121.71759,38.80585]]]},"properties":{}},{"type":"Feature","geometry":{"type":"Polygon","coordinates":[[[-121.6244,38.83654],[-121.62453,38.84356],[-121.62174,38.8436],[-121.62057,38.83658],[-121.6244,38.83654]]]},"properties":{}},{"type":"Feature","geometry":{"type":"Polygon","coordinates":[[[-121.49495,38.79396],[-121.49769,38.79442],[-121.49371,38.7947],[-121.49495,38.79396]]]},"properties":{}},{"type":"Feature","geometry":{"type":"Polygon","coordinates":[[[-121.50778,38.84342],[-121.50675,38.8441],[-121.50668,38.84276],[-121.5095,38.84133],[-121.51031,38.84533],[-121.50747,38.84542],[-121.50778,38.84342]]]},"properties":{}},{"type":"Feature","geometry":{"type":"Polygon","coordinates":[[[-121.62151,38.84423],[-121.61872,38.84347],[-121.61722,38.83663],[-121.62039,38.83664],[-121.62151,38.84423]]]},"properties":{}},{"type":"Feature","geometry":{"type":"Polygon","coordinates":[[[-121.58435,38.74779],[-121.58279,38.74787],[-121.584,38.74944],[-121.58092,38.74937],[-121.58171,38.74775],[-121.58435,38.74779]]]},"properties":{}},{"type":"Feature","geometry":{"type":"Polygon","coordinates":[[[-121.49099,38.79452],[-121.4919,38.79169],[-121.49253,38.79461],[-121.49099,38.79452]]]},"properties":{}},{"type":"Feature","geometry":{"type":"Polygon","coordinates":[[[-121.58622,38.7714],[-121.58624,38.76769],[-121.59221,38.76751],[-121.59451,38.77112],[-121.58622,38.7714]]]},"properties":{}},{"type":"Feature","geometry":{"type":"Polygon","coordinates":[[[-121.60355,38.83608],[-121.60214,38.83642],[-121.60224,38.83302],[-121.60358,38.83313],[-121.60355,38.83608]]]},"properties":{}},{"type":"Feature","geometry":{"type":"Polygon","coordinates":[[[-121.60224,38.8294],[-121.60358,38.82972],[-121.60349,38.83295],[-121.60216,38.83283],[-121.60224,38.8294]]]},"properties":{}},{"type":"Feature","geometry":{"type":"Polygon","coordinates":[[[-121.50697,38.82539],[-121.50677,38.82387],[-121.51607,38.824],[-121.51599,38.82569],[-121.50697,38.82539]]]},"properties":{}},{"type":"Feature","geometry":{"type":"Polygon","coordinates":[[[-121.71756,38.83559],[-121.70988,38.83567],[-121.70988,38.82923],[-121.71756,38.83559]]]},"properties":{}},{"type":"Feature","geometry":{"type":"Polygon","coordinates":[[[-121.59919,38.80627],[-121.60226,38.80269],[-121.60225,38.80612],[-121.59919,38.80627]]]},"properties":{}},{"type":"Feature","geometry":{"type":"Polygon","coordinates":[[[-121.50544,38.82596],[-121.50329,38.82486],[-121.5058,38.82475],[-121.50544,38.82596]]]},"properties":{}},{"type":"Feature","geometry":{"type":"Polygon","coordinates":[[[-121.55277,38.84421],[-121.5529,38.85165],[-121.54581,38.85168],[-121.54741,38.84731],[-121.55277,38.84421]]]},"properties":{}},{"type":"Feature","geometry":{"type":"Polygon","coordinates":[[[-121.52956,38.81883],[-121.52875,38.81586],[-121.53424,38.81582],[-121.53433,38.81897],[-121.52956,38.81883]]]},"properties":{}},{"type":"Feature","geometry":{"type":"Polygon","coordinates":[[[-121.5176,38.82165],[-121.52132,38.82235],[-121.5164,38.82353],[-121.51629,38.82181],[-121.5176,38.82165]]]},"properties":{}},{"type":"Feature","geometry":{"type":"Polygon","coordinates":[[[-121.509,38.83108],[-121.51581,38.83103],[-121.51571,38.83764],[-121.51002,38.83756],[-121.50803,38.83157],[-121.509,38.83108]]]},"properties":{}},{"type":"Feature","geometry":{"type":"Polygon","coordinates":[[[-121.59924,38.81847],[-121.60795,38.81835],[-121.60803,38.82156],[-121.59941,38.82199],[-121.59924,38.81847]]]},"properties":{}},{"type":"Feature","geometry":{"type":"Polygon","coordinates":[[[-121.60671,38.83624],[-121.60675,38.83304],[-121.60817,38.83303],[-121.60822,38.83634],[-121.60671,38.83624]]]},"properties":{}},{"type":"Feature","geometry":{"type":"Polygon","coordinates":[[[-121.60532,38.83643],[-121.60521,38.83307],[-121.60658,38.83301],[-121.60664,38.83636],[-121.60532,38.83643]]]},"properties":{}},{"type":"Feature","geometry":{"type":"Polygon","coordinates":[[[-121.51795,38.81632],[-121.51626,38.81341],[-121.51882,38.81256],[-121.52087,38.8162],[-121.51795,38.81632]]]},"properties":{}},{"type":"Feature","geometry":{"type":"Polygon","coordinates":[[[-121.51624,38.81338],[-121.51676,38.80919],[-121.51882,38.81256],[-121.51624,38.81338]]]},"properties":{}},{"type":"Feature","geometry":{"type":"Polygon","coordinates":[[[-121.52984,38.85221],[-121.52537,38.85206],[-121.52534,38.85058],[-121.52794,38.84984],[-121.5279,38.84533],[-121.53433,38.84525],[-121.53422,38.85208],[-121.52984,38.85221]]]},"properties":{}},{"type":"Feature","geometry":{"type":"Polygon","coordinates":[[[-121.50249,38.82921],[-121.50651,38.82915],[-121.5069,38.8308],[-121.50242,38.83099],[-121.50249,38.82921]]]},"properties":{}},{"type":"Feature","geometry":{"type":"Polygon","coordinates":[[[-121.60057,38.8365],[-121.59925,38.8364],[-121.59934,38.83301],[-121.60068,38.83306],[-121.60057,38.8365]]]},"properties":{}},{"type":"Feature","geometry":{"type":"Polygon","coordinates":[[[-121.60666,38.83287],[-121.60521,38.8329],[-121.60534,38.82933],[-121.60661,38.82931],[-121.60666,38.83287]]]},"properties":{}},{"type":"Feature","geometry":{"type":"Polygon","coordinates":[[[-121.55285,38.84122],[-121.55272,38.84378],[-121.54831,38.8463],[-121.54837,38.84119],[-121.55285,38.84122]]]},"properties":{}},{"type":"Feature","geometry":{"type":"Polygon","coordinates":[[[-121.54629,38.84821],[-121.54468,38.84501],[-121.54806,38.84491],[-121.54629,38.84821]]]},"properties":{}},{"type":"Feature","geometry":{"type":"Polygon","coordinates":[[[-121.53421,38.83774],[-121.53173,38.83383],[-121.53745,38.83362],[-121.53732,38.83764],[-121.53421,38.83774]]]},"properties":{}},{"type":"Feature","geometry":{"type":"Polygon","coordinates":[[[-121.60208,38.83306],[-121.60206,38.83639],[-121.60078,38.83648],[-121.60076,38.8331],[-121.60208,38.83306]]]},"properties":{}},{"type":"Feature","geometry":{"type":"Polygon","coordinates":[[[-121.53029,38.82128],[-121.53022,38.81924],[-121.53445,38.81919],[-121.53426,38.82305],[-121.53093,38.82312],[-121.53029,38.82128]]]},"properties":{}},{"type":"Feature","geometry":{"type":"Polygon","coordinates":[[[-121.49118,38.78054],[-121.49119,38.78303],[-121.48845,38.78303],[-121.48987,38.78174],[-121.4885,38.78063],[-121.49118,38.78054]]]},"properties":{}},{"type":"Feature","geometry":{"type":"Polygon","coordinates":[[[-121.49798,38.79291],[-121.50009,38.79278],[-121.50043,38.79443],[-121.49791,38.79462],[-121.49798,38.79291]]]},"properties":{}},{"type":"Feature","geometry":{"type":"Polygon","coordinates":[[[-121.49067,38.7913],[-121.48843,38.79401],[-121.48843,38.79172],[-121.49067,38.7913]]]},"properties":{}},{"type":"Feature","geometry":{"type":"Polygon","coordinates":[[[-121.47179,38.83969],[-121.4718,38.84149],[-121.46995,38.84043],[-121.46998,38.83894],[-121.47179,38.83969]]]},"properties":{}},{"type":"Feature","geometry":{"type":"Polygon","coordinates":[[[-121.49432,38.79121],[-121.4954,38.79126],[-121.495,38.79365],[-121.49276,38.79467],[-121.49432,38.79121]]]},"properties":{}},{"type":"Feature","geometry":{"type":"Polygon","coordinates":[[[-121.59272,38.7444],[-121.59003,38.74726],[-121.59019,38.74548],[-121.59272,38.7444]]]},"properties":{}},{"type":"Feature","geometry":{"type":"Polygon","coordinates":[[[-121.53441,38.8306],[-121.53103,38.83267],[-121.53018,38.8312],[-121.53439,38.82868],[-121.53441,38.8306]]]},"properties":{}},{"type":"Feature","geometry":{"type":"Polygon","coordinates":[[[-121.61036,38.80626],[-121.61047,38.80236],[-121.61726,38.80371],[-121.61725,38.80609],[-121.61036,38.80626]]]},"properties":{}},{"type":"Feature","geometry":{"type":"Polygon","coordinates":[[[-121.628,38.8435],[-121.62852,38.83656],[-121.63332,38.83641],[-121.63176,38.83802],[-121.63139,38.84343],[-121.628,38.8435]]]},"properties":{}},{"type":"Feature","geometry":{"type":"Polygon","coordinates":[[[-121.49056,38.79171],[-121.49094,38.79447],[-121.48982,38.79372],[-121.49056,38.79171]]]},"properties":{}},{"type":"Feature","geometry":{"type":"Polygon","coordinates":[[[-121.49569,38.79184],[-121.49674,38.79376],[-121.49511,38.79373],[-121.49569,38.79184]]]},"properties":{}},{"type":"Feature","geometry":{"type":"Polygon","coordinates":[[[-121.59078,38.74356],[-121.59248,38.74429],[-121.5903,38.7453],[-121.59078,38.74356]]]},"properties":{}},{"type":"Feature","geometry":{"type":"Polygon","coordinates":[[[-121.59217,38.76746],[-121.58607,38.76767],[-121.58571,38.7643],[-121.5906,38.76417],[-121.59217,38.76746]]]},"properties":{}},{"type":"Feature","geometry":{"type":"Polygon","coordinates":[[[-121.51624,38.81511],[-121.51624,38.81338],[-121.51795,38.81632],[-121.51624,38.81511]]]},"properties":{}},{"type":"Feature","geometry":{"type":"Polygon","coordinates":[[[-121.67733,38.76412],[-121.67734,38.77008],[-121.67325,38.76996],[-121.67322,38.76358],[-121.67733,38.76412]]]},"properties":{}},{"type":"Feature","geometry":{"type":"Polygon","coordinates":[[[-121.53755,38.83351],[-121.53839,38.83058],[-121.54302,38.83059],[-121.54296,38.83357],[-121.53755,38.83351]]]},"properties":{}},{"type":"Feature","geometry":{"type":"Polygon","coordinates":[[[-121.58551,38.76072],[-121.59004,38.76066],[-121.59051,38.76404],[-121.5859,38.76419],[-121.58551,38.76072]]]},"properties":{}},{"type":"Feature","geometry":{"type":"Polygon","coordinates":[[[-121.62451,38.83654],[-121.62832,38.83651],[-121.62689,38.84353],[-121.62462,38.84356],[-121.62451,38.83654]]]},"properties":{}},{"type":"Feature","geometry":{"type":"Polygon","coordinates":[[[-121.57876,38.8479],[-121.5803,38.84789],[-121.58054,38.85114],[-121.57876,38.8479]]]},"properties":{}},{"type":"Feature","geometry":{"type":"Polygon","coordinates":[[[-121.67848,38.76471],[-121.68214,38.76966],[-121.67849,38.76981],[-121.67848,38.76471]]]},"properties":{}},{"type":"Feature","geometry":{"type":"Polygon","coordinates":[[[-121.67734,38.77008],[-121.67738,38.76412],[-121.67849,38.76981],[-121.67734,38.77008]]]},"properties":{}},{"type":"Feature","geometry":{"type":"Polygon","coordinates":[[[-121.56107,38.85164],[-121.55887,38.84768],[-121.56916,38.8485],[-121.56691,38.85082],[-121.56107,38.85164]]]},"properties":{}},{"type":"Feature","geometry":{"type":"Polygon","coordinates":[[[-121.39782,38.84568],[-121.39575,38.84401],[-121.40074,38.8439],[-121.40066,38.8459],[-121.39782,38.84568]]]},"properties":{}},{"type":"Feature","geometry":{"type":"Polygon","coordinates":[[[-121.45419,38.82765],[-121.45291,38.82435],[-121.45608,38.82557],[-121.45608,38.82777],[-121.45419,38.82765]]]},"properties":{}},{"type":"Feature","geometry":{"type":"Polygon","coordinates":[[[-121.37586,38.85417],[-121.37295,38.85189],[-121.3728,38.84837],[-121.36979,38.84646],[-121.37672,38.84646],[-121.37668,38.85492],[-121.37586,38.85417]]]},"properties":{}},{"type":"Feature","geometry":{"type":"Polygon","coordinates":[[[-121.36939,38.84646],[-121.37242,38.84856],[-121.37245,38.85181],[-121.37539,38.85484],[-121.36467,38.85471],[-121.36467,38.84645],[-121.36939,38.84646]]]},"properties":{}},{"type":"Feature","geometry":{"type":"Polygon","coordinates":[[[-121.39806,38.84921],[-121.4005,38.8492],[-121.40045,38.85336],[-121.39803,38.85334],[-121.39806,38.84921]]]},"properties":{}},{"type":"Feature","geometry":{"type":"Polygon","coordinates":[[[-121.37766,38.84633],[-121.38615,38.8464],[-121.38625,38.85341],[-121.37721,38.8535],[-121.37766,38.84633]]]},"properties":{}},{"type":"Feature","geometry":{"type":"Polygon","coordinates":[[[-121.36138,38.8461],[-121.35845,38.84607],[-121.35847,38.83901],[-121.3631,38.83913],[-121.36301,38.84609],[-121.36138,38.8461]]]},"properties":{}},{"type":"Feature","geometry":{"type":"Polygon","coordinates":[[[-121.4191,38.81767],[-121.42598,38.81722],[-121.42602,38.82155],[-121.41899,38.82153],[-121.4191,38.81767]]]},"properties":{}},{"type":"Feature","geometry":{"type":"Polygon","coordinates":[[[-121.39076,38.8505],[-121.39081,38.85337],[-121.38658,38.85341],[-121.38647,38.84996],[-121.39076,38.8505]]]},"properties":{}},{"type":"Feature","geometry":{"type":"Polygon","coordinates":[[[-121.40534,38.85317],[-121.40079,38.85331],[-121.40069,38.84984],[-121.40514,38.84989],[-121.40534,38.85317]]]},"properties":{}},{"type":"Feature","geometry":{"type":"Polygon","coordinates":[[[-121.40555,38.83892],[-121.41377,38.83892],[-121.40865,38.8412],[-121.40555,38.83892]]]},"properties":{}},{"type":"Feature","geometry":{"type":"Polygon","coordinates":[[[-121.37117,38.27667],[-121.3757,38.2769],[-121.37553,38.28301],[-121.37155,38.28297],[-121.37117,38.27667]]]},"properties":{}},{"type":"Feature","geometry":{"type":"Polygon","coordinates":[[[-121.5157,38.2732],[-121.51319,38.27516],[-121.51132,38.2738],[-121.51571,38.27053],[-121.51759,38.27188],[-121.5157,38.2732]]]},"properties":{}},{"type":"Feature","geometry":{"type":"Polygon","coordinates":[[[-121.37071,38.28208],[-121.36803,38.28008],[-121.36807,38.27667],[-121.37088,38.27675],[-121.37071,38.28208]]]},"properties":{}},{"type":"Feature","geometry":{"type":"Polygon","coordinates":[[[-121.51826,38.27452],[-121.51605,38.27382],[-121.51763,38.27192],[-121.51958,38.27327],[-121.51826,38.27452]]]},"properties":{}},{"type":"Feature","geometry":{"type":"Polygon","coordinates":[[[-121.48647,38.32673],[-121.49064,38.32762],[-121.48659,38.32778],[-121.48647,38.32673]]]},"properties":{}},{"type":"Feature","geometry":{"type":"Polygon","coordinates":[[[-121.36959,38.30426],[-121.36936,38.30243],[-121.37344,38.30257],[-121.37254,38.30423],[-121.36959,38.30426]]]},"properties":{}},{"type":"Feature","geometry":{"type":"Polygon","coordinates":[[[-121.3695,38.30432],[-121.37255,38.30439],[-121.36948,38.30576],[-121.3695,38.30432]]]},"properties":{}},{"type":"Feature","geometry":{"type":"Polygon","coordinates":[[[-121.37658,38.30571],[-121.37838,38.30563],[-121.37741,38.30785],[-121.37427,38.30708],[-121.37422,38.30585],[-121.37658,38.30571]]]},"properties":{}},{"type":"Feature","geometry":{"type":"Polygon","coordinates":[[[-121.54149,38.33672],[-121.54007,38.33885],[-121.53767,38.3374],[-121.54045,38.33539],[-121.54149,38.33672]]]},"properties":{}},{"type":"Feature","geometry":{"type":"Polygon","coordinates":[[[-121.45844,38.32347],[-121.45838,38.32467],[-121.45637,38.32467],[-121.45632,38.32348],[-121.45844,38.32347]]]},"properties":{}},{"type":"Feature","geometry":{"type":"Polygon","coordinates":[[[-121.39488,38.32039],[-121.39272,38.32161],[-121.39289,38.31857],[-121.39422,38.31828],[-121.39488,38.32039]]]},"properties":{}},{"type":"Feature","geometry":{"type":"Polygon","coordinates":[[[-121.45428,38.32462],[-121.45422,38.32112],[-121.45678,38.32106],[-121.45626,38.32467],[-121.45428,38.32462]]]},"properties":{}},{"type":"Feature","geometry":{"type":"Polygon","coordinates":[[[-121.42412,38.33672],[-121.42639,38.33605],[-121.42642,38.33763],[-121.42412,38.33672]]]},"properties":{}},{"type":"Feature","geometry":{"type":"Polygon","coordinates":[[[-121.49147,38.71776],[-121.48742,38.71719],[-121.48767,38.71458],[-121.49355,38.71462],[-121.49362,38.71769],[-121.49147,38.71776]]]},"properties":{}},{"type":"Feature","geometry":{"type":"Polygon","coordinates":[[[-121.39593,38.35576],[-121.40324,38.35567],[-121.40362,38.35732],[-121.39588,38.35793],[-121.39593,38.35576]]]},"properties":{}},{"type":"Feature","geometry":{"type":"Polygon","coordinates":[[[-121.4599,38.31213],[-121.46312,38.3122],[-121.46396,38.31628],[-121.45998,38.31626],[-121.4599,38.31213]]]},"properties":{}},{"type":"Feature","geometry":{"type":"Polygon","coordinates":[[[-121.46071,38.33759],[-121.45977,38.33649],[-121.46124,38.33554],[-121.46071,38.33759]]]},"properties":{}},{"type":"Feature","geometry":{"type":"Polygon","coordinates":[[[-121.43565,38.3393],[-121.43303,38.33785],[-121.43306,38.33585],[-121.43564,38.33581],[-121.43565,38.3393]]]},"properties":{}},{"type":"Feature","geometry":{"type":"Polygon","coordinates":[[[-121.47278,38.32464],[-121.48285,38.32448],[-121.48293,38.32631],[-121.47338,38.32623],[-121.47278,38.32464]]]},"properties":{}},{"type":"Feature","geometry":{"type":"Polygon","coordinates":[[[-121.35036,38.39392],[-121.3503,38.39077],[-121.35283,38.39189],[-121.35285,38.39393],[-121.35036,38.39392]]]},"properties":{}},{"type":"Feature","geometry":{"type":"Polygon","coordinates":[[[-121.42001,38.72343],[-121.41756,38.72338],[-121.41762,38.72181],[-121.42749,38.72175],[-121.42001,38.72343]]]},"properties":{}},{"type":"Feature","geometry":{"type":"Polygon","coordinates":[[[-121.42484,38.72879],[-121.42486,38.72675],[-121.42928,38.72736],[-121.4292,38.72873],[-121.42484,38.72879]]]},"properties":{}},{"type":"Feature","geometry":{"type":"Polygon","coordinates":[[[-121.36965,38.38355],[-121.36834,38.38196],[-121.37251,38.38245],[-121.36965,38.38355]]]},"properties":{}},{"type":"Feature","geometry":{"type":"Polygon","coordinates":[[[-121.39748,38.31259],[-121.39996,38.31248],[-121.39996,38.31602],[-121.39707,38.31606],[-121.39748,38.31259]]]},"properties":{}},{"type":"Feature","geometry":{"type":"Polygon","coordinates":[[[-121.47865,38.34346],[-121.47636,38.34095],[-121.48203,38.34084],[-121.48203,38.34302],[-121.47865,38.34346]]]},"properties":{}},{"type":"Feature","geometry":{"type":"Polygon","coordinates":[[[-121.44966,38.33027],[-121.45422,38.33022],[-121.45429,38.33203],[-121.44967,38.33215],[-121.44966,38.33027]]]},"properties":{}},{"type":"Feature","geometry":{"type":"Polygon","coordinates":[[[-121.46301,38.33551],[-121.4618,38.33658],[-121.46351,38.33697],[-121.46143,38.33752],[-121.46153,38.33565],[-121.46301,38.33551]]]},"properties":{}},{"type":"Feature","geometry":{"type":"Polygon","coordinates":[[[-121.41194,38.72175],[-121.41688,38.72175],[-121.41554,38.72439],[-121.41114,38.72645],[-121.41194,38.72175]]]},"properties":{}},{"type":"Feature","geometry":{"type":"Polygon","coordinates":[[[-121.35729,38.27944],[-121.35634,38.27903],[-121.35869,38.27894],[-121.35729,38.27944]]]},"properties":{}},{"type":"Feature","geometry":{"type":"Polygon","coordinates":[[[-121.61936,38.68906],[-121.6181,38.68765],[-121.6203,38.68544],[-121.61936,38.68906]]]},"properties":{}},{"type":"Feature","geometry":{"type":"Polygon","coordinates":[[[-121.41997,38.28828],[-121.4214,38.28901],[-121.4203,38.2902],[-121.41997,38.28828]]]},"properties":{}},{"type":"Feature","geometry":{"type":"Polygon","coordinates":[[[-121.45504,38.28597],[-121.45066,38.28891],[-121.44773,38.28888],[-121.44771,38.28419],[-121.45619,38.28427],[-121.45504,38.28597]]]},"properties":{}},{"type":"Feature","geometry":{"type":"Polygon","coordinates":[[[-121.42202,38.28647],[-121.41995,38.28731],[-121.41998,38.28618],[-121.42202,38.28647]]]},"properties":{}},{"type":"Feature","geometry":{"type":"Polygon","coordinates":[[[-121.43386,38.34933],[-121.43277,38.34914],[-121.43538,38.34824],[-121.43579,38.35006],[-121.43386,38.34933]]]},"properties":{}},{"type":"Feature","geometry":{"type":"Polygon","coordinates":[[[-121.60236,38.73098],[-121.60012,38.73843],[-121.60122,38.7309],[-121.60236,38.73098]]]},"properties":{}},{"type":"Feature","geometry":{"type":"Polygon","coordinates":[[[-121.54233,38.32534],[-121.54561,38.32534],[-121.54552,38.328],[-121.5423,38.32792],[-121.54233,38.32534]]]},"properties":{}},{"type":"Feature","geometry":{"type":"Polygon","coordinates":[[[-121.36188,38.3526],[-121.36206,38.35637],[-121.36036,38.35644],[-121.36031,38.35295],[-121.36188,38.3526]]]},"properties":{}},{"type":"Feature","geometry":{"type":"Polygon","coordinates":[[[-121.43579,38.3461],[-121.43281,38.34709],[-121.43275,38.3432],[-121.43568,38.34317],[-121.43579,38.3461]]]},"properties":{}},{"type":"Feature","geometry":{"type":"Polygon","coordinates":[[[-121.35379,38.35346],[-121.35177,38.35245],[-121.35474,38.35053],[-121.35379,38.35346]]]},"properties":{}},{"type":"Feature","geometry":{"type":"Polygon","coordinates":[[[-121.34707,38.35951],[-121.35034,38.36315],[-121.34742,38.36151],[-121.34707,38.35951]]]},"properties":{}},{"type":"Feature","geometry":{"type":"Polygon","coordinates":[[[-121.35095,38.25908],[-121.34953,38.25975],[-121.34951,38.25827],[-121.35095,38.25908]]]},"properties":{}},{"type":"Feature","geometry":{"type":"Polygon","coordinates":[[[-121.48457,38.72758],[-121.48764,38.72669],[-121.48802,38.72847],[-121.48457,38.72758]]]},"properties":{}},{"type":"Feature","geometry":{"type":"Polygon","coordinates":[[[-121.40981,38.32133],[-121.4071,38.32123],[-121.40692,38.31992],[-121.41035,38.31978],[-121.41108,38.32132],[-121.40981,38.32133]]]},"properties":{}},{"type":"Feature","geometry":{"type":"Polygon","coordinates":[[[-121.52888,38.28764],[-121.54283,38.29794],[-121.53447,38.29795],[-121.52698,38.28993],[-121.52888,38.28764]]]},"properties":{}},{"type":"Feature","geometry":{"type":"Polygon","coordinates":[[[-121.43017,38.36203],[-121.43013,38.35936],[-121.43581,38.35936],[-121.43575,38.36202],[-121.43017,38.36203]]]},"properties":{}},{"type":"Feature","geometry":{"type":"Polygon","coordinates":[[[-121.41442,38.36133],[-121.41438,38.36018],[-121.41733,38.36018],[-121.41736,38.36127],[-121.41442,38.36133]]]},"properties":{}},{"type":"Feature","geometry":{"type":"Polygon","coordinates":[[[-121.38971,38.33253],[-121.38976,38.32903],[-121.39753,38.32905],[-121.39745,38.33111],[-121.38971,38.33253]]]},"properties":{}},{"type":"Feature","geometry":{"type":"Polygon","coordinates":[[[-121.41736,38.36242],[-121.41415,38.36362],[-121.41417,38.36244],[-121.41736,38.36242]]]},"properties":{}},{"type":"Feature","geometry":{"type":"Polygon","coordinates":[[[-121.42449,38.70152],[-121.42223,38.7033],[-121.42239,38.70146],[-121.42671,38.69983],[-121.42664,38.70166],[-121.42449,38.70152]]]},"properties":{}},{"type":"Feature","geometry":{"type":"Polygon","coordinates":[[[-121.43782,38.68988],[-121.43778,38.69121],[-121.43584,38.69127],[-121.43782,38.68988]]]},"properties":{}},{"type":"Feature","geometry":{"type":"Polygon","coordinates":[[[-121.40679,38.37335],[-121.40844,38.3742],[-121.40608,38.37426],[-121.40679,38.37335]]]},"properties":{}},{"type":"Feature","geometry":{"type":"Polygon","coordinates":[[[-121.39954,38.39255],[-121.40151,38.39245],[-121.40151,38.39404],[-121.39958,38.39402],[-121.39954,38.39255]]]},"properties":{}},{"type":"Feature","geometry":{"type":"Polygon","coordinates":[[[-121.48453,38.35932],[-121.48452,38.36104],[-121.48223,38.36086],[-121.48227,38.35853],[-121.48453,38.35932]]]},"properties":{}},{"type":"Feature","geometry":{"type":"Polygon","coordinates":[[[-121.4361,38.37907],[-121.43623,38.37591],[-121.44049,38.37757],[-121.43951,38.37923],[-121.4361,38.37907]]]},"properties":{}},{"type":"Feature","geometry":{"type":"Polygon","coordinates":[[[-121.43877,38.37754],[-121.43862,38.37586],[-121.44194,38.37579],[-121.44177,38.37747],[-121.43877,38.37754]]]},"properties":{}},{"type":"Feature","geometry":{"type":"Polygon","coordinates":[[[-121.40843,38.37052],[-121.405,38.37058],[-121.40478,38.36925],[-121.40836,38.36921],[-121.40843,38.37052]]]},"properties":{}},{"type":"Feature","geometry":{"type":"Polygon","coordinates":[[[-121.55846,38.67158],[-121.55978,38.67156],[-121.55872,38.6727],[-121.55846,38.67158]]]},"properties":{}},{"type":"Feature","geometry":{"type":"Polygon","coordinates":[[[-121.55809,38.67359],[-121.5602,38.67362],[-121.56016,38.67802],[-121.55799,38.67794],[-121.55809,38.67359]]]},"properties":{}},{"type":"Feature","geometry":{"type":"Polygon","coordinates":[[[-121.55804,38.67294],[-121.56028,38.67182],[-121.56024,38.6735],[-121.55804,38.67294]]]},"properties":{}},{"type":"Feature","geometry":{"type":"Polygon","coordinates":[[[-121.42193,38.28552],[-121.41983,38.28608],[-121.42017,38.28283],[-121.42192,38.2828],[-121.42193,38.28552]]]},"properties":{}},{"type":"Feature","geometry":{"type":"Polygon","coordinates":[[[-121.37616,38.27658],[-121.37831,38.27661],[-121.37806,38.28271],[-121.37589,38.28166],[-121.37616,38.27658]]]},"properties":{}},{"type":"Feature","geometry":{"type":"Polygon","coordinates":[[[-121.53026,38.62031],[-121.5347,38.62032],[-121.53473,38.62174],[-121.53039,38.6218],[-121.53026,38.62031]]]},"properties":{}},{"type":"Feature","geometry":{"type":"Polygon","coordinates":[[[-121.37113,38.28946],[-121.37501,38.28959],[-121.37121,38.29097],[-121.37113,38.28946]]]},"properties":{}},{"type":"Feature","geometry":{"type":"Polygon","coordinates":[[[-121.3565,38.27892],[-121.35643,38.27678],[-121.35864,38.27684],[-121.35861,38.27886],[-121.3565,38.27892]]]},"properties":{}},{"type":"Feature","geometry":{"type":"Polygon","coordinates":[[[-121.36797,38.27811],[-121.3601,38.27886],[-121.35885,38.27677],[-121.36766,38.27668],[-121.36797,38.27811]]]},"properties":{}},{"type":"Feature","geometry":{"type":"Polygon","coordinates":[[[-121.48452,38.27631],[-121.47693,38.27699],[-121.47653,38.27393],[-121.48361,38.27339],[-121.48436,38.27454],[-121.48031,38.27612],[-121.48448,38.27465],[-121.48452,38.27631]]]},"properties":{}},{"type":"Feature","geometry":{"type":"Polygon","coordinates":[[[-121.51847,38.26904],[-121.51569,38.26715],[-121.51828,38.26527],[-121.52072,38.26719],[-121.51847,38.26904]]]},"properties":{}},{"type":"Feature","geometry":{"type":"Polygon","coordinates":[[[-121.50259,38.26954],[-121.50606,38.27246],[-121.50409,38.27362],[-121.49991,38.27262],[-121.49918,38.27166],[-121.50259,38.26954]]]},"properties":{}},{"type":"Feature","geometry":{"type":"Polygon","coordinates":[[[-121.53672,38.63079],[-121.53515,38.63105],[-121.53696,38.63173],[-121.53488,38.63457],[-121.5348,38.62868],[-121.53672,38.63079]]]},"properties":{}},{"type":"Feature","geometry":{"type":"Polygon","coordinates":[[[-121.49304,38.3138],[-121.5008,38.31394],[-121.50056,38.31665],[-121.49764,38.31913],[-121.49304,38.3138]]]},"properties":{}},{"type":"Feature","geometry":{"type":"Polygon","coordinates":[[[-121.54611,38.34198],[-121.54483,38.34266],[-121.54258,38.3404],[-121.54426,38.33915],[-121.54611,38.34198]]]},"properties":{}},{"type":"Feature","geometry":{"type":"Polygon","coordinates":[[[-121.54402,38.32827],[-121.54555,38.32824],[-121.54554,38.33072],[-121.54215,38.33239],[-121.54223,38.32895],[-121.54402,38.32827]]]},"properties":{}},{"type":"Feature","geometry":{"type":"Polygon","coordinates":[[[-121.50777,38.26609],[-121.5111,38.26875],[-121.50638,38.27236],[-121.50282,38.26938],[-121.50777,38.26609]]]},"properties":{}},{"type":"Feature","geometry":{"type":"Polygon","coordinates":[[[-121.50637,38.2726],[-121.50798,38.27148],[-121.51349,38.27659],[-121.50402,38.27682],[-121.50431,38.27416],[-121.50637,38.2726]]]},"properties":{}},{"type":"Feature","geometry":{"type":"Polygon","coordinates":[[[-121.48665,38.32439],[-121.49055,38.32437],[-121.49059,38.32643],[-121.48657,38.32645],[-121.48665,38.32439]]]},"properties":{}},{"type":"Feature","geometry":{"type":"Polygon","coordinates":[[[-121.48319,38.32444],[-121.48633,38.3244],[-121.48634,38.32642],[-121.48315,38.32641],[-121.48319,38.32444]]]},"properties":{}},{"type":"Feature","geometry":{"type":"Polygon","coordinates":[[[-121.4587,38.32104],[-121.46333,38.32198],[-121.45861,38.32285],[-121.4587,38.32104]]]},"properties":{}},{"type":"Feature","geometry":{"type":"Polygon","coordinates":[[[-121.44616,38.33044],[-121.44953,38.33044],[-121.44948,38.33482],[-121.44637,38.33479],[-121.44616,38.33044]]]},"properties":{}},{"type":"Feature","geometry":{"type":"Polygon","coordinates":[[[-121.457,38.32106],[-121.45839,38.32116],[-121.45838,38.32273],[-121.457,38.32106]]]},"properties":{}},{"type":"Feature","geometry":{"type":"Polygon","coordinates":[[[-121.35107,38.38583],[-121.35279,38.38374],[-121.35275,38.38662],[-121.35107,38.38583]]]},"properties":{}},{"type":"Feature","geometry":{"type":"Polygon","coordinates":[[[-121.46363,38.32027],[-121.46011,38.32027],[-121.46002,38.31637],[-121.464,38.31639],[-121.46466,38.32028],[-121.46363,38.32027]]]},"properties":{}},{"type":"Feature","geometry":{"type":"Polygon","coordinates":[[[-121.45316,38.31237],[-121.45663,38.3123],[-121.45674,38.32036],[-121.4534,38.32037],[-121.45316,38.31237]]]},"properties":{}},{"type":"Feature","geometry":{"type":"Polygon","coordinates":[[[-121.50725,38.43605],[-121.50151,38.42948],[-121.50156,38.42329],[-121.506,38.42553],[-121.50363,38.42854],[-121.50725,38.43605]]]},"properties":{}},{"type":"Feature","geometry":{"type":"Polygon","coordinates":[[[-121.45235,38.33221],[-121.45432,38.33223],[-121.45435,38.33442],[-121.45235,38.33446],[-121.45235,38.33221]]]},"properties":{}},{"type":"Feature","geometry":{"type":"Polygon","coordinates":[[[-121.44969,38.33221],[-121.45217,38.33219],[-121.4522,38.33473],[-121.44966,38.33483],[-121.44969,38.33221]]]},"properties":{}},{"type":"Feature","geometry":{"type":"Polygon","coordinates":[[[-121.45853,38.32446],[-121.45857,38.32293],[-121.46335,38.3229],[-121.4632,38.3243],[-121.45853,38.32446]]]},"properties":{}},{"type":"Feature","geometry":{"type":"Polygon","coordinates":[[[-121.46308,38.33246],[-121.46097,38.33259],[-121.46361,38.33259],[-121.463,38.33541],[-121.45931,38.33548],[-121.45907,38.33201],[-121.46308,38.33246]]]},"properties":{}},{"type":"Feature","geometry":{"type":"Polygon","coordinates":[[[-121.46978,38.72095],[-121.46966,38.71807],[-121.4754,38.71889],[-121.47537,38.72044],[-121.46978,38.72095]]]},"properties":{}},{"type":"Feature","geometry":{"type":"Polygon","coordinates":[[[-121.39577,38.31881],[-121.39687,38.31887],[-121.39682,38.32146],[-121.39453,38.32152],[-121.39577,38.31881]]]},"properties":{}},{"type":"Feature","geometry":{"type":"Polygon","coordinates":[[[-121.40742,38.35374],[-121.40362,38.35394],[-121.40355,38.35085],[-121.4082,38.35076],[-121.40742,38.35374]]]},"properties":{}},{"type":"Feature","geometry":{"type":"Polygon","coordinates":[[[-121.47895,38.33886],[-121.47993,38.34077],[-121.47626,38.34083],[-121.47621,38.33899],[-121.47895,38.33886]]]},"properties":{}},{"type":"Feature","geometry":{"type":"Polygon","coordinates":[[[-121.34643,38.38887],[-121.35009,38.38567],[-121.35248,38.38773],[-121.35285,38.39124],[-121.34643,38.38887]]]},"properties":{}},{"type":"Feature","geometry":{"type":"Polygon","coordinates":[[[-121.42486,38.7265],[-121.42025,38.72654],[-121.42036,38.72352],[-121.42754,38.72274],[-121.42794,38.7239],[-121.42922,38.72245],[-121.4291,38.72624],[-121.42486,38.7265]]]},"properties":{}},{"type":"Feature","geometry":{"type":"Polygon","coordinates":[[[-121.37465,38.3836],[-121.37309,38.38346],[-121.37316,38.37981],[-121.37492,38.37995],[-121.37465,38.3836]]]},"properties":{}},{"type":"Feature","geometry":{"type":"Polygon","coordinates":[[[-121.37495,38.38403],[-121.3744,38.3871],[-121.37308,38.38425],[-121.37495,38.38403]]]},"properties":{}},{"type":"Feature","geometry":{"type":"Polygon","coordinates":[[[-121.36975,38.37554],[-121.36631,38.37417],[-121.37145,38.37302],[-121.37096,38.37592],[-121.36975,38.37554]]]},"properties":{}},{"type":"Feature","geometry":{"type":"Polygon","coordinates":[[[-121.5301,38.29277],[-121.53429,38.29823],[-121.52682,38.29868],[-121.52683,38.29021],[-121.5301,38.29277]]]},"properties":{}},{"type":"Feature","geometry":{"type":"Polygon","coordinates":[[[-121.39801,38.31209],[-121.39775,38.30825],[-121.40165,38.30849],[-121.40162,38.31226],[-121.39801,38.31209]]]},"properties":{}},{"type":"Feature","geometry":{"type":"Polygon","coordinates":[[[-121.47315,38.34075],[-121.47312,38.33926],[-121.47607,38.33898],[-121.47624,38.34241],[-121.47315,38.34075]]]},"properties":{}},{"type":"Feature","geometry":{"type":"Polygon","coordinates":[[[-121.48016,38.33883],[-121.48202,38.33874],[-121.482,38.34071],[-121.48013,38.3408],[-121.48016,38.33883]]]},"properties":{}},{"type":"Feature","geometry":{"type":"Polygon","coordinates":[[[-121.41558,38.72456],[-121.42003,38.72364],[-121.41848,38.72875],[-121.41117,38.72836],[-121.41219,38.72573],[-121.41558,38.72456]]]},"properties":{}},{"type":"Feature","geometry":{"type":"Polygon","coordinates":[[[-121.42468,38.7268],[-121.4247,38.72879],[-121.42027,38.72865],[-121.42026,38.72681],[-121.42468,38.7268]]]},"properties":{}},{"type":"Feature","geometry":{"type":"Polygon","coordinates":[[[-121.55168,38.63094],[-121.55658,38.63119],[-121.55712,38.63438],[-121.55188,38.63446],[-121.55168,38.63094]]]},"properties":{}},{"type":"Feature","geometry":{"type":"Polygon","coordinates":[[[-121.55772,38.63431],[-121.55668,38.63107],[-121.55892,38.63417],[-121.55772,38.63431]]]},"properties":{}},{"type":"Feature","geometry":{"type":"Polygon","coordinates":[[[-121.55654,38.63072],[-121.5561,38.62742],[-121.55773,38.63028],[-121.55654,38.63072]]]},"properties":{}},{"type":"Feature","geometry":{"type":"Polygon","coordinates":[[[-121.45416,38.32896],[-121.44743,38.32809],[-121.45408,38.32783],[-121.45416,38.32896]]]},"properties":{}},{"type":"Feature","geometry":{"type":"Polygon","coordinates":[[[-121.47991,38.3265],[-121.48618,38.32658],[-121.48635,38.32768],[-121.48003,38.32769],[-121.47991,38.3265]]]},"properties":{}},{"type":"Feature","geometry":{"type":"Polygon","coordinates":[[[-121.55428,38.26218],[-121.55838,38.25936],[-121.55844,38.2623],[-121.55022,38.26799],[-121.54839,38.26649],[-121.55428,38.26218]]]},"properties":{}},{"type":"Feature","geometry":{"type":"Polygon","coordinates":[[[-121.58778,38.24825],[-121.58762,38.25137],[-121.5773,38.25108],[-121.57756,38.24814],[-121.58778,38.24825]]]},"properties":{}},{"type":"Feature","geometry":{"type":"Polygon","coordinates":[[[-121.4512,38.33488],[-121.45242,38.33495],[-121.45237,38.33688],[-121.45105,38.33685],[-121.4512,38.33488]]]},"properties":{}},{"type":"Feature","geometry":{"type":"Polygon","coordinates":[[[-121.43355,38.32214],[-121.4356,38.32264],[-121.43585,38.32826],[-121.43363,38.32825],[-121.43355,38.32214]]]},"properties":{}},{"type":"Feature","geometry":{"type":"Polygon","coordinates":[[[-121.47436,38.32633],[-121.47967,38.3264],[-121.4798,38.32763],[-121.47447,38.32767],[-121.47436,38.32633]]]},"properties":{}},{"type":"Feature","geometry":{"type":"Polygon","coordinates":[[[-121.45962,38.33642],[-121.45976,38.33794],[-121.45628,38.33881],[-121.45624,38.33561],[-121.45962,38.33642]]]},"properties":{}},{"type":"Feature","geometry":{"type":"Polygon","coordinates":[[[-121.45259,38.33489],[-121.45426,38.33484],[-121.45431,38.33658],[-121.45252,38.3365],[-121.45259,38.33489]]]},"properties":{}},{"type":"Feature","geometry":{"type":"Polygon","coordinates":[[[-121.46344,38.33723],[-121.4637,38.33914],[-121.46155,38.33912],[-121.46088,38.33785],[-121.46344,38.33723]]]},"properties":{}},{"type":"Feature","geometry":{"type":"Polygon","coordinates":[[[-121.57735,38.25126],[-121.5894,38.25155],[-121.58938,38.25326],[-121.57738,38.25306],[-121.57735,38.25126]]]},"properties":{}},{"type":"Feature","geometry":{"type":"Polygon","coordinates":[[[-121.59834,38.65615],[-121.59546,38.65584],[-121.59546,38.65428],[-121.59834,38.65615]]]},"properties":{}},{"type":"Feature","geometry":{"type":"Polygon","coordinates":[[[-121.46074,38.33192],[-121.46079,38.33078],[-121.4636,38.33082],[-121.46357,38.33196],[-121.46074,38.33192]]]},"properties":{}},{"type":"Feature","geometry":{"type":"Polygon","coordinates":[[[-121.54342,38.64247],[-121.54341,38.6349],[-121.55172,38.63498],[-121.55168,38.6421],[-121.54342,38.64247]]]},"properties":{}},{"type":"Feature","geometry":{"type":"Polygon","coordinates":[[[-121.52936,38.26057],[-121.53247,38.26289],[-121.53138,38.26374],[-121.5283,38.26131],[-121.52936,38.26057]]]},"properties":{}},{"type":"Feature","geometry":{"type":"Polygon","coordinates":[[[-121.61919,38.69229],[-121.61809,38.69234],[-121.61809,38.68932],[-121.62043,38.68921],[-121.62044,38.69228],[-121.61919,38.69229]]]},"properties":{}},{"type":"Feature","geometry":{"type":"Polygon","coordinates":[[[-121.37113,38.28946],[-121.37223,38.28749],[-121.37412,38.28819],[-121.37113,38.28946]]]},"properties":{}},{"type":"Feature","geometry":{"type":"Polygon","coordinates":[[[-121.5101,38.41774],[-121.50144,38.41692],[-121.50299,38.41445],[-121.50918,38.41247],[-121.51121,38.41731],[-121.5101,38.41774]]]},"properties":{}},{"type":"Feature","geometry":{"type":"Polygon","coordinates":[[[-121.53253,38.26294],[-121.53583,38.26542],[-121.53462,38.26623],[-121.53166,38.26401],[-121.53253,38.26294]]]},"properties":{}},{"type":"Feature","geometry":{"type":"Polygon","coordinates":[[[-121.46037,38.31189],[-121.46018,38.30495],[-121.46161,38.30486],[-121.46308,38.31186],[-121.46037,38.31189]]]},"properties":{}},{"type":"Feature","geometry":{"type":"Polygon","coordinates":[[[-121.57753,38.65038],[-121.58758,38.6446],[-121.59254,38.64509],[-121.58763,38.64559],[-121.57753,38.65038]]]},"properties":{}},{"type":"Feature","geometry":{"type":"Polygon","coordinates":[[[-121.54756,38.63444],[-121.54757,38.63106],[-121.55149,38.63105],[-121.55175,38.63452],[-121.54756,38.63444]]]},"properties":{}},{"type":"Feature","geometry":{"type":"Polygon","coordinates":[[[-121.43276,38.34885],[-121.43282,38.34722],[-121.43573,38.34722],[-121.43276,38.34885]]]},"properties":{}},{"type":"Feature","geometry":{"type":"Polygon","coordinates":[[[-121.42971,38.34442],[-121.42967,38.34318],[-121.43193,38.34313],[-121.43115,38.34555],[-121.43265,38.34521],[-121.43263,38.34705],[-121.42973,38.34709],[-121.42971,38.34442]]]},"properties":{}},{"type":"Feature","geometry":{"type":"Polygon","coordinates":[[[-121.42679,38.33953],[-121.42891,38.34054],[-121.42886,38.34293],[-121.42674,38.34283],[-121.42679,38.33953]]]},"properties":{}},{"type":"Feature","geometry":{"type":"Polygon","coordinates":[[[-121.44293,38.33768],[-121.44503,38.33761],[-121.44508,38.33933],[-121.44306,38.33928],[-121.44293,38.33768]]]},"properties":{}},{"type":"Feature","geometry":{"type":"Polygon","coordinates":[[[-121.35295,38.36538],[-121.35304,38.36189],[-121.36285,38.3619],[-121.36272,38.36422],[-121.35655,38.36421],[-121.35426,38.36651],[-121.35295,38.36538]]]},"properties":{}},{"type":"Feature","geometry":{"type":"Polygon","coordinates":[[[-121.43247,38.32275],[-121.43129,38.32118],[-121.43336,38.32122],[-121.4334,38.32376],[-121.43247,38.32275]]]},"properties":{}},{"type":"Feature","geometry":{"type":"Polygon","coordinates":[[[-121.35162,38.35244],[-121.35022,38.35171],[-121.35219,38.34818],[-121.35501,38.34949],[-121.35162,38.35244]]]},"properties":{}},{"type":"Feature","geometry":{"type":"Polygon","coordinates":[[[-121.39455,38.34579],[-121.39463,38.34359],[-121.39875,38.34362],[-121.39648,38.34629],[-121.39455,38.34579]]]},"properties":{}},{"type":"Feature","geometry":{"type":"Polygon","coordinates":[[[-121.34808,38.25988],[-121.35081,38.25988],[-121.35086,38.26157],[-121.34815,38.2617],[-121.34808,38.25988]]]},"properties":{}},{"type":"Feature","geometry":{"type":"Polygon","coordinates":[[[-121.44079,38.33015],[-121.44488,38.33011],[-121.44495,38.33206],[-121.44077,38.33213],[-121.44079,38.33015]]]},"properties":{}},{"type":"Feature","geometry":{"type":"Polygon","coordinates":[[[-121.60245,38.73078],[-121.60129,38.73061],[-121.60136,38.72649],[-121.60274,38.72124],[-121.60245,38.73078]]]},"properties":{}},{"type":"Feature","geometry":{"type":"Polygon","coordinates":[[[-121.60554,38.71602],[-121.60376,38.71606],[-121.60495,38.71501],[-121.60554,38.71602]]]},"properties":{}},{"type":"Feature","geometry":{"type":"Polygon","coordinates":[[[-121.60028,38.73058],[-121.60148,38.73391],[-121.59991,38.73838],[-121.60028,38.73058]]]},"properties":{}},{"type":"Feature","geometry":{"type":"Polygon","coordinates":[[[-121.40325,38.36571],[-121.39908,38.36651],[-121.39916,38.3652],[-121.40325,38.36571]]]},"properties":{}},{"type":"Feature","geometry":{"type":"Polygon","coordinates":[[[-121.40186,38.36212],[-121.40361,38.36209],[-121.40361,38.36368],[-121.40192,38.36383],[-121.40186,38.36212]]]},"properties":{}},{"type":"Feature","geometry":{"type":"Polygon","coordinates":[[[-121.43673,38.34129],[-121.4366,38.33948],[-121.43873,38.33951],[-121.4387,38.34291],[-121.43673,38.34129]]]},"properties":{}},{"type":"Feature","geometry":{"type":"Polygon","coordinates":[[[-121.35118,38.3956],[-121.35057,38.39403],[-121.35289,38.39414],[-121.35289,38.39593],[-121.35118,38.3956]]]},"properties":{}},{"type":"Feature","geometry":{"type":"Polygon","coordinates":[[[-121.43163,38.69137],[-121.43367,38.6912],[-121.43347,38.69327],[-121.43084,38.69289],[-121.43163,38.69137]]]},"properties":{}},{"type":"Feature","geometry":{"type":"Polygon","coordinates":[[[-121.42587,38.69749],[-121.42824,38.69709],[-121.43178,38.69313],[-121.43028,38.69709],[-121.42454,38.69785],[-121.42587,38.69749]]]},"properties":{}},{"type":"Feature","geometry":{"type":"Polygon","coordinates":[[[-121.43831,38.68912],[-121.43665,38.68893],[-121.43816,38.68761],[-121.43831,38.68912]]]},"properties":{}},{"type":"Feature","geometry":{"type":"Polygon","coordinates":[[[-121.43347,38.69327],[-121.43374,38.69115],[-121.43575,38.69011],[-121.43543,38.69274],[-121.43347,38.69327]]]},"properties":{}},{"type":"Feature","geometry":{"type":"Polygon","coordinates":[[[-121.41759,38.68812],[-121.4198,38.6877],[-121.41976,38.68885],[-121.41759,38.68812]]]},"properties":{}},{"type":"Feature","geometry":{"type":"Polygon","coordinates":[[[-121.4198,38.68719],[-121.41758,38.68529],[-121.41978,38.68534],[-121.4198,38.68719]]]},"properties":{}},{"type":"Feature","geometry":{"type":"Polygon","coordinates":[[[-121.40609,38.37427],[-121.40846,38.3743],[-121.40609,38.37577],[-121.40609,38.37427]]]},"properties":{}},{"type":"Feature","geometry":{"type":"Polygon","coordinates":[[[-121.40749,38.37271],[-121.40839,38.37325],[-121.40611,38.37362],[-121.40749,38.37271]]]},"properties":{}},{"type":"Feature","geometry":{"type":"Polygon","coordinates":[[[-121.38074,38.39186],[-121.37936,38.39225],[-121.38074,38.39415],[-121.37957,38.39441],[-121.37387,38.38728],[-121.38057,38.38868],[-121.38074,38.39186]]]},"properties":{}},{"type":"Feature","geometry":{"type":"Polygon","coordinates":[[[-121.48237,38.35709],[-121.48591,38.3571],[-121.48597,38.35845],[-121.48237,38.35709]]]},"properties":{}},{"type":"Feature","geometry":{"type":"Polygon","coordinates":[[[-121.47737,38.3647],[-121.47514,38.3647],[-121.47468,38.36124],[-121.48199,38.36101],[-121.48044,38.36396],[-121.47737,38.3647]]]},"properties":{}},{"type":"Feature","geometry":{"type":"Polygon","coordinates":[[[-121.48623,38.3571],[-121.48818,38.35721],[-121.48621,38.35851],[-121.48623,38.3571]]]},"properties":{}},{"type":"Feature","geometry":{"type":"Polygon","coordinates":[[[-121.41658,38.32484],[-121.4081,38.32493],[-121.40796,38.32157],[-121.41647,38.32143],[-121.41658,38.32484]]]},"properties":{}},{"type":"Feature","geometry":{"type":"Polygon","coordinates":[[[-121.40684,38.37057],[-121.40839,38.37057],[-121.40766,38.37227],[-121.40534,38.37108],[-121.40684,38.37057]]]},"properties":{}},{"type":"Feature","geometry":{"type":"Polygon","coordinates":[[[-121.60799,38.69043],[-121.60801,38.68631],[-121.61261,38.68551],[-121.61261,38.69091],[-121.60799,38.69043]]]},"properties":{}},{"type":"Feature","geometry":{"type":"Polygon","coordinates":[[[-121.60642,38.69053],[-121.60647,38.68779],[-121.60801,38.68787],[-121.60799,38.69043],[-121.60642,38.69053]]]},"properties":{}},{"type":"Feature","geometry":{"type":"Polygon","coordinates":[[[-121.60801,38.68631],[-121.60642,38.69053],[-121.60515,38.69047],[-121.60514,38.68558],[-121.60801,38.68631]]]},"properties":{}},{"type":"Feature","geometry":{"type":"Polygon","coordinates":[[[-121.60401,38.7016],[-121.60401,38.69881],[-121.60589,38.69801],[-121.61227,38.70145],[-121.60963,38.70156],[-121.6075,38.70433],[-121.60401,38.7016]]]},"properties":{}},{"type":"Feature","geometry":{"type":"Polygon","coordinates":[[[-121.44209,38.37574],[-121.44528,38.37564],[-121.44531,38.37903],[-121.44209,38.37909],[-121.44209,38.37574]]]},"properties":{}},{"type":"Feature","geometry":{"type":"Polygon","coordinates":[[[-121.44054,38.37918],[-121.4418,38.37752],[-121.44189,38.37915],[-121.44054,38.37918]]]},"properties":{}},{"type":"Feature","geometry":{"type":"Polygon","coordinates":[[[-121.45614,38.33748],[-121.45454,38.33749],[-121.45446,38.33578],[-121.45613,38.3358],[-121.45614,38.33748]]]},"properties":{}},{"type":"Feature","geometry":{"type":"Polygon","coordinates":[[[-121.54796,38.27266],[-121.54956,38.27156],[-121.5512,38.27296],[-121.54732,38.27562],[-121.54565,38.27427],[-121.54796,38.27266]]]},"properties":{}},{"type":"Feature","geometry":{"type":"Polygon","coordinates":[[[-121.47795,38.63789],[-121.47916,38.63756],[-121.47794,38.63627],[-121.48051,38.63491],[-121.48385,38.63517],[-121.48381,38.6396],[-121.47976,38.63967],[-121.47795,38.63789]]]},"properties":{}},{"type":"Feature","geometry":{"type":"Polygon","coordinates":[[[-121.59501,38.64849],[-121.5926,38.64509],[-121.60248,38.65672],[-121.59501,38.64849]]]},"properties":{}},{"type":"Feature","geometry":{"type":"Polygon","coordinates":[[[-121.60353,38.65911],[-121.60181,38.65717],[-121.60516,38.66023],[-121.60353,38.65911]]]},"properties":{}},{"type":"Feature","geometry":{"type":"Polygon","coordinates":[[[-121.48457,38.72758],[-121.4881,38.72891],[-121.48459,38.72897],[-121.48457,38.72758]]]},"properties":{}},{"type":"Feature","geometry":{"type":"Polygon","coordinates":[[[-121.55912,38.68268],[-121.55792,38.67816],[-121.56021,38.67815],[-121.56021,38.68267],[-121.55912,38.68268]]]},"properties":{}},{"type":"Feature","geometry":{"type":"Polygon","coordinates":[[[-121.60665,38.71242],[-121.61815,38.70348],[-121.60589,38.71444],[-121.60665,38.71242]]]},"properties":{}},{"type":"Feature","geometry":{"type":"Polygon","coordinates":[[[-121.5558,38.6165],[-121.55747,38.61653],[-121.55768,38.6199],[-121.5548,38.61992],[-121.5558,38.6165]]]},"properties":{}},{"type":"Feature","geometry":{"type":"Polygon","coordinates":[[[-121.5557,38.61351],[-121.55538,38.61251],[-121.55729,38.6124],[-121.55806,38.61794],[-121.5558,38.6165],[-121.5557,38.61351]]]},"properties":{}},{"type":"Feature","geometry":{"type":"Polygon","coordinates":[[[-121.54267,38.31364],[-121.54424,38.31364],[-121.54406,38.32069],[-121.54244,38.32068],[-121.54267,38.31364]]]},"properties":{}},{"type":"Feature","geometry":{"type":"Polygon","coordinates":[[[-121.45028,38.37006],[-121.45272,38.37066],[-121.45255,38.3719],[-121.45055,38.37193],[-121.45028,38.37006]]]},"properties":{}},{"type":"Feature","geometry":{"type":"Polygon","coordinates":[[[-121.5142,38.40625],[-121.51071,38.40751],[-121.5124,38.41065],[-121.51128,38.41159],[-121.50975,38.40758],[-121.5142,38.40625]]]},"properties":{}},{"type":"Feature","geometry":{"type":"Polygon","coordinates":[[[-121.62697,38.69865],[-121.63131,38.6931],[-121.63234,38.6883],[-121.63224,38.69242],[-121.62697,38.69865]]]},"properties":{}},{"type":"Feature","geometry":{"type":"Polygon","coordinates":[[[-121.63016,38.68532],[-121.63005,38.68107],[-121.62536,38.67451],[-121.63059,38.68121],[-121.63154,38.6847],[-121.63016,38.68532]]]},"properties":{}},{"type":"Feature","geometry":{"type":"Polygon","coordinates":[[[-121.42409,38.69819],[-121.42848,38.69823],[-121.42,38.70189],[-121.42083,38.69942],[-121.42409,38.69819]]]},"properties":{}},{"type":"Feature","geometry":{"type":"Polygon","coordinates":[[[-121.36492,38.37425],[-121.36329,38.37467],[-121.36321,38.37278],[-121.36482,38.37282],[-121.36492,38.37425]]]},"properties":{}},{"type":"Feature","geometry":{"type":"Polygon","coordinates":[[[-121.35241,38.3978],[-121.34978,38.39689],[-121.35282,38.39679],[-121.35241,38.3978]]]},"properties":{}},{"type":"Feature","geometry":{"type":"Polygon","coordinates":[[[-121.60438,38.71776],[-121.60299,38.72073],[-121.60512,38.71651],[-121.60438,38.71776]]]},"properties":{}},{"type":"Feature","geometry":{"type":"Polygon","coordinates":[[[-121.40172,38.38868],[-121.40203,38.39037],[-121.39997,38.39043],[-121.39949,38.38873],[-121.40172,38.38868]]]},"properties":{}},{"type":"Feature","geometry":{"type":"Polygon","coordinates":[[[-121.36723,38.50532],[-121.36561,38.50348],[-121.36735,38.50352],[-121.36723,38.50532]]]},"properties":{}},{"type":"Feature","geometry":{"type":"Polygon","coordinates":[[[-121.35751,38.35931],[-121.36203,38.3593],[-121.36202,38.36161],[-121.35834,38.3617],[-121.35751,38.35931]]]},"properties":{}},{"type":"Feature","geometry":{"type":"Polygon","coordinates":[[[-121.79137,38.31465],[-121.79494,38.31053],[-121.7989,38.31044],[-121.80587,38.31485],[-121.79137,38.31465]]]},"properties":{}},{"type":"Feature","geometry":{"type":"Polygon","coordinates":[[[-121.74915,38.38722],[-121.7489,38.39431],[-121.74085,38.39443],[-121.74006,38.38724],[-121.74915,38.38722]]]},"properties":{}},{"type":"Feature","geometry":{"type":"Polygon","coordinates":[[[-121.84939,38.53595],[-121.84759,38.53393],[-121.84966,38.53427],[-121.84939,38.53595]]]},"properties":{}},{"type":"Feature","geometry":{"type":"Polygon","coordinates":[[[-121.93908,38.43009],[-121.94185,38.42892],[-121.94169,38.43419],[-121.93787,38.43409],[-121.93788,38.43034],[-121.93908,38.43009]]]},"properties":{}},{"type":"Feature","geometry":{"type":"Polygon","coordinates":[[[-121.80345,38.35863],[-121.80441,38.36199],[-121.80136,38.36198],[-121.80132,38.35864],[-121.80345,38.35863]]]},"properties":{}},{"type":"Feature","geometry":{"type":"Polygon","coordinates":[[[-121.89993,38.3703],[-121.89695,38.3702],[-121.89734,38.36669],[-121.89988,38.36651],[-121.89993,38.3703]]]},"properties":{}},{"type":"Feature","geometry":{"type":"Polygon","coordinates":[[[-121.80933,38.35977],[-121.80949,38.35858],[-121.81363,38.35865],[-121.81372,38.36205],[-121.80935,38.36203],[-121.80933,38.35977]]]},"properties":{}},{"type":"Feature","geometry":{"type":"Polygon","coordinates":[[[-121.80158,38.48171],[-121.80184,38.4847],[-121.79643,38.48532],[-121.79625,38.48178],[-121.80158,38.48171]]]},"properties":{}},{"type":"Feature","geometry":{"type":"Polygon","coordinates":[[[-121.89226,38.33447],[-121.89225,38.3369],[-121.88777,38.33682],[-121.88781,38.33354],[-121.89226,38.33447]]]},"properties":{}},{"type":"Feature","geometry":{"type":"Polygon","coordinates":[[[-121.81065,38.32202],[-121.80217,38.32206],[-121.80219,38.315],[-121.80681,38.31551],[-121.81065,38.32202]]]},"properties":{}},{"type":"Feature","geometry":{"type":"Polygon","coordinates":[[[-121.7398,38.43786],[-121.73469,38.43781],[-121.73454,38.43484],[-121.73978,38.43495],[-121.7398,38.43786]]]},"properties":{}},{"type":"Feature","geometry":{"type":"Polygon","coordinates":[[[-121.91539,38.34653],[-121.91565,38.34928],[-121.9126,38.34866],[-121.91373,38.34653],[-121.91539,38.34653]]]},"properties":{}},{"type":"Feature","geometry":{"type":"Polygon","coordinates":[[[-121.78761,38.43091],[-121.795,38.43093],[-121.7951,38.43298],[-121.78613,38.433],[-121.78627,38.43092],[-121.78761,38.43091]]]},"properties":{}},{"type":"Feature","geometry":{"type":"Polygon","coordinates":[[[-121.75218,38.42487],[-121.75216,38.42351],[-121.75825,38.42357],[-121.75818,38.43067],[-121.75191,38.42945],[-121.75218,38.42487]]]},"properties":{}},{"type":"Feature","geometry":{"type":"Polygon","coordinates":[[[-121.9717,38.4307],[-121.97271,38.42853],[-121.97498,38.42813],[-121.97495,38.43067],[-121.9717,38.4307]]]},"properties":{}},{"type":"Feature","geometry":{"type":"Polygon","coordinates":[[[-121.75011,38.5103],[-121.75009,38.51157],[-121.74805,38.51157],[-121.74801,38.51028],[-121.75011,38.5103]]]},"properties":{}},{"type":"Feature","geometry":{"type":"Polygon","coordinates":[[[-121.90317,38.36672],[-121.90315,38.37025],[-121.9,38.37026],[-121.90003,38.36652],[-121.90317,38.36672]]]},"properties":{}},{"type":"Feature","geometry":{"type":"Polygon","coordinates":[[[-121.88797,38.31182],[-121.88789,38.3153],[-121.88351,38.31519],[-121.88356,38.3118],[-121.88797,38.31182]]]},"properties":{}},{"type":"Feature","geometry":{"type":"Polygon","coordinates":[[[-121.70586,38.43039],[-121.70309,38.4304],[-121.70311,38.42339],[-121.70585,38.42345],[-121.70586,38.43039]]]},"properties":{}},{"type":"Feature","geometry":{"type":"Polygon","coordinates":[[[-121.79115,38.34505],[-121.79123,38.34401],[-121.79544,38.34415],[-121.79527,38.35095],[-121.7912,38.35098],[-121.79115,38.34505]]]},"properties":{}},{"type":"Feature","geometry":{"type":"Polygon","coordinates":[[[-121.93511,38.49685],[-121.93686,38.49898],[-121.93379,38.49999],[-121.93256,38.49775],[-121.93511,38.49685]]]},"properties":{}},{"type":"Feature","geometry":{"type":"Polygon","coordinates":[[[-121.85934,38.45125],[-121.85919,38.45307],[-121.85705,38.45231],[-121.85934,38.45125]]]},"properties":{}},{"type":"Feature","geometry":{"type":"Polygon","coordinates":[[[-121.88418,38.43688],[-121.8827,38.43524],[-121.88703,38.43517],[-121.88712,38.43689],[-121.88418,38.43688]]]},"properties":{}},{"type":"Feature","geometry":{"type":"Polygon","coordinates":[[[-121.93043,38.38796],[-121.92969,38.39066],[-121.92934,38.38801],[-121.93043,38.38796]]]},"properties":{}},{"type":"Feature","geometry":{"type":"Polygon","coordinates":[[[-121.94603,38.30767],[-121.94908,38.30442],[-121.95137,38.30554],[-121.95195,38.31315],[-121.94952,38.3133],[-121.94456,38.31015],[-121.94603,38.30767]]]},"properties":{}},{"type":"Feature","geometry":{"type":"Polygon","coordinates":[[[-121.9156,38.35631],[-121.91562,38.35188],[-121.92076,38.35097],[-121.91984,38.35617],[-121.9156,38.35631]]]},"properties":{}},{"type":"Feature","geometry":{"type":"Polygon","coordinates":[[[-121.65584,38.28743],[-121.64752,38.29035],[-121.65225,38.28744],[-121.65584,38.28743]]]},"properties":{}},{"type":"Feature","geometry":{"type":"Polygon","coordinates":[[[-121.60273,38.30937],[-121.60258,38.31217],[-121.5977,38.31165],[-121.59969,38.30934],[-121.60273,38.30937]]]},"properties":{}},{"type":"Feature","geometry":{"type":"Polygon","coordinates":[[[-121.71499,38.47776],[-121.71293,38.4778],[-121.7124,38.47446],[-121.71445,38.47417],[-121.71499,38.47776]]]},"properties":{}},{"type":"Feature","geometry":{"type":"Polygon","coordinates":[[[-121.73067,38.43759],[-121.73073,38.43073],[-121.73938,38.43086],[-121.73924,38.4347],[-121.73445,38.43474],[-121.73436,38.43776],[-121.73067,38.43759]]]},"properties":{}},{"type":"Feature","geometry":{"type":"Polygon","coordinates":[[[-121.71207,38.46663],[-121.69866,38.46656],[-121.69873,38.4596],[-121.71186,38.45961],[-121.71207,38.46663]]]},"properties":{}},{"type":"Feature","geometry":{"type":"Polygon","coordinates":[[[-121.88147,38.33674],[-121.87877,38.33672],[-121.87869,38.33483],[-121.88147,38.33674]]]},"properties":{}},{"type":"Feature","geometry":{"type":"Polygon","coordinates":[[[-121.88311,38.34219],[-121.88317,38.33725],[-121.88695,38.33727],[-121.88608,38.3422],[-121.88311,38.34219]]]},"properties":{}},{"type":"Feature","geometry":{"type":"Polygon","coordinates":[[[-121.81105,38.35849],[-121.81362,38.35719],[-121.81084,38.35573],[-121.81368,38.35591],[-121.81368,38.35845],[-121.81105,38.35849]]]},"properties":{}},{"type":"Feature","geometry":{"type":"Polygon","coordinates":[[[-121.90149,38.39762],[-121.90144,38.39529],[-121.90572,38.3954],[-121.90582,38.39872],[-121.90149,38.39762]]]},"properties":{}},{"type":"Feature","geometry":{"type":"Polygon","coordinates":[[[-121.77719,38.32197],[-121.77716,38.31971],[-121.78593,38.31988],[-121.78369,38.32205],[-121.77719,38.32197]]]},"properties":{}},{"type":"Feature","geometry":{"type":"Polygon","coordinates":[[[-121.76397,38.34113],[-121.76781,38.33687],[-121.76597,38.34219],[-121.76397,38.34113]]]},"properties":{}},{"type":"Feature","geometry":{"type":"Polygon","coordinates":[[[-121.76736,38.33691],[-121.76376,38.34096],[-121.76181,38.33977],[-121.76442,38.33668],[-121.76736,38.33691]]]},"properties":{}},{"type":"Feature","geometry":{"type":"Polygon","coordinates":[[[-121.76383,38.34133],[-121.76563,38.34247],[-121.76238,38.34618],[-121.75926,38.34617],[-121.76383,38.34133]]]},"properties":{}},{"type":"Feature","geometry":{"type":"Polygon","coordinates":[[[-121.76304,38.34181],[-121.75883,38.3462],[-121.75893,38.34269],[-121.76148,38.33983],[-121.76304,38.34181]]]},"properties":{}},{"type":"Feature","geometry":{"type":"Polygon","coordinates":[[[-121.75554,38.34734],[-121.75001,38.34722],[-121.74983,38.34397],[-121.75856,38.34394],[-121.75855,38.34729],[-121.75554,38.34734]]]},"properties":{}},{"type":"Feature","geometry":{"type":"Polygon","coordinates":[[[-121.7837,38.34018],[-121.77746,38.34014],[-121.77739,38.33676],[-121.78597,38.33677],[-121.78626,38.34009],[-121.7837,38.34018]]]},"properties":{}},{"type":"Feature","geometry":{"type":"Polygon","coordinates":[[[-121.78011,38.34027],[-121.78006,38.34383],[-121.77753,38.34382],[-121.77738,38.34027],[-121.78011,38.34027]]]},"properties":{}},{"type":"Feature","geometry":{"type":"Polygon","coordinates":[[[-121.79763,38.36553],[-121.79562,38.36539],[-121.79556,38.3623],[-121.79985,38.36219],[-121.79991,38.36547],[-121.79763,38.36553]]]},"properties":{}},{"type":"Feature","geometry":{"type":"Polygon","coordinates":[[[-121.85327,38.49694],[-121.85322,38.49906],[-121.8471,38.49897],[-121.8472,38.49669],[-121.85327,38.49694]]]},"properties":{}},{"type":"Feature","geometry":{"type":"Polygon","coordinates":[[[-121.85323,38.49912],[-121.85319,38.50134],[-121.84706,38.50123],[-121.84711,38.49908],[-121.85323,38.49912]]]},"properties":{}},{"type":"Feature","geometry":{"type":"Polygon","coordinates":[[[-121.88311,38.33384],[-121.87956,38.33453],[-121.87863,38.33048],[-121.88307,38.33049],[-121.88311,38.33384]]]},"properties":{}},{"type":"Feature","geometry":{"type":"Polygon","coordinates":[[[-121.89833,38.38071],[-121.89705,38.38064],[-121.8972,38.37526],[-121.89925,38.3759],[-121.90046,38.38059],[-121.89833,38.38071]]]},"properties":{}},{"type":"Feature","geometry":{"type":"Polygon","coordinates":[[[-121.80918,38.36094],[-121.80897,38.36207],[-121.80502,38.36205],[-121.80494,38.35864],[-121.80909,38.35857],[-121.80918,38.36094]]]},"properties":{}},{"type":"Feature","geometry":{"type":"Polygon","coordinates":[[[-121.80605,38.35545],[-121.81033,38.35559],[-121.81117,38.35805],[-121.80495,38.35847],[-121.8049,38.35555],[-121.80605,38.35545]]]},"properties":{}},{"type":"Feature","geometry":{"type":"Polygon","coordinates":[[[-121.80911,38.36382],[-121.80906,38.36553],[-121.80741,38.36551],[-121.80655,38.3623],[-121.80912,38.36228],[-121.80911,38.36382]]]},"properties":{}},{"type":"Feature","geometry":{"type":"Polygon","coordinates":[[[-121.7162,38.45248],[-121.72099,38.45275],[-121.72106,38.45762],[-121.71618,38.45662],[-121.7162,38.45248]]]},"properties":{}},{"type":"Feature","geometry":{"type":"Polygon","coordinates":[[[-121.83507,38.35152],[-121.83585,38.35718],[-121.83253,38.35722],[-121.83247,38.35154],[-121.83507,38.35152]]]},"properties":{}},{"type":"Feature","geometry":{"type":"Polygon","coordinates":[[[-121.7938,38.51028],[-121.7937,38.50671],[-121.7969,38.50678],[-121.79688,38.5102],[-121.7938,38.51028]]]},"properties":{}},{"type":"Feature","geometry":{"type":"Polygon","coordinates":[[[-121.77518,38.30178],[-121.76392,38.30169],[-121.76394,38.29946],[-121.77694,38.29948],[-121.77713,38.30173],[-121.77518,38.30178]]]},"properties":{}},{"type":"Feature","geometry":{"type":"Polygon","coordinates":[[[-121.78298,38.31092],[-121.77755,38.31091],[-121.77752,38.3072],[-121.78637,38.30729],[-121.78633,38.31091],[-121.78298,38.31092]]]},"properties":{}},{"type":"Feature","geometry":{"type":"Polygon","coordinates":[[[-121.64038,38.30643],[-121.63084,38.30638],[-121.63077,38.3038],[-121.64459,38.30379],[-121.6445,38.30643],[-121.64038,38.30643]]]},"properties":{}},{"type":"Feature","geometry":{"type":"Polygon","coordinates":[[[-121.74724,38.51798],[-121.74716,38.52164],[-121.74459,38.52164],[-121.74468,38.51835],[-121.74724,38.51798]]]},"properties":{}},{"type":"Feature","geometry":{"type":"Polygon","coordinates":[[[-121.75693,38.51238],[-121.75655,38.51358],[-121.75026,38.51355],[-121.75029,38.50966],[-121.75692,38.50971],[-121.75693,38.51238]]]},"properties":{}},{"type":"Feature","geometry":{"type":"Polygon","coordinates":[[[-121.76945,38.32572],[-121.76824,38.32566],[-121.76833,38.32216],[-121.77044,38.32228],[-121.76945,38.32572]]]},"properties":{}},{"type":"Feature","geometry":{"type":"Polygon","coordinates":[[[-121.76824,38.50333],[-121.76812,38.50577],[-121.75727,38.50561],[-121.75745,38.50308],[-121.76824,38.50333]]]},"properties":{}},{"type":"Feature","geometry":{"type":"Polygon","coordinates":[[[-121.60802,38.25293],[-121.61271,38.25297],[-121.60802,38.25289],[-121.60808,38.24936],[-121.61255,38.24939],[-121.61295,38.25951],[-121.60808,38.25978],[-121.60802,38.25683],[-121.61295,38.25686],[-121.60802,38.25679],[-121.60802,38.25293]]]},"properties":{}},{"type":"Feature","geometry":{"type":"Polygon","coordinates":[[[-121.6124,38.30098],[-121.62147,38.30098],[-121.62147,38.30284],[-121.61456,38.30289],[-121.6124,38.30098]]]},"properties":{}},{"type":"Feature","geometry":{"type":"Polygon","coordinates":[[[-121.61913,38.30634],[-121.6172,38.3065],[-121.61464,38.30295],[-121.6214,38.30302],[-121.62143,38.30603],[-121.61913,38.30634]]]},"properties":{}},{"type":"Feature","geometry":{"type":"Polygon","coordinates":[[[-121.90144,38.33802],[-121.90016,38.342],[-121.90138,38.34365],[-121.89739,38.34367],[-121.89746,38.33764],[-121.90144,38.33802]]]},"properties":{}},{"type":"Feature","geometry":{"type":"Polygon","coordinates":[[[-121.60285,38.28028],[-121.60148,38.27846],[-121.60315,38.2746],[-121.60285,38.28028]]]},"properties":{}},{"type":"Feature","geometry":{"type":"Polygon","coordinates":[[[-121.89864,38.31109],[-121.8979,38.30249],[-121.90136,38.30536],[-121.90474,38.31157],[-121.89864,38.31109]]]},"properties":{}},{"type":"Feature","geometry":{"type":"Polygon","coordinates":[[[-121.78493,38.37815],[-121.78576,38.38006],[-121.77563,38.37991],[-121.77582,38.37852],[-121.78493,38.37815]]]},"properties":{}},{"type":"Feature","geometry":{"type":"Polygon","coordinates":[[[-121.7753,38.38367],[-121.76786,38.38347],[-121.76787,38.38004],[-121.77543,38.38016],[-121.7753,38.38367]]]},"properties":{}},{"type":"Feature","geometry":{"type":"Polygon","coordinates":[[[-121.77567,38.38363],[-121.77569,38.38015],[-121.78584,38.38027],[-121.7849,38.3873],[-121.77707,38.3873],[-121.77682,38.38373],[-121.77567,38.38363]]]},"properties":{}},{"type":"Feature","geometry":{"type":"Polygon","coordinates":[[[-121.78648,38.31599],[-121.78456,38.31717],[-121.78475,38.3151],[-121.78648,38.31599]]]},"properties":{}},{"type":"Feature","geometry":{"type":"Polygon","coordinates":[[[-121.74507,38.48245],[-121.745,38.48144],[-121.74971,38.48149],[-121.75007,38.48483],[-121.74527,38.48483],[-121.74507,38.48245]]]},"properties":{}},{"type":"Feature","geometry":{"type":"Polygon","coordinates":[[[-121.88276,38.38491],[-121.88242,38.3878],[-121.87981,38.38781],[-121.87983,38.38491],[-121.88276,38.38491]]]},"properties":{}},{"type":"Feature","geometry":{"type":"Polygon","coordinates":[[[-121.77609,38.478],[-121.77392,38.47796],[-121.77386,38.47444],[-121.77659,38.47454],[-121.77609,38.478]]]},"properties":{}},{"type":"Feature","geometry":{"type":"Polygon","coordinates":[[[-121.93089,38.38804],[-121.93225,38.38865],[-121.93058,38.38983],[-121.93089,38.38804]]]},"properties":{}},{"type":"Feature","geometry":{"type":"Polygon","coordinates":[[[-122.02771,38.38378],[-122.02606,38.38381],[-122.02617,38.38032],[-122.02772,38.38091],[-122.02771,38.38378]]]},"properties":{}},{"type":"Feature","geometry":{"type":"Polygon","coordinates":[[[-121.9594,38.31248],[-121.96168,38.31536],[-121.95239,38.31528],[-121.95184,38.30897],[-121.9594,38.31248]]]},"properties":{}},{"type":"Feature","geometry":{"type":"Polygon","coordinates":[[[-121.64736,38.29257],[-121.64972,38.28973],[-121.65488,38.2898],[-121.65409,38.29262],[-121.64736,38.29257]]]},"properties":{}},{"type":"Feature","geometry":{"type":"Polygon","coordinates":[[[-121.84192,38.51296],[-121.84258,38.51637],[-121.83502,38.5163],[-121.83511,38.51272],[-121.84192,38.51296]]]},"properties":{}},{"type":"Feature","geometry":{"type":"Polygon","coordinates":[[[-121.83901,38.52198],[-121.83505,38.52194],[-121.83512,38.51938],[-121.84298,38.51952],[-121.84287,38.52206],[-121.83901,38.52198]]]},"properties":{}},{"type":"Feature","geometry":{"type":"Polygon","coordinates":[[[-121.87731,38.45474],[-121.87607,38.45343],[-121.8817,38.45346],[-121.88165,38.45516],[-121.87731,38.45474]]]},"properties":{}},{"type":"Feature","geometry":{"type":"Polygon","coordinates":[[[-121.97675,38.42628],[-121.97742,38.42908],[-121.9752,38.4289],[-121.97675,38.42628]]]},"properties":{}},{"type":"Feature","geometry":{"type":"Polygon","coordinates":[[[-121.97174,38.43072],[-121.97316,38.43208],[-121.9709,38.43202],[-121.97174,38.43072]]]},"properties":{}},{"type":"Feature","geometry":{"type":"Polygon","coordinates":[[[-121.97318,38.43208],[-121.97318,38.43071],[-121.97578,38.43071],[-121.97555,38.43586],[-121.97347,38.43706],[-121.97318,38.43208]]]},"properties":{}},{"type":"Feature","geometry":{"type":"Polygon","coordinates":[[[-121.77883,38.45266],[-121.77885,38.4546],[-121.78101,38.45469],[-121.78105,38.45918],[-121.77679,38.45982],[-121.77667,38.45266],[-121.77883,38.45266]]]},"properties":{}},{"type":"Feature","geometry":{"type":"Polygon","coordinates":[[[-121.94467,38.50922],[-121.94034,38.50491],[-121.94359,38.50322],[-121.94734,38.50776],[-121.94467,38.50922]]]},"properties":{}},{"type":"Feature","geometry":{"type":"Polygon","coordinates":[[[-121.76779,38.34453],[-121.76766,38.34632],[-121.76307,38.34628],[-121.76767,38.34094],[-121.76779,38.34453]]]},"properties":{}},{"type":"Feature","geometry":{"type":"Polygon","coordinates":[[[-121.78713,38.49301],[-121.78284,38.49327],[-121.78712,38.48845],[-121.78713,38.49301]]]},"properties":{}},{"type":"Feature","geometry":{"type":"Polygon","coordinates":[[[-121.83669,38.35733],[-121.83624,38.35159],[-121.83877,38.35153],[-121.83875,38.3585],[-121.83669,38.35733]]]},"properties":{}},{"type":"Feature","geometry":{"type":"Polygon","coordinates":[[[-121.84327,38.52039],[-121.84327,38.51672],[-121.84793,38.51676],[-121.84754,38.52036],[-121.84327,38.52039]]]},"properties":{}},{"type":"Feature","geometry":{"type":"Polygon","coordinates":[[[-121.96823,38.4351],[-121.9682,38.43854],[-121.96358,38.44045],[-121.96372,38.43508],[-121.96823,38.4351]]]},"properties":{}},{"type":"Feature","geometry":{"type":"Polygon","coordinates":[[[-121.98146,38.48267],[-121.97956,38.48356],[-121.97843,38.48175],[-121.98156,38.48069],[-121.98146,38.48267]]]},"properties":{}},{"type":"Feature","geometry":{"type":"Polygon","coordinates":[[[-121.98383,38.4968],[-121.97965,38.49826],[-121.97871,38.49663],[-121.98285,38.49512],[-121.98383,38.4968]]]},"properties":{}},{"type":"Feature","geometry":{"type":"Polygon","coordinates":[[[-121.98375,38.49666],[-121.98312,38.4951],[-121.98705,38.49407],[-121.98799,38.49537],[-121.98375,38.49666]]]},"properties":{}},{"type":"Feature","geometry":{"type":"Polygon","coordinates":[[[-121.8029,38.52626],[-121.7968,38.52657],[-121.79494,38.52454],[-121.80316,38.52469],[-121.8029,38.52626]]]},"properties":{}},{"type":"Feature","geometry":{"type":"Polygon","coordinates":[[[-121.77262,38.31968],[-121.77252,38.32203],[-121.76825,38.32151],[-121.76844,38.31498],[-121.77264,38.31493],[-121.77262,38.31968]]]},"properties":{}},{"type":"Feature","geometry":{"type":"Polygon","coordinates":[[[-121.81317,38.47708],[-121.81325,38.4729],[-121.81867,38.47312],[-121.82087,38.47478],[-121.81333,38.48076],[-121.81317,38.47708]]]},"properties":{}},{"type":"Feature","geometry":{"type":"Polygon","coordinates":[[[-121.77984,38.32694],[-121.77832,38.32835],[-121.77836,38.32238],[-121.78377,38.32233],[-121.77984,38.32694]]]},"properties":{}},{"type":"Feature","geometry":{"type":"Polygon","coordinates":[[[-121.93478,38.43413],[-121.93402,38.4303],[-121.9377,38.4304],[-121.93773,38.43395],[-121.93478,38.43413]]]},"properties":{}},{"type":"Feature","geometry":{"type":"Polygon","coordinates":[[[-121.726,38.4705],[-121.72573,38.47402],[-121.72162,38.47396],[-121.72157,38.47045],[-121.726,38.4705]]]},"properties":{}},{"type":"Feature","geometry":{"type":"Polygon","coordinates":[[[-121.79777,38.36066],[-121.79576,38.36198],[-121.79445,38.35863],[-121.79765,38.35858],[-121.79777,38.36066]]]},"properties":{}},{"type":"Feature","geometry":{"type":"Polygon","coordinates":[[[-121.80042,38.36198],[-121.79793,38.3618],[-121.79801,38.35862],[-121.8011,38.35862],[-121.80042,38.36198]]]},"properties":{}},{"type":"Feature","geometry":{"type":"Polygon","coordinates":[[[-121.90566,38.3807],[-121.90069,38.38067],[-121.89889,38.37373],[-121.90573,38.37367],[-121.90566,38.3807]]]},"properties":{}},{"type":"Feature","geometry":{"type":"Polygon","coordinates":[[[-121.89701,38.36223],[-121.89698,38.35912],[-121.90103,38.35911],[-121.89701,38.36223]]]},"properties":{}},{"type":"Feature","geometry":{"type":"Polygon","coordinates":[[[-121.80105,38.38754],[-121.80444,38.38757],[-121.80427,38.39095],[-121.79564,38.39091],[-121.79563,38.38396],[-121.79992,38.38389],[-121.79999,38.38752],[-121.80105,38.38754]]]},"properties":{}},{"type":"Feature","geometry":{"type":"Polygon","coordinates":[[[-121.88763,38.34256],[-121.88732,38.34524],[-121.88306,38.34576],[-121.88318,38.34226],[-121.88763,38.34256]]]},"properties":{}},{"type":"Feature","geometry":{"type":"Polygon","coordinates":[[[-121.84128,38.35862],[-121.83891,38.35844],[-121.83903,38.35155],[-121.84144,38.35164],[-121.84128,38.35862]]]},"properties":{}},{"type":"Feature","geometry":{"type":"Polygon","coordinates":[[[-121.84779,38.35775],[-121.84169,38.35862],[-121.84168,38.35242],[-121.84779,38.35775]]]},"properties":{}},{"type":"Feature","geometry":{"type":"Polygon","coordinates":[[[-121.98582,38.42067],[-121.98701,38.42141],[-121.98235,38.4242],[-121.98048,38.42263],[-121.98582,38.42067]]]},"properties":{}},{"type":"Feature","geometry":{"type":"Polygon","coordinates":[[[-121.92072,38.50631],[-121.91751,38.50849],[-121.91496,38.50393],[-121.91864,38.50277],[-121.92072,38.50631]]]},"properties":{}},{"type":"Feature","geometry":{"type":"Polygon","coordinates":[[[-121.8783,38.40069],[-121.88051,38.40058],[-121.88055,38.40226],[-121.8783,38.40069]]]},"properties":{}},{"type":"Feature","geometry":{"type":"Polygon","coordinates":[[[-121.73994,38.43792],[-121.74413,38.43802],[-121.7441,38.44331],[-121.7399,38.44333],[-121.73994,38.43792]]]},"properties":{}},{"type":"Feature","geometry":{"type":"Polygon","coordinates":[[[-121.92596,38.4742],[-121.92904,38.47203],[-121.93389,38.47379],[-121.92596,38.4742]]]},"properties":{}},{"type":"Feature","geometry":{"type":"Polygon","coordinates":[[[-121.84293,38.52217],[-121.84287,38.52419],[-121.83503,38.5241],[-121.83508,38.52207],[-121.84293,38.52217]]]},"properties":{}},{"type":"Feature","geometry":{"type":"Polygon","coordinates":[[[-121.8315,38.49784],[-121.83159,38.49656],[-121.84054,38.49679],[-121.84059,38.50144],[-121.83148,38.49925],[-121.8315,38.49784]]]},"properties":{}},{"type":"Feature","geometry":{"type":"Polygon","coordinates":[[[-121.76472,38.48145],[-121.75904,38.48141],[-121.75868,38.47818],[-121.76266,38.47822],[-121.76472,38.48145]]]},"properties":{}},{"type":"Feature","geometry":{"type":"Polygon","coordinates":[[[-121.75416,38.48667],[-121.75394,38.48408],[-121.75922,38.48406],[-121.75951,38.48666],[-121.75416,38.48667]]]},"properties":{}},{"type":"Feature","geometry":{"type":"Polygon","coordinates":[[[-121.81328,38.46749],[-121.81751,38.46744],[-121.81846,38.47015],[-121.81325,38.47013],[-121.81328,38.46749]]]},"properties":{}},{"type":"Feature","geometry":{"type":"Polygon","coordinates":[[[-121.92031,38.34462],[-121.92034,38.35027],[-121.91605,38.34977],[-121.91577,38.34594],[-121.92031,38.34462]]]},"properties":{}},{"type":"Feature","geometry":{"type":"Polygon","coordinates":[[[-121.85105,38.33689],[-121.85357,38.3347],[-121.8572,38.33665],[-121.85105,38.33689]]]},"properties":{}},{"type":"Feature","geometry":{"type":"Polygon","coordinates":[[[-121.75255,38.43059],[-121.74917,38.43061],[-121.74914,38.42874],[-121.7511,38.42859],[-121.75255,38.43059]]]},"properties":{}},{"type":"Feature","geometry":{"type":"Polygon","coordinates":[[[-121.88802,38.3153],[-121.88833,38.30952],[-121.89416,38.30998],[-121.89711,38.31377],[-121.89676,38.31529],[-121.88802,38.3153]]]},"properties":{}},{"type":"Feature","geometry":{"type":"Polygon","coordinates":[[[-121.75022,38.50696],[-121.7502,38.51023],[-121.74907,38.51021],[-121.74806,38.50692],[-121.75022,38.50696]]]},"properties":{}},{"type":"Feature","geometry":{"type":"Polygon","coordinates":[[[-122.02224,38.37924],[-122.02003,38.38003],[-122.02009,38.37659],[-122.02216,38.37655],[-122.02224,38.37924]]]},"properties":{}},{"type":"Feature","geometry":{"type":"Polygon","coordinates":[[[-121.76988,38.38714],[-121.76772,38.38711],[-121.7679,38.38357],[-121.773,38.38368],[-121.77295,38.38714],[-121.76988,38.38714]]]},"properties":{}},{"type":"Feature","geometry":{"type":"Polygon","coordinates":[[[-121.63044,38.30773],[-121.63039,38.31035],[-121.61966,38.3102],[-121.62165,38.30768],[-121.63044,38.30773]]]},"properties":{}},{"type":"Feature","geometry":{"type":"Polygon","coordinates":[[[-121.76004,38.49583],[-121.76458,38.49585],[-121.76442,38.50303],[-121.7597,38.50279],[-121.76004,38.49583]]]},"properties":{}},{"type":"Feature","geometry":{"type":"Polygon","coordinates":[[[-121.77712,38.43793],[-121.76769,38.43797],[-121.76761,38.43426],[-121.78575,38.4345],[-121.78577,38.4372],[-121.77712,38.43793]]]},"properties":{}},{"type":"Feature","geometry":{"type":"Polygon","coordinates":[[[-121.77097,38.47447],[-121.77363,38.47452],[-121.7737,38.47801],[-121.77103,38.47802],[-121.77097,38.47447]]]},"properties":{}},{"type":"Feature","geometry":{"type":"Polygon","coordinates":[[[-121.77085,38.47806],[-121.76811,38.47806],[-121.76773,38.47442],[-121.77071,38.47442],[-121.77085,38.47806]]]},"properties":{}},{"type":"Feature","geometry":{"type":"Polygon","coordinates":[[[-122.02453,38.38013],[-122.02237,38.38003],[-122.02245,38.37655],[-122.02457,38.37656],[-122.02453,38.38013]]]},"properties":{}},{"type":"Feature","geometry":{"type":"Polygon","coordinates":[[[-121.89714,38.31523],[-121.89838,38.3132],[-121.89833,38.31533],[-121.89714,38.31523]]]},"properties":{}},{"type":"Feature","geometry":{"type":"Polygon","coordinates":[[[-121.80473,38.36487],[-121.80624,38.36387],[-121.80663,38.36551],[-121.80473,38.36487]]]},"properties":{}},{"type":"Feature","geometry":{"type":"Polygon","coordinates":[[[-121.81168,38.36558],[-121.80926,38.36542],[-121.80928,38.36227],[-121.81382,38.36244],[-121.81375,38.36545],[-121.81168,38.36558]]]},"properties":{}},{"type":"Feature","geometry":{"type":"Polygon","coordinates":[[[-121.89279,38.33732],[-121.89679,38.33745],[-121.89683,38.34164],[-121.89242,38.34157],[-121.89279,38.33732]]]},"properties":{}},{"type":"Feature","geometry":{"type":"Polygon","coordinates":[[[-121.8065,38.34934],[-121.80489,38.34943],[-121.806,38.34884],[-121.80509,38.34408],[-121.80658,38.34414],[-121.8065,38.34934]]]},"properties":{}},{"type":"Feature","geometry":{"type":"Polygon","coordinates":[[[-121.75698,38.50575],[-121.75051,38.50564],[-121.75044,38.50293],[-121.75702,38.50304],[-121.75698,38.50575]]]},"properties":{}},{"type":"Feature","geometry":{"type":"Polygon","coordinates":[[[-121.7426,38.51686],[-121.74776,38.51551],[-121.74757,38.51666],[-121.7426,38.51686]]]},"properties":{}},{"type":"Feature","geometry":{"type":"Polygon","coordinates":[[[-121.75006,38.51369],[-121.74793,38.51426],[-121.74806,38.51159],[-121.75009,38.5116],[-121.75006,38.51369]]]},"properties":{}},{"type":"Feature","geometry":{"type":"Polygon","coordinates":[[[-121.77183,38.32568],[-121.77058,38.32553],[-121.77063,38.32215],[-121.77259,38.32228],[-121.77183,38.32568]]]},"properties":{}},{"type":"Feature","geometry":{"type":"Polygon","coordinates":[[[-121.61284,38.27057],[-121.61299,38.26537],[-121.61524,38.26564],[-121.61528,38.27241],[-121.61282,38.27242],[-121.61284,38.27057]]]},"properties":{}},{"type":"Feature","geometry":{"type":"Polygon","coordinates":[[[-121.61297,38.26353],[-121.61291,38.26515],[-121.61066,38.26506],[-121.61047,38.25977],[-121.61304,38.25993],[-121.61297,38.26353]]]},"properties":{}},{"type":"Feature","geometry":{"type":"Polygon","coordinates":[[[-121.61757,38.26595],[-121.61747,38.27241],[-121.61539,38.27245],[-121.61547,38.26566],[-121.61757,38.26595]]]},"properties":{}},{"type":"Feature","geometry":{"type":"Polygon","coordinates":[[[-121.9245,38.3552],[-121.92026,38.35542],[-121.92042,38.35149],[-121.92326,38.35155],[-121.9245,38.3552]]]},"properties":{}},{"type":"Feature","geometry":{"type":"Polygon","coordinates":[[[-121.61026,38.26507],[-121.60886,38.26502],[-121.60867,38.2599],[-121.61038,38.25981],[-121.61026,38.26507]]]},"properties":{}},{"type":"Feature","geometry":{"type":"Polygon","coordinates":[[[-121.88773,38.32896],[-121.88471,38.32955],[-121.88476,38.32265],[-121.88775,38.32281],[-121.88773,38.32896]]]},"properties":{}},{"type":"Feature","geometry":{"type":"Polygon","coordinates":[[[-121.70886,38.42602],[-121.7088,38.43043],[-121.70608,38.43045],[-121.70607,38.42344],[-121.7088,38.42346],[-121.70886,38.42602]]]},"properties":{}},{"type":"Feature","geometry":{"type":"Polygon","coordinates":[[[-121.78369,38.3648],[-121.77788,38.36421],[-121.77522,38.35864],[-121.78602,38.3588],[-121.78594,38.36673],[-121.78369,38.3648]]]},"properties":{}},{"type":"Feature","geometry":{"type":"Polygon","coordinates":[[[-121.71181,38.42351],[-121.71182,38.43032],[-121.70907,38.43049],[-121.70901,38.42344],[-121.71181,38.42351]]]},"properties":{}},{"type":"Feature","geometry":{"type":"Polygon","coordinates":[[[-121.89764,38.3021],[-121.89739,38.31052],[-121.89258,38.30694],[-121.88831,38.30661],[-121.88863,38.30095],[-121.89764,38.3021]]]},"properties":{}},{"type":"Feature","geometry":{"type":"Polygon","coordinates":[[[-121.64418,38.29322],[-121.64453,38.3035],[-121.64105,38.30362],[-121.64096,38.29507],[-121.64418,38.29322]]]},"properties":{}},{"type":"Feature","geometry":{"type":"Polygon","coordinates":[[[-121.652,38.28964],[-121.64981,38.28949],[-121.65524,38.28819],[-121.65482,38.28966],[-121.652,38.28964]]]},"properties":{}},{"type":"Feature","geometry":{"type":"Polygon","coordinates":[[[-121.65263,38.29942],[-121.6516,38.30074],[-121.65153,38.29275],[-121.65405,38.29273],[-121.65263,38.29942]]]},"properties":{}},{"type":"Feature","geometry":{"type":"Polygon","coordinates":[[[-121.60276,38.3067],[-121.60263,38.30931],[-121.59969,38.30927],[-121.59849,38.30758],[-121.60276,38.3067]]]},"properties":{}},{"type":"Feature","geometry":{"type":"Polygon","coordinates":[[[-121.84272,38.51663],[-121.84295,38.5193],[-121.83496,38.51884],[-121.83505,38.51663],[-121.84272,38.51663]]]},"properties":{}},{"type":"Feature","geometry":{"type":"Polygon","coordinates":[[[-121.74871,38.43962],[-121.74888,38.44165],[-121.74636,38.44286],[-121.74876,38.44182],[-121.74885,38.44509],[-121.74431,38.44511],[-121.74419,38.438],[-121.74884,38.438],[-121.74871,38.43962]]]},"properties":{}},{"type":"Feature","geometry":{"type":"Polygon","coordinates":[[[-121.8912,38.33829],[-121.89099,38.34054],[-121.88783,38.34046],[-121.88782,38.33728],[-121.8912,38.33829]]]},"properties":{}},{"type":"Feature","geometry":{"type":"Polygon","coordinates":[[[-121.84272,38.5165],[-121.84287,38.51297],[-121.8486,38.51312],[-121.84823,38.51653],[-121.84272,38.5165]]]},"properties":{}},{"type":"Feature","geometry":{"type":"Polygon","coordinates":[[[-121.9148,38.50405],[-121.91745,38.50853],[-121.91487,38.51107],[-121.91164,38.50526],[-121.9148,38.50405]]]},"properties":{}},{"type":"Feature","geometry":{"type":"Polygon","coordinates":[[[-121.7215,38.47838],[-121.71878,38.47956],[-121.71848,38.47775],[-121.7215,38.47838]]]},"properties":{}},{"type":"Feature","geometry":{"type":"Polygon","coordinates":[[[-121.89421,38.3503],[-121.89359,38.34907],[-121.89685,38.34907],[-121.89676,38.35036],[-121.89421,38.3503]]]},"properties":{}},{"type":"Feature","geometry":{"type":"Polygon","coordinates":[[[-121.97795,38.42836],[-121.9779,38.42452],[-121.98029,38.42273],[-121.98201,38.42424],[-121.98203,38.42703],[-121.97987,38.42996],[-121.978,38.42988],[-121.97795,38.42836]]]},"properties":{}},{"type":"Feature","geometry":{"type":"Polygon","coordinates":[[[-121.99102,38.48825],[-121.99304,38.48773],[-121.99545,38.49268],[-121.99117,38.49197],[-121.98941,38.48882],[-121.99102,38.48825]]]},"properties":{}},{"type":"Feature","geometry":{"type":"Polygon","coordinates":[[[-121.98896,38.48898],[-121.99113,38.492],[-121.98699,38.49317],[-121.98524,38.49041],[-121.98896,38.48898]]]},"properties":{}},{"type":"Feature","geometry":{"type":"Polygon","coordinates":[[[-121.80004,38.36517],[-121.80006,38.36215],[-121.80449,38.36218],[-121.80443,38.36556],[-121.80004,38.36517]]]},"properties":{}},{"type":"Feature","geometry":{"type":"Polygon","coordinates":[[[-121.88247,38.36647],[-121.88276,38.36956],[-121.87821,38.36878],[-121.87826,38.36646],[-121.88247,38.36647]]]},"properties":{}},{"type":"Feature","geometry":{"type":"Polygon","coordinates":[[[-121.7865,38.36355],[-121.79534,38.36355],[-121.79545,38.36533],[-121.78656,38.36548],[-121.7865,38.36355]]]},"properties":{}},{"type":"Feature","geometry":{"type":"Polygon","coordinates":[[[-121.78663,38.36132],[-121.79432,38.36142],[-121.79543,38.36336],[-121.78658,38.36336],[-121.78663,38.36132]]]},"properties":{}},{"type":"Feature","geometry":{"type":"Polygon","coordinates":[[[-121.88292,38.36956],[-121.88264,38.36651],[-121.89425,38.36689],[-121.89238,38.36925],[-121.88292,38.36956]]]},"properties":{}},{"type":"Feature","geometry":{"type":"Polygon","coordinates":[[[-121.79687,38.51929],[-121.79482,38.51926],[-121.7948,38.5167],[-121.79718,38.51656],[-121.79687,38.51929]]]},"properties":{}},{"type":"Feature","geometry":{"type":"Polygon","coordinates":[[[-121.60807,38.31188],[-121.61681,38.31192],[-121.61629,38.3134],[-121.60823,38.31333],[-121.60807,38.31188]]]},"properties":{}},{"type":"Feature","geometry":{"type":"Polygon","coordinates":[[[-121.92797,38.3904],[-121.92802,38.38815],[-121.92921,38.38804],[-121.92942,38.39046],[-121.92797,38.3904]]]},"properties":{}},{"type":"Feature","geometry":{"type":"Polygon","coordinates":[[[-121.89671,38.33555],[-121.89653,38.33692],[-121.8924,38.33681],[-121.89245,38.3345],[-121.89671,38.33555]]]},"properties":{}},{"type":"Feature","geometry":{"type":"Polygon","coordinates":[[[-121.71957,38.40132],[-121.71782,38.40136],[-121.71787,38.39799],[-121.72139,38.39794],[-121.72136,38.4005],[-121.71957,38.40132]]]},"properties":{}},{"type":"Feature","geometry":{"type":"Polygon","coordinates":[[[-121.98727,38.43024],[-121.98051,38.42881],[-121.98269,38.42643],[-121.98698,38.42639],[-121.98974,38.42899],[-121.98975,38.43019],[-121.98727,38.43024]]]},"properties":{}},{"type":"Feature","geometry":{"type":"Polygon","coordinates":[[[-121.81842,38.36224],[-121.81841,38.36564],[-121.81398,38.36556],[-121.81403,38.36226],[-121.81842,38.36224]]]},"properties":{}},{"type":"Feature","geometry":{"type":"Polygon","coordinates":[[[-121.76159,38.51379],[-121.7603,38.51363],[-121.76047,38.50931],[-121.76366,38.50935],[-121.76351,38.51365],[-121.76159,38.51379]]]},"properties":{}},{"type":"Feature","geometry":{"type":"Polygon","coordinates":[[[-121.75973,38.51376],[-121.75726,38.51355],[-121.75732,38.50928],[-121.76041,38.50931],[-121.75973,38.51376]]]},"properties":{}},{"type":"Feature","geometry":{"type":"Polygon","coordinates":[[[-121.76375,38.50935],[-121.76772,38.50939],[-121.76357,38.51365],[-121.76375,38.50935]]]},"properties":{}},{"type":"Feature","geometry":{"type":"Polygon","coordinates":[[[-121.74112,38.48424],[-121.74091,38.48148],[-121.74486,38.48154],[-121.74506,38.48427],[-121.74112,38.48424]]]},"properties":{}},{"type":"Feature","geometry":{"type":"Polygon","coordinates":[[[-121.72095,38.51793],[-121.71403,38.51749],[-121.72269,38.51752],[-121.72095,38.51793]]]},"properties":{}},{"type":"Feature","geometry":{"type":"Polygon","coordinates":[[[-121.78673,38.35852],[-121.79405,38.35859],[-121.79415,38.36126],[-121.78665,38.36119],[-121.78673,38.35852]]]},"properties":{}},{"type":"Feature","geometry":{"type":"Polygon","coordinates":[[[-121.88489,38.33453],[-121.88323,38.33441],[-121.88338,38.33046],[-121.88534,38.33065],[-121.88489,38.33453]]]},"properties":{}},{"type":"Feature","geometry":{"type":"Polygon","coordinates":[[[-121.80058,38.47799],[-121.79641,38.47819],[-121.79861,38.47647],[-121.80058,38.47799]]]},"properties":{}},{"type":"Feature","geometry":{"type":"Polygon","coordinates":[[[-121.76121,38.45977],[-121.75833,38.45969],[-121.75833,38.45603],[-121.76125,38.45581],[-121.76121,38.45977]]]},"properties":{}},{"type":"Feature","geometry":{"type":"Polygon","coordinates":[[[-121.79839,38.49605],[-121.79641,38.49598],[-121.79872,38.49379],[-121.79839,38.49605]]]},"properties":{}},{"type":"Feature","geometry":{"type":"Polygon","coordinates":[[[-121.95734,38.51016],[-121.9532,38.51225],[-121.95316,38.50903],[-121.95628,38.50859],[-121.95734,38.51016]]]},"properties":{}},{"type":"Feature","geometry":{"type":"Polygon","coordinates":[[[-121.88505,38.30675],[-121.88375,38.30675],[-121.88378,38.30436],[-121.88806,38.30439],[-121.88803,38.30634],[-121.88505,38.30675]]]},"properties":{}},{"type":"Feature","geometry":{"type":"Polygon","coordinates":[[[-121.88418,38.43688],[-121.88712,38.43689],[-121.88709,38.43854],[-121.88275,38.43723],[-121.88418,38.43688]]]},"properties":{}},{"type":"Feature","geometry":{"type":"Polygon","coordinates":[[[-122.01275,38.38002],[-122.0093,38.37934],[-122.00941,38.37599],[-122.01326,38.37609],[-122.01275,38.38002]]]},"properties":{}},{"type":"Feature","geometry":{"type":"Polygon","coordinates":[[[-121.92907,38.35849],[-121.92503,38.35856],[-121.92484,38.35335],[-121.92902,38.3532],[-121.92907,38.35849]]]},"properties":{}},{"type":"Feature","geometry":{"type":"Polygon","coordinates":[[[-121.77845,38.41922],[-121.78006,38.42003],[-121.77678,38.41999],[-121.77845,38.41922]]]},"properties":{}},{"type":"Feature","geometry":{"type":"Polygon","coordinates":[[[-121.8751,38.3386],[-121.87513,38.33722],[-121.8783,38.33726],[-121.87827,38.33862],[-121.8751,38.3386]]]},"properties":{}},{"type":"Feature","geometry":{"type":"Polygon","coordinates":[[[-121.90647,38.40286],[-121.91323,38.4036],[-121.90617,38.40888],[-121.90647,38.40286]]]},"properties":{}},{"type":"Feature","geometry":{"type":"Polygon","coordinates":[[[-121.83405,38.43742],[-121.83301,38.43718],[-121.83636,38.43667],[-121.83616,38.43803],[-121.83405,38.43742]]]},"properties":{}},{"type":"Feature","geometry":{"type":"Polygon","coordinates":[[[-121.82284,38.36486],[-121.82008,38.36562],[-121.82119,38.36473],[-121.8201,38.36228],[-121.82284,38.36228],[-121.82284,38.36486]]]},"properties":{}},{"type":"Feature","geometry":{"type":"Polygon","coordinates":[[[-121.87415,38.3357],[-121.87431,38.3335],[-121.87841,38.33346],[-121.87831,38.33684],[-121.87415,38.3357]]]},"properties":{}},{"type":"Feature","geometry":{"type":"Polygon","coordinates":[[[-121.74019,38.53939],[-121.7396,38.53736],[-121.74778,38.53198],[-121.74019,38.53939]]]},"properties":{}},{"type":"Feature","geometry":{"type":"Polygon","coordinates":[[[-121.84013,38.4301],[-121.841,38.42822],[-121.84105,38.4308],[-121.83835,38.43118],[-121.84013,38.4301]]]},"properties":{}},{"type":"Feature","geometry":{"type":"Polygon","coordinates":[[[-121.79577,38.38182],[-121.80427,38.3818],[-121.80447,38.38372],[-121.79567,38.38374],[-121.79577,38.38182]]]},"properties":{}},{"type":"Feature","geometry":{"type":"Polygon","coordinates":[[[-121.89712,38.35641],[-121.89717,38.35187],[-121.90089,38.35186],[-121.90093,38.35646],[-121.89712,38.35641]]]},"properties":{}},{"type":"Feature","geometry":{"type":"Polygon","coordinates":[[[-121.8596,38.3585],[-121.85106,38.35846],[-121.85088,38.35535],[-121.85802,38.35521],[-121.8596,38.3585]]]},"properties":{}},{"type":"Feature","geometry":{"type":"Polygon","coordinates":[[[-121.85086,38.35144],[-121.85567,38.35147],[-121.85566,38.35509],[-121.8508,38.35507],[-121.85086,38.35144]]]},"properties":{}},{"type":"Feature","geometry":{"type":"Polygon","coordinates":[[[-121.81229,38.43464],[-121.80916,38.43489],[-121.81108,38.43593],[-121.81121,38.43813],[-121.80884,38.43823],[-121.80883,38.43459],[-121.81229,38.43464]]]},"properties":{}},{"type":"Feature","geometry":{"type":"Polygon","coordinates":[[[-121.76128,38.45548],[-121.75827,38.4549],[-121.7583,38.45265],[-121.76127,38.45277],[-121.76128,38.45548]]]},"properties":{}},{"type":"Feature","geometry":{"type":"Polygon","coordinates":[[[-121.88771,38.33106],[-121.8877,38.3335],[-121.8855,38.33348],[-121.88554,38.33093],[-121.88771,38.33106]]]},"properties":{}},{"type":"Feature","geometry":{"type":"Polygon","coordinates":[[[-121.89891,38.32508],[-121.89717,38.32496],[-121.89732,38.32274],[-121.90159,38.32314],[-121.90151,38.32628],[-121.89891,38.32508]]]},"properties":{}},{"type":"Feature","geometry":{"type":"Polygon","coordinates":[[[-121.99659,38.36965],[-121.99832,38.36963],[-121.99829,38.37269],[-121.99579,38.37235],[-121.99528,38.36963],[-121.99659,38.36965]]]},"properties":{}},{"type":"Feature","geometry":{"type":"Polygon","coordinates":[[[-121.88823,38.30153],[-121.88814,38.30433],[-121.88384,38.30366],[-121.88385,38.30085],[-121.88823,38.30153]]]},"properties":{}},{"type":"Feature","geometry":{"type":"Polygon","coordinates":[[[-121.75549,38.37937],[-121.75209,38.37663],[-121.7573,38.37395],[-121.75308,38.37371],[-121.74963,38.37595],[-121.74962,38.37283],[-121.7676,38.37309],[-121.76742,38.37991],[-121.76404,38.37962],[-121.76175,38.377],[-121.75929,38.38175],[-121.75549,38.37937]]]},"properties":{}},{"type":"Feature","geometry":{"type":"Polygon","coordinates":[[[-121.93328,38.35325],[-121.93343,38.35838],[-121.92935,38.35848],[-121.9292,38.3533],[-121.93328,38.35325]]]},"properties":{}},{"type":"Feature","geometry":{"type":"Polygon","coordinates":[[[-121.90543,38.38298],[-121.90166,38.38286],[-121.90159,38.38085],[-121.90578,38.38076],[-121.90543,38.38298]]]},"properties":{}},{"type":"Feature","geometry":{"type":"Polygon","coordinates":[[[-121.76736,38.45611],[-121.76277,38.45608],[-121.76278,38.45264],[-121.76729,38.45261],[-121.76619,38.45437],[-121.76736,38.45611]]]},"properties":{}},{"type":"Feature","geometry":{"type":"Polygon","coordinates":[[[-121.97286,38.43734],[-121.96857,38.43673],[-121.96864,38.43219],[-121.9731,38.43216],[-121.97286,38.43734]]]},"properties":{}},{"type":"Feature","geometry":{"type":"Polygon","coordinates":[[[-121.87403,38.33681],[-121.86941,38.33679],[-121.86944,38.33345],[-121.87402,38.33344],[-121.87403,38.33681]]]},"properties":{}},{"type":"Feature","geometry":{"type":"Polygon","coordinates":[[[-121.89116,38.34702],[-121.89122,38.3495],[-121.88768,38.34914],[-121.88829,38.34733],[-121.89116,38.34702]]]},"properties":{}},{"type":"Feature","geometry":{"type":"Polygon","coordinates":[[[-121.92475,38.43452],[-121.9289,38.43393],[-121.92892,38.43508],[-121.92475,38.43452]]]},"properties":{}},{"type":"Feature","geometry":{"type":"Polygon","coordinates":[[[-121.94647,38.48909],[-121.94369,38.48866],[-121.94706,38.48685],[-121.94789,38.49003],[-121.94647,38.48909]]]},"properties":{}},{"type":"Feature","geometry":{"type":"Polygon","coordinates":[[[-121.80165,38.38693],[-121.8027,38.38383],[-121.80445,38.38385],[-121.80444,38.38616],[-121.80165,38.38693]]]},"properties":{}},{"type":"Feature","geometry":{"type":"Polygon","coordinates":[[[-121.76149,38.45835],[-121.76142,38.45633],[-121.7626,38.4563],[-121.76265,38.45976],[-121.76149,38.45835]]]},"properties":{}},{"type":"Feature","geometry":{"type":"Polygon","coordinates":[[[-121.76265,38.45616],[-121.76145,38.45615],[-121.76155,38.45259],[-121.76266,38.45261],[-121.76265,38.45616]]]},"properties":{}},{"type":"Feature","geometry":{"type":"Polygon","coordinates":[[[-122.03604,38.39226],[-122.03128,38.39229],[-122.03117,38.39092],[-122.03595,38.391],[-122.03604,38.39226]]]},"properties":{}},{"type":"Feature","geometry":{"type":"Polygon","coordinates":[[[-121.82158,38.33771],[-121.81888,38.33665],[-121.82305,38.33673],[-121.82158,38.33771]]]},"properties":{}},{"type":"Feature","geometry":{"type":"Polygon","coordinates":[[[-122.01209,38.38037],[-122.01205,38.38335],[-122.00891,38.38308],[-122.00709,38.38259],[-122.00624,38.37963],[-122.01209,38.38037]]]},"properties":{}},{"type":"Feature","geometry":{"type":"Polygon","coordinates":[[[-122.02948,38.39007],[-122.02699,38.39006],[-122.02703,38.38826],[-122.02948,38.39007]]]},"properties":{}},{"type":"Feature","geometry":{"type":"Polygon","coordinates":[[[-122.03032,38.39068],[-122.02871,38.38822],[-122.03364,38.38822],[-122.03603,38.3902],[-122.03032,38.39068]]]},"properties":{}},{"type":"Feature","geometry":{"type":"Polygon","coordinates":[[[-121.8856,38.38561],[-121.88727,38.38777],[-121.88293,38.3878],[-121.8835,38.38493],[-121.8856,38.38561]]]},"properties":{}},{"type":"Feature","geometry":{"type":"Polygon","coordinates":[[[-121.92997,38.38419],[-121.93002,38.38559],[-121.92854,38.38561],[-121.9285,38.38424],[-121.92997,38.38419]]]},"properties":{}},{"type":"Feature","geometry":{"type":"Polygon","coordinates":[[[-121.90145,38.32257],[-121.89737,38.32255],[-121.8974,38.31691],[-121.90156,38.31698],[-121.90145,38.32257]]]},"properties":{}},{"type":"Feature","geometry":{"type":"Polygon","coordinates":[[[-121.92848,38.35258],[-121.92455,38.35284],[-121.9239,38.3514],[-121.92843,38.35145],[-121.92848,38.35258]]]},"properties":{}},{"type":"Feature","geometry":{"type":"Polygon","coordinates":[[[-122.02415,38.38799],[-122.02025,38.38719],[-122.01876,38.38389],[-122.02419,38.38416],[-122.02415,38.38799]]]},"properties":{}},{"type":"Feature","geometry":{"type":"Polygon","coordinates":[[[-122.02773,38.38512],[-122.03178,38.38472],[-122.03313,38.38635],[-122.02772,38.38637],[-122.02773,38.38512]]]},"properties":{}},{"type":"Feature","geometry":{"type":"Polygon","coordinates":[[[-121.89237,38.33341],[-121.89241,38.33167],[-121.89663,38.33167],[-121.89509,38.33341],[-121.89237,38.33341]]]},"properties":{}},{"type":"Feature","geometry":{"type":"Polygon","coordinates":[[[-121.73093,38.53126],[-121.72938,38.53543],[-121.72976,38.53225],[-121.7276,38.53233],[-121.72755,38.53102],[-121.73093,38.53126]]]},"properties":{}},{"type":"Feature","geometry":{"type":"Polygon","coordinates":[[[-121.83895,38.43667],[-121.83905,38.43478],[-121.83657,38.43415],[-121.84109,38.43388],[-121.83996,38.43524],[-121.84106,38.43669],[-121.83895,38.43667]]]},"properties":{}},{"type":"Feature","geometry":{"type":"Polygon","coordinates":[[[-121.90584,38.37325],[-121.90153,38.37323],[-121.90149,38.3706],[-121.90594,38.3706],[-121.90356,38.37163],[-121.90582,38.37167],[-121.90584,38.37325]]]},"properties":{}},{"type":"Feature","geometry":{"type":"Polygon","coordinates":[[[-121.99641,38.37624],[-121.99451,38.37191],[-121.99739,38.37423],[-121.99779,38.37612],[-121.99641,38.37624]]]},"properties":{}},{"type":"Feature","geometry":{"type":"Polygon","coordinates":[[[-121.99816,38.37388],[-121.99744,38.37275],[-121.99986,38.37273],[-121.99967,38.37627],[-121.99816,38.37388]]]},"properties":{}},{"type":"Feature","geometry":{"type":"Polygon","coordinates":[[[-122.02872,38.35256],[-122.02872,38.3542],[-122.02723,38.35413],[-122.02872,38.35256]]]},"properties":{}},{"type":"Feature","geometry":{"type":"Polygon","coordinates":[[[-121.60239,38.25834],[-121.6027,38.26145],[-121.60092,38.25771],[-121.60239,38.25834]]]},"properties":{}},{"type":"Feature","geometry":{"type":"Polygon","coordinates":[[[-121.60245,38.26435],[-121.60277,38.26149],[-121.6035,38.26481],[-121.60245,38.26435]]]},"properties":{}},{"type":"Feature","geometry":{"type":"Polygon","coordinates":[[[-121.71706,38.47752],[-121.71707,38.47597],[-121.72017,38.47588],[-121.72169,38.47768],[-121.71706,38.47752]]]},"properties":{}},{"type":"Feature","geometry":{"type":"Polygon","coordinates":[[[-121.85717,38.44943],[-121.85802,38.45022],[-121.85496,38.45019],[-121.85717,38.44943]]]},"properties":{}},{"type":"Feature","geometry":{"type":"Polygon","coordinates":[[[-121.92582,38.43322],[-121.92476,38.43275],[-121.92896,38.43277],[-121.92896,38.4339],[-121.92582,38.43322]]]},"properties":{}},{"type":"Feature","geometry":{"type":"Polygon","coordinates":[[[-121.87931,38.45908],[-121.8779,38.46027],[-121.8779,38.45805],[-121.88152,38.45809],[-121.88149,38.46037],[-121.87931,38.45908]]]},"properties":{}},{"type":"Feature","geometry":{"type":"Polygon","coordinates":[[[-121.92829,38.49433],[-121.92631,38.49514],[-121.92631,38.49181],[-121.92867,38.49184],[-121.92829,38.49433]]]},"properties":{}},{"type":"Feature","geometry":{"type":"Polygon","coordinates":[[[-121.86048,38.53346],[-121.85435,38.53342],[-121.85469,38.53052],[-121.86051,38.53051],[-121.86048,38.53346]]]},"properties":{}},{"type":"Feature","geometry":{"type":"Polygon","coordinates":[[[-121.93742,38.49599],[-121.93553,38.49223],[-121.93805,38.49334],[-121.93742,38.49599]]]},"properties":{}},{"type":"Feature","geometry":{"type":"Polygon","coordinates":[[[-121.93331,38.30851],[-121.92685,38.30826],[-121.92586,38.3043],[-121.93367,38.30491],[-121.93331,38.30851]]]},"properties":{}},{"type":"Feature","geometry":{"type":"Polygon","coordinates":[[[-121.76916,38.49057],[-121.7705,38.48856],[-121.77366,38.48889],[-121.77365,38.49065],[-121.76916,38.49057]]]},"properties":{}},{"type":"Feature","geometry":{"type":"Polygon","coordinates":[[[-121.76916,38.49062],[-121.77354,38.49078],[-121.77359,38.49192],[-121.76922,38.49272],[-121.76916,38.49062]]]},"properties":{}},{"type":"Feature","geometry":{"type":"Polygon","coordinates":[[[-122.03349,38.39377],[-122.03351,38.39244],[-122.03739,38.39336],[-122.03349,38.39377]]]},"properties":{}},{"type":"Feature","geometry":{"type":"Polygon","coordinates":[[[-121.89237,38.32973],[-121.89313,38.3261],[-121.89689,38.32611],[-121.8948,38.32763],[-121.89538,38.32976],[-121.89237,38.32973]]]},"properties":{}},{"type":"Feature","geometry":{"type":"Polygon","coordinates":[[[-121.9569,38.50816],[-121.95385,38.5097],[-121.95247,38.5059],[-121.95413,38.5052],[-121.9569,38.50816]]]},"properties":{}},{"type":"Feature","geometry":{"type":"Polygon","coordinates":[[[-121.88317,38.46036],[-121.88477,38.45835],[-121.88216,38.4581],[-121.8822,38.45698],[-121.88675,38.457],[-121.88673,38.46033],[-121.88317,38.46036]]]},"properties":{}},{"type":"Feature","geometry":{"type":"Polygon","coordinates":[[[-121.81841,38.36564],[-121.81842,38.36224],[-121.81978,38.36226],[-121.81989,38.36554],[-121.81841,38.36564]]]},"properties":{}},{"type":"Feature","geometry":{"type":"Polygon","coordinates":[[[-121.71123,38.47133],[-121.71117,38.47397],[-121.71101,38.47217],[-121.70954,38.47275],[-121.71049,38.47393],[-121.70873,38.47392],[-121.70879,38.47132],[-121.71123,38.47133]]]},"properties":{}},{"type":"Feature","geometry":{"type":"Polygon","coordinates":[[[-121.92685,38.47445],[-121.9271,38.48471],[-121.92409,38.48464],[-121.92381,38.47441],[-121.92685,38.47445]]]},"properties":{}},{"type":"Feature","geometry":{"type":"Polygon","coordinates":[[[-121.98463,38.49819],[-121.98375,38.49667],[-121.98758,38.49568],[-121.98856,38.4972],[-121.98463,38.49819]]]},"properties":{}},{"type":"Feature","geometry":{"type":"Polygon","coordinates":[[[-121.97597,38.48565],[-121.98013,38.48547],[-121.97369,38.48779],[-121.9751,38.49053],[-121.97331,38.49109],[-121.97114,38.48726],[-121.97597,38.48565]]]},"properties":{}},{"type":"Feature","geometry":{"type":"Polygon","coordinates":[[[-121.64534,38.29872],[-121.64604,38.29381],[-121.64607,38.30062],[-121.64534,38.29872]]]},"properties":{}},{"type":"Feature","geometry":{"type":"Polygon","coordinates":[[[-121.88941,38.43227],[-121.8894,38.43501],[-121.88737,38.43502],[-121.88734,38.43196],[-121.88941,38.43227]]]},"properties":{}},{"type":"Feature","geometry":{"type":"Polygon","coordinates":[[[-121.75221,38.42433],[-121.75203,38.42755],[-121.74922,38.42814],[-121.74916,38.42347],[-121.75221,38.42433]]]},"properties":{}},{"type":"Feature","geometry":{"type":"Polygon","coordinates":[[[-121.7672,38.46011],[-121.7672,38.46284],[-121.7639,38.46281],[-121.76387,38.45989],[-121.7672,38.46011]]]},"properties":{}},{"type":"Feature","geometry":{"type":"Polygon","coordinates":[[[-121.82787,38.37306],[-121.82789,38.36591],[-121.8321,38.36595],[-121.83204,38.373],[-121.82787,38.37306]]]},"properties":{}},{"type":"Feature","geometry":{"type":"Polygon","coordinates":[[[-121.97592,38.48501],[-121.97111,38.4872],[-121.96981,38.48479],[-121.97459,38.48311],[-121.97592,38.48501]]]},"properties":{}},{"type":"Feature","geometry":{"type":"Polygon","coordinates":[[[-121.91922,38.52401],[-121.92121,38.52336],[-121.92186,38.52452],[-121.91987,38.52518],[-121.91922,38.52401]]]},"properties":{}},{"type":"Feature","geometry":{"type":"Polygon","coordinates":[[[-121.82814,38.52801],[-121.82387,38.52835],[-121.82184,38.52672],[-121.82813,38.52677],[-121.82814,38.52801]]]},"properties":{}},{"type":"Feature","geometry":{"type":"Polygon","coordinates":[[[-121.86925,38.35731],[-121.87162,38.35697],[-121.87162,38.35849],[-121.86925,38.35731]]]},"properties":{}},{"type":"Feature","geometry":{"type":"Polygon","coordinates":[[[-121.87326,38.35166],[-121.87322,38.35435],[-121.86932,38.35424],[-121.86937,38.3516],[-121.87326,38.35166]]]},"properties":{}},{"type":"Feature","geometry":{"type":"Polygon","coordinates":[[[-121.93029,38.35149],[-121.93025,38.3529],[-121.92857,38.35281],[-121.92858,38.35145],[-121.93029,38.35149]]]},"properties":{}},{"type":"Feature","geometry":{"type":"Polygon","coordinates":[[[-121.89654,38.44868],[-121.8965,38.44601],[-121.90095,38.44602],[-121.90104,38.44873],[-121.89654,38.44868]]]},"properties":{}},{"type":"Feature","geometry":{"type":"Polygon","coordinates":[[[-121.7427,38.50996],[-121.74262,38.51402],[-121.74125,38.51401],[-121.74129,38.51008],[-121.7427,38.50996]]]},"properties":{}},{"type":"Feature","geometry":{"type":"Polygon","coordinates":[[[-121.74273,38.50674],[-121.7427,38.50982],[-121.74152,38.50979],[-121.74143,38.50713],[-121.74273,38.50674]]]},"properties":{}},{"type":"Feature","geometry":{"type":"Polygon","coordinates":[[[-121.74277,38.50385],[-121.74272,38.50646],[-121.74144,38.50666],[-121.74277,38.50385]]]},"properties":{}},{"type":"Feature","geometry":{"type":"Polygon","coordinates":[[[-121.92944,38.39069],[-121.92805,38.39206],[-121.92796,38.39053],[-121.92944,38.39069]]]},"properties":{}},{"type":"Feature","geometry":{"type":"Polygon","coordinates":[[[-121.90109,38.35643],[-121.90111,38.35182],[-121.90514,38.35204],[-121.90349,38.35644],[-121.90109,38.35643]]]},"properties":{}},{"type":"Feature","geometry":{"type":"Polygon","coordinates":[[[-121.93534,38.50591],[-121.93411,38.50507],[-121.93617,38.50438],[-121.93703,38.50597],[-121.93534,38.50591]]]},"properties":{}},{"type":"Feature","geometry":{"type":"Polygon","coordinates":[[[-121.7759,38.52953],[-121.77514,38.52815],[-121.77688,38.52819],[-121.7759,38.52953]]]},"properties":{}},{"type":"Feature","geometry":{"type":"Polygon","coordinates":[[[-121.89712,38.35641],[-121.90349,38.35644],[-121.90133,38.35868],[-121.89718,38.35865],[-121.89712,38.35641]]]},"properties":{}},{"type":"Feature","geometry":{"type":"Polygon","coordinates":[[[-121.74938,38.38707],[-121.75031,38.37603],[-121.75549,38.37961],[-121.75156,38.37921],[-121.7532,38.38242],[-121.75507,38.38289],[-121.75296,38.38582],[-121.75555,38.38705],[-121.74938,38.38707]]]},"properties":{}},{"type":"Feature","geometry":{"type":"Polygon","coordinates":[[[-121.75882,38.38212],[-121.75868,38.38323],[-121.75584,38.37963],[-121.75882,38.38212]]]},"properties":{}},{"type":"Feature","geometry":{"type":"Polygon","coordinates":[[[-121.76754,38.38043],[-121.76758,38.38714],[-121.75958,38.38696],[-121.76013,38.38483],[-121.76041,38.38688],[-121.76206,38.38558],[-121.76011,38.38287],[-121.76084,38.38177],[-121.76338,38.38009],[-121.76754,38.38043]]]},"properties":{}},{"type":"Feature","geometry":{"type":"Polygon","coordinates":[[[-121.75921,38.38714],[-121.75562,38.38606],[-121.75811,38.38436],[-121.75921,38.38714]]]},"properties":{}},{"type":"Feature","geometry":{"type":"Polygon","coordinates":[[[-121.84748,38.42345],[-121.8457,38.42306],[-121.8474,38.42109],[-121.84748,38.42345]]]},"properties":{}},{"type":"Feature","geometry":{"type":"Polygon","coordinates":[[[-121.74811,38.50487],[-121.74814,38.50355],[-121.75036,38.50391],[-121.74811,38.50487]]]},"properties":{}},{"type":"Feature","geometry":{"type":"Polygon","coordinates":[[[-121.987,38.41084],[-121.98701,38.40719],[-121.98853,38.40667],[-121.98941,38.41052],[-121.987,38.41084]]]},"properties":{}},{"type":"Feature","geometry":{"type":"Polygon","coordinates":[[[-121.86644,38.32162],[-121.8603,38.32157],[-121.86024,38.31919],[-121.86735,38.31918],[-121.86644,38.32162]]]},"properties":{}},{"type":"Feature","geometry":{"type":"Polygon","coordinates":[[[-121.89101,38.34967],[-121.89098,38.35131],[-121.88991,38.35098],[-121.89101,38.34967]]]},"properties":{}},{"type":"Feature","geometry":{"type":"Polygon","coordinates":[[[-122.02168,38.38318],[-122.01887,38.38385],[-122.01883,38.38226],[-122.02168,38.38318]]]},"properties":{}},{"type":"Feature","geometry":{"type":"Polygon","coordinates":[[[-121.85567,38.35285],[-121.85567,38.35147],[-121.85986,38.3516],[-121.85974,38.35279],[-121.85567,38.35285]]]},"properties":{}},{"type":"Feature","geometry":{"type":"Polygon","coordinates":[[[-121.83774,38.43197],[-121.83977,38.43134],[-121.84086,38.43261],[-121.83774,38.43197]]]},"properties":{}},{"type":"Feature","geometry":{"type":"Polygon","coordinates":[[[-121.804,38.47908],[-121.80402,38.47689],[-121.80681,38.47696],[-121.80671,38.48174],[-121.80398,38.4817],[-121.804,38.47908]]]},"properties":{}},{"type":"Feature","geometry":{"type":"Polygon","coordinates":[[[-121.86713,38.50425],[-121.86718,38.49999],[-121.87062,38.50007],[-121.87059,38.50827],[-121.86838,38.50823],[-121.86713,38.50425]]]},"properties":{}},{"type":"Feature","geometry":{"type":"Polygon","coordinates":[[[-121.97591,38.43007],[-121.97767,38.4303],[-121.97639,38.43171],[-121.97591,38.43007]]]},"properties":{}},{"type":"Feature","geometry":{"type":"Polygon","coordinates":[[[-121.76782,38.36756],[-121.76841,38.36564],[-121.77128,38.36563],[-121.77291,38.36805],[-121.77225,38.37244],[-121.76784,38.37268],[-121.76782,38.36756]]]},"properties":{}},{"type":"Feature","geometry":{"type":"Polygon","coordinates":[[[-121.77104,38.37997],[-121.76947,38.37595],[-121.76788,38.37568],[-121.76793,38.3731],[-121.76973,38.3723],[-121.77255,38.37304],[-121.77052,38.37497],[-121.77544,38.37728],[-121.77518,38.38004],[-121.77104,38.37997]]]},"properties":{}},{"type":"Feature","geometry":{"type":"Polygon","coordinates":[[[-122.01746,38.37909],[-122.01376,38.38002],[-122.01362,38.37807],[-122.01762,38.37806],[-122.01746,38.37909]]]},"properties":{}},{"type":"Feature","geometry":{"type":"Polygon","coordinates":[[[-121.89684,38.41534],[-121.89673,38.41076],[-121.902,38.4103],[-121.90259,38.41152],[-121.89684,38.41534]]]},"properties":{}},{"type":"Feature","geometry":{"type":"Polygon","coordinates":[[[-121.61228,38.30089],[-121.61052,38.2995],[-121.62147,38.29949],[-121.62147,38.3009],[-121.61228,38.30089]]]},"properties":{}},{"type":"Feature","geometry":{"type":"Polygon","coordinates":[[[-121.92233,38.5147],[-121.9242,38.51275],[-121.92733,38.51873],[-121.92357,38.51971],[-121.92077,38.51783],[-121.92233,38.5147]]]},"properties":{}},{"type":"Feature","geometry":{"type":"Polygon","coordinates":[[[-121.80097,38.50673],[-121.80092,38.50418],[-121.80343,38.50429],[-121.80334,38.50669],[-121.80097,38.50673]]]},"properties":{}},{"type":"Feature","geometry":{"type":"Polygon","coordinates":[[[-121.79196,38.50391],[-121.79202,38.50662],[-121.79073,38.50657],[-121.79065,38.50391],[-121.79196,38.50391]]]},"properties":{}},{"type":"Feature","geometry":{"type":"Polygon","coordinates":[[[-121.94575,38.49619],[-121.94852,38.49368],[-121.94802,38.49634],[-121.94575,38.49619]]]},"properties":{}},{"type":"Feature","geometry":{"type":"Polygon","coordinates":[[[-121.98812,38.48569],[-121.9899,38.48766],[-121.98751,38.48873],[-121.98599,38.48607],[-121.98812,38.48569]]]},"properties":{}},{"type":"Feature","geometry":{"type":"Polygon","coordinates":[[[-122.02946,38.38392],[-122.02946,38.38507],[-122.02778,38.38473],[-122.02946,38.38392]]]},"properties":{}},{"type":"Feature","geometry":{"type":"Polygon","coordinates":[[[-121.77096,38.3801],[-121.76787,38.38004],[-121.76789,38.37723],[-121.76968,38.37714],[-121.77096,38.3801]]]},"properties":{}},{"type":"Feature","geometry":{"type":"Polygon","coordinates":[[[-121.902,38.4103],[-121.89673,38.41076],[-121.89676,38.40254],[-121.90358,38.40275],[-121.902,38.4103]]]},"properties":{}},{"type":"Feature","geometry":{"type":"Polygon","coordinates":[[[-121.46939,38.25211],[-121.46605,38.25165],[-121.46951,38.25082],[-121.46939,38.25211]]]},"properties":{}},{"type":"Feature","geometry":{"type":"Polygon","coordinates":[[[-121.47542,38.25699],[-121.47241,38.25675],[-121.47191,38.25313],[-121.47652,38.25318],[-121.47542,38.25699]]]},"properties":{}},{"type":"Feature","geometry":{"type":"Polygon","coordinates":[[[-121.47629,38.25299],[-121.46978,38.25305],[-121.46971,38.2516],[-121.47729,38.25123],[-121.47894,38.25283],[-121.47629,38.25299]]]},"properties":{}},{"type":"Feature","geometry":{"type":"Polygon","coordinates":[[[-121.46981,38.25085],[-121.46719,38.25066],[-121.46713,38.24912],[-121.47691,38.24899],[-121.47746,38.25079],[-121.46981,38.25085]]]},"properties":{}},{"type":"Feature","geometry":{"type":"Polygon","coordinates":[[[-121.47654,38.25307],[-121.47894,38.25322],[-121.4766,38.25501],[-121.47654,38.25307]]]},"properties":{}},{"type":"Feature","geometry":{"type":"Polygon","coordinates":[[[-121.46947,38.25715],[-121.46959,38.25871],[-121.46513,38.25884],[-121.46552,38.25556],[-121.46912,38.2554],[-121.46947,38.25715]]]},"properties":{}},{"type":"Feature","geometry":{"type":"Polygon","coordinates":[[[-121.46915,38.2553],[-121.46538,38.25546],[-121.4658,38.2519],[-121.46954,38.25228],[-121.46915,38.2553]]]},"properties":{}},{"type":"Feature","geometry":{"type":"Polygon","coordinates":[[[-121.96584,38.49178],[-121.96709,38.49399],[-121.96271,38.49367],[-121.96584,38.49178]]]},"properties":{}},{"type":"Feature","geometry":{"type":"Polygon","coordinates":[[[-121.96501,38.49033],[-121.96309,38.49144],[-121.96394,38.48844],[-121.96501,38.49033]]]},"properties":{}}]}